old_id,new_classification,row_id
5,4,158498
15,4,7666
72,0,172961
78,3,128495
86,1,94702
88,1,94704
187,1,158124
202,4,4555
217,1,8310
219,1,8312
220,1,8313
222,1,8314
223,1,8316
232,1,105689
233,1,105690
234,1,105691
235,1,105692
251,1,178038
291,0,21515
322,0,69316
323,0,69317
324,0,69318
325,0,69319
326,0,69320
327,0,69321
328,0,69322
329,0,69323
330,0,69324
331,0,69325
332,0,69326
333,0,69327
334,0,69328
335,0,69329
336,0,69330
337,0,69331
338,0,69332
339,0,69333
340,0,69334
341,0,69335
342,0,69336
343,0,69337
344,0,69338
345,0,69339
346,0,69340
347,0,69341
348,0,69342
349,0,69343
350,0,69344
351,0,69345
352,0,69346
353,0,69347
354,0,69348
355,0,69349
356,0,69350
357,0,69351
358,0,69352
359,0,69353
391,0,34823
392,0,72759
393,0,72760
394,0,72761
395,0,72762
396,0,72763
397,0,72764
398,0,72765
399,0,72766
400,0,72767
401,0,72768
402,0,72769
403,0,72770
404,0,72771
405,0,72772
406,0,72773
407,0,72774
408,0,72775
409,0,72776
410,0,72777
411,0,72778
412,0,72779
413,0,72780
414,0,72781
415,0,72782
416,0,72783
417,0,72784
418,0,72785
419,0,72786
420,0,72787
421,0,72788
422,0,72789
423,0,72790
424,0,72791
425,0,72792
426,0,72793
427,0,72794
428,0,72795
429,0,72796
430,0,72797
431,4,72798
432,0,72799
433,0,72800
434,0,72801
435,0,72802
436,0,72803
451,4,29147
452,4,29148
485,2,14907
486,2,14908
487,2,14909
488,2,14910
489,2,14911
490,2,14912
491,2,14913
492,2,14914
493,2,14915
494,2,14916
495,2,14917
496,2,14918
497,2,14919
498,2,14920
518,0,4925
519,2,4926
525,0,4932
529,0,4936
530,0,4937
531,0,4938
532,4,4939
533,4,4940
534,4,4941
535,4,4942
536,4,4943
537,0,4944
538,0,4945
539,0,4946
540,4,4947
541,4,4948
542,4,4949
543,4,4950
544,4,4951
545,4,4952
546,0,4953
547,0,4954
548,0,4955
549,0,4956
550,0,4957
551,0,4958
552,0,4959
553,4,56461
554,4,56462
555,4,56463
558,4,56466
559,4,56467
561,4,56469
563,4,56471
564,4,56472
568,0,79927
569,0,79928
570,0,79929
571,0,79930
572,0,79931
573,0,79932
665,2,114519
666,0,114520
667,0,114521
668,0,114522
669,0,114523
670,0,114524
671,0,114525
672,0,114526
673,0,114527
678,0,22941
690,0,22953
697,0,22960
698,0,22961
699,0,22962
700,0,22963
701,0,22964
702,0,22965
703,0,22966
704,0,22967
705,0,22968
744,2,86847
745,2,86848
746,2,86849
747,2,86850
756,0,86859
771,4,185185
872,0,32511
873,4,32512
895,0,146766
896,0,146767
910,0,172031
911,0,172032
940,4,156946
941,4,156947
942,4,156948
951,4,51549
952,0,132860
953,0,132861
954,4,132862
955,4,132863
957,4,132865
980,0,58989
984,4,10740
992,1,112671
993,1,112672
995,1,58953
1019,0,177347
1074,0,84379
1075,0,84380
1076,0,84381
1077,0,84382
1078,0,84383
1079,0,84384
1080,0,84385
1081,0,84386
1082,0,84387
1083,0,84388
1084,0,84389
1085,0,84390
1086,0,84391
1087,0,84392
1088,0,84393
1089,0,84394
1090,0,84395
1091,2,84396
1137,0,122398
1138,0,122399
1139,0,122400
1140,0,122401
1141,0,122402
1142,0,122403
1143,0,122404
1144,0,122405
1145,0,122406
1146,0,122407
1147,0,122408
1148,0,122409
1149,2,9350
1150,4,9351
1151,4,9352
1175,4,110651
1190,4,141633
1230,1,162164
1231,1,162165
1254,0,7736
1305,0,176875
1306,0,176876
1307,0,176877
1308,0,176878
1309,0,176879
1310,0,176880
1311,0,176881
1312,0,176882
1313,0,176883
1314,0,176884
1315,0,176885
1316,0,176886
1317,0,176887
1318,0,176888
1319,0,176889
1320,0,176890
1321,0,176891
1322,0,176892
1323,0,176893
1325,0,176895
1332,4,180212
1356,1,95169
1357,2,95170
1358,1,95171
1359,1,95172
1360,1,95173
1372,4,5747
1386,0,185718
1433,4,19551
1472,0,10827
1473,0,10828
1476,0,104947
1477,0,104948
1478,0,104949
1479,0,104950
1483,0,104954
1489,4,105010
1507,0,97296
1508,0,97297
1541,1,104031
1542,1,104032
1553,4,142599
1554,4,142600
1555,4,142601
1556,4,142602
1557,4,142603
1558,4,142604
1559,4,142605
1560,4,142606
1561,4,142607
1562,4,142608
1593,0,88122
1596,0,21234
1597,0,21235
1598,0,21236
1599,0,21237
1600,0,21238
1601,0,21239
1633,4,19152
1655,4,152407
1707,0,54818
1711,4,54822
1741,0,44209
1742,0,44210
1743,0,44211
1761,0,42105
1762,0,42106
1763,0,42107
1764,0,42108
1766,0,42109
1767,0,42111
1768,0,42112
1769,0,42113
1770,0,42114
1771,0,42115
1772,0,42116
1773,0,42117
1774,0,42118
1775,0,42119
1776,0,42120
1777,0,42121
1778,0,42122
1779,0,42123
1780,0,42124
1781,0,42125
1782,0,42126
1783,0,42127
1784,0,42128
1785,0,42129
1786,0,42130
1787,0,42131
1788,0,42132
1789,0,42133
1790,0,42134
1791,0,42135
1792,0,42136
1793,0,42137
1794,0,42138
1795,0,42139
1796,0,42140
1797,0,42141
1798,0,42142
1799,0,42143
1800,0,42144
1802,4,104753
1840,0,73766
1889,0,60911
1905,0,140991
1906,0,140992
1908,0,140994
1909,0,140995
1910,0,140996
1911,0,140997
1912,0,140998
1940,1,37767
1941,1,37768
1942,1,37769
1943,1,37770
1944,1,37771
1961,2,37788
1962,2,37789
1963,2,37790
1964,2,37791
1965,2,37792
1966,2,37793
1967,2,37794
1972,0,37799
1973,0,37800
1974,0,37801
1975,0,37802
1976,0,37803
1977,0,37804
1979,0,37806
1980,0,37807
1981,0,37808
1982,0,37809
1983,0,37810
1984,0,37811
1985,2,37812
1994,2,19960
2017,0,172216
2018,2,172217
2030,4,134218
2032,0,34852
2066,5,59891
2067,5,59892
2068,5,59893
2121,0,133111
2130,4,44557
2162,5,185538
2207,1,42533
2208,1,42534
2209,1,42535
2210,1,42536
2211,1,42537
2949,0,177556
2950,0,177557
2965,4,122769
2980,4,122001
2991,4,82363
2994,4,82366
2995,4,82367
3012,0,100587
3020,0,23319
3083,2,184160
3133,1,176333
3172,0,129312
3181,4,98937
3196,0,151074
3198,0,151076
3199,0,151077
3200,0,151078
3205,0,151083
3212,0,151090
3216,1,148381
3223,0,15018
3227,4,78678
3229,4,78680
3259,0,39939
3260,0,39940
3261,0,39941
3262,0,39942
3263,0,39943
3264,0,39944
3265,0,39945
3266,0,39946
3267,0,39947
3268,0,39948
3277,0,121177
3278,0,121178
3324,0,133749
3325,0,133750
3327,0,133752
3328,0,133753
3355,4,57946
3378,4,131924
3417,5,86143
3420,1,175898
3424,1,101385
3428,4,181745
3441,1,2727
3444,4,79844
3510,5,117990
3516,1,117996
3533,0,9567
3576,4,5113
3583,4,77955
3656,0,139015
3657,0,139016
3658,0,139017
3659,0,139018
3660,0,139019
3661,0,139020
3662,0,139021
3663,0,139022
3664,0,139023
3665,0,139024
3666,0,139025
3667,0,139026
3668,0,139027
3669,0,139028
3670,0,139029
3671,0,139030
3673,0,139032
3676,0,87774
3677,1,87775
3681,4,70069
3690,2,178519
3754,0,159686
3761,4,50
3832,2,107666
3876,1,58880
3877,1,58881
3878,1,58882
3897,0,64570
3907,1,82326
3908,1,82327
3936,1,110142
3948,2,39972
3955,4,115729
3960,4,126907
3961,4,126908
3988,4,155323
4007,4,31332
4009,0,10831
4011,0,10833
4048,0,98694
4049,0,98695
4050,0,98696
4051,0,98697
4052,0,98698
4053,0,98699
4054,0,98700
4055,0,98701
4056,0,98702
2212,1,42538
2213,1,42539
2214,1,42540
2215,1,42541
2216,1,42542
2217,1,42543
2218,1,42544
2219,1,42545
2244,1,89600
2274,4,117828
2275,0,183748
2280,4,105706
2281,4,105707
2283,4,105709
2284,4,105710
2311,1,144158
2327,1,144174
2336,4,47197
2338,4,1294
2340,4,65631
2344,4,178650
2345,4,178651
2352,0,101916
2359,0,153515
2360,0,153516
2361,4,153517
2362,4,153518
2363,4,153519
2468,0,51291
2517,0,80914
2519,0,80916
2584,4,168213
2585,4,168214
2586,4,168215
2588,0,1029
2589,0,1030
2593,2,90056
2595,2,90058
2596,0,90059
2633,2,129182
2651,0,144618
2681,1,40363
2682,1,40364
2683,1,40365
2722,4,158696
2723,4,158697
2724,1,158698
2780,4,111686
2787,4,23423
2793,4,107570
2802,4,47117
2812,1,118001
2818,0,180759
2821,4,99340
2853,4,80862
2854,0,16480
2879,0,175649
2880,0,175650
2887,0,175657
2888,0,175658
2889,0,175659
2890,0,175660
2891,0,175661
2892,0,175662
2893,0,175663
2894,0,175664
2895,0,175665
2896,0,175666
2897,0,175667
2898,0,175668
2899,0,175669
2900,0,175670
2901,0,175671
2902,0,175672
2903,0,175673
2904,0,175674
2925,2,177532
2926,2,177533
2927,1,177534
2928,1,177535
2929,1,177536
2930,1,177537
2931,2,177538
2932,2,177539
2933,2,177540
2934,2,177541
2935,2,177542
2936,2,177543
2937,2,177544
2938,2,177545
2939,2,177546
2940,2,177547
2941,0,177548
2942,0,177549
2943,0,177550
2944,0,177551
2945,0,177552
2946,0,177553
2947,0,177554
2948,1,177555
4057,0,98703
4058,0,98704
4059,0,98705
4060,0,98706
4061,0,98707
4062,0,98708
4063,0,98709
4064,0,98710
4065,0,98711
4074,4,152133
4077,4,152136
4128,0,127700
4129,0,127701
4130,0,127702
4131,2,127703
4132,0,127704
4133,0,127705
4134,0,127706
4135,0,127707
4138,1,125989
4142,0,113657
4146,0,165742
4147,0,165743
4148,0,165744
4149,0,165745
4155,0,62516
4156,0,62517
4157,0,62518
4173,4,103894
4192,0,83102
4196,1,44147
4271,1,50799
4273,1,50801
4274,1,50802
4283,0,177142
4284,0,177143
4285,0,177144
4286,0,177145
4287,0,177146
4288,0,177147
4289,4,69079
4300,1,44739
4307,1,162245
4311,1,103447
4325,0,26772
4333,0,110781
4334,0,110782
4336,0,110784
4337,0,110785
4338,0,110786
4339,0,110787
4340,0,110788
4345,0,92830
4349,0,92834
4361,0,77054
4362,0,77055
4363,0,77056
4364,0,77057
4367,0,77060
4368,0,77061
4369,0,77062
4370,0,77063
4371,0,77064
4372,0,77065
4373,0,77066
4374,0,77067
4375,0,77068
4376,0,77069
4377,0,77070
4378,0,77071
4379,0,77072
4380,0,77073
4381,0,77074
4382,0,77075
4383,0,77076
4384,0,77077
4385,0,77078
4386,0,77079
4387,0,77080
4388,0,77081
4389,0,77082
4390,0,77083
4391,0,77084
4392,0,77085
4393,0,77086
4401,4,85598
4426,0,181285
4439,4,133298
4490,1,124125
4495,4,154055
4496,1,70615
4512,1,167492
4513,1,167493
4528,0,12536
4550,0,50405
4551,0,50406
4597,4,794
4610,4,146424
4644,0,184358
4645,1,184357
4690,0,134798
4691,0,134799
4692,0,134800
4693,0,134801
4694,0,134802
4695,0,134803
4696,0,134804
4697,0,134805
4698,1,134806
4699,1,134807
4700,1,134808
4716,2,134824
4717,2,134825
4718,2,134826
4719,2,134827
4720,2,134828
4721,0,134829
4722,0,134830
4723,0,134831
4724,0,134832
4757,1,78439
4764,0,109069
4775,1,135255
4783,1,180143
4784,1,180144
4785,0,180145
4787,0,180146
4788,0,180148
4790,0,180149
4791,1,180151
4792,1,180152
4811,2,88106
4812,0,88107
4813,0,88108
4814,0,88109
4815,4,88110
4817,4,88113
4818,4,88112
4825,4,38720
4897,0,132520
4905,4,109656
4908,1,12631
4922,4,64179
4923,4,64180
4945,0,33853
4946,0,33854
4947,0,33855
4949,0,33857
4951,0,33859
4963,0,178926
4964,0,178927
4975,4,52823
4977,4,52825
4987,0,39629
5021,2,173484
5049,1,2313
5093,1,64081
5109,4,169485
5123,2,169743
5184,1,61746
5185,0,61747
5235,0,32803
5251,1,64142
5267,0,112297
5284,0,17376
5292,0,17384
5333,4,32788
5340,1,179141
5398,0,95740
5399,0,95741
5400,0,95742
5401,0,95743
5482,4,158951
5543,4,127108
5550,0,117709
5554,0,176534
5556,0,176536
5560,0,176540
5585,0,151113
5605,0,75916
5648,0,26225
5649,0,26226
5650,0,26227
5651,0,26228
5665,0,26242
5832,0,160730
5853,1,120493
5862,0,65524
5863,0,65525
5887,2,47871
5936,0,102152
5937,1,157993
5938,1,157994
5942,4,152422
5956,4,106063
5958,4,106065
5971,0,84639
5972,0,84640
5973,0,84641
5996,2,42003
6528,4,170639
6529,4,170640
6543,0,182505
6544,0,182506
6545,0,182507
6546,0,182508
6547,0,182509
6557,1,45555
6579,0,45577
6580,0,45578
6581,0,45579
6582,0,45580
6583,0,45581
6584,0,45582
6585,0,45583
6586,0,45584
6587,0,45585
6588,0,45586
6589,0,45587
6590,0,45588
6591,0,45589
6596,0,102175
6617,4,157174
6623,1,69122
6624,1,69123
6625,1,69124
6626,1,69125
6627,1,69126
6628,1,69127
6673,0,105098
6674,0,105099
6675,0,105100
6688,4,97003
6693,4,182047
6720,4,13674
6748,0,10393
6749,0,10394
6750,0,10395
6751,0,10396
6752,0,10397
6753,0,10398
6754,1,10399
6755,1,10400
6756,1,10401
6757,1,10402
6761,0,3777
6766,1,98363
6772,4,121950
6774,4,53230
6806,1,58171
6813,4,11356
6845,1,61675
6880,0,74303
6881,0,74304
6882,0,74305
6883,0,74306
6884,0,74307
6885,0,74308
6886,0,74309
6887,0,74310
6888,0,74311
6889,0,74312
6890,0,74313
6891,0,74314
6892,0,74315
6893,0,74316
6894,0,74317
6895,0,74318
6896,0,74319
6897,0,74320
6898,0,74321
6899,0,74322
6900,0,74323
6901,0,74324
6902,0,74325
6903,0,74326
6904,0,74327
6905,2,74328
6906,2,74329
6907,2,74330
6908,2,74331
6909,2,74332
6910,2,74333
6911,2,74334
6912,2,74335
6913,2,74336
6914,2,74337
6915,2,74338
6916,0,74339
6917,0,74340
6918,0,74341
6919,0,74342
6920,0,74343
6921,0,74344
6922,0,74345
6923,0,74346
6924,0,74347
6925,0,74348
6926,0,74349
6927,0,74350
5997,2,42004
6000,0,42007
6001,0,42008
6002,0,42009
6003,0,42010
6004,0,42011
6005,0,42012
6006,0,42013
6007,0,42014
6015,0,15112
6030,4,143047
6043,4,99867
6052,1,115225
6054,0,115227
6055,2,115228
6067,2,137532
6068,0,137533
6069,0,137534
6088,0,137553
6089,0,137554
6090,0,137555
6091,0,137556
6092,0,137557
6093,0,137558
6094,0,137559
6095,0,137560
6096,0,137561
6097,0,137562
6098,0,137563
6100,0,137564
6101,0,137566
6102,0,137567
6103,0,137568
6104,0,137569
6106,0,137571
6107,0,137572
6108,0,137573
6109,0,137574
6110,0,137575
6111,0,137576
6112,0,137577
6113,0,137578
6114,0,137579
6115,0,137580
6116,0,137581
6117,0,137582
6118,0,137583
6119,0,137584
6120,0,137585
6128,4,46815
6134,0,152436
6139,1,172074
6180,0,68757
6191,4,81363
6192,4,81364
6204,2,145055
6210,0,183036
6211,0,183037
6212,0,183038
6213,0,183039
6214,0,183040
6215,0,183041
6216,0,183042
6217,0,183043
6218,0,183044
6219,0,183045
6220,0,183046
6221,0,183047
6222,0,183048
6223,0,183049
6224,0,183050
6225,0,183051
6226,0,183052
6227,0,183053
6228,0,183054
6229,0,183055
6230,0,183056
6280,0,143461
6289,1,174414
6300,0,107550
6301,0,107551
6302,0,107552
6303,0,107553
6304,0,107554
6325,0,132247
6348,1,178717
6355,1,81890
6397,4,73405
6399,2,73407
6400,2,73408
6406,4,122113
6408,4,122115
6459,4,75912
6460,4,75913
6464,1,13449
6492,1,49784
6493,1,134833
6497,0,182621
6514,2,87498
6515,2,87499
7624,2,124560
7625,2,124561
7626,2,124562
7627,2,124563
7628,0,124564
7629,0,124565
7630,0,124566
7631,0,124567
7632,0,124568
7633,0,124569
7634,0,124570
7635,0,124571
7637,1,124573
7638,1,124574
7644,2,127144
7689,2,31199
7690,4,31200
7701,0,72935
7711,0,113998
7712,0,113999
7725,4,29412
7726,4,29413
7729,0,122257
7730,0,122258
7731,0,122259
7733,0,122261
7735,5,124537
7739,1,51960
7769,0,82992
7784,0,83007
7785,0,83008
7786,0,83009
7787,0,83010
7788,0,83011
7789,0,83012
7790,0,83013
7791,0,83014
7792,0,83015
7793,0,83016
7794,0,83017
7795,0,83018
7796,0,83019
7797,0,83020
7798,0,83021
7803,4,23017
7806,4,23020
7810,2,184061
7823,2,1851
7828,1,55128
7829,1,55129
7860,4,48225
7861,4,48226
7862,4,48227
7863,0,48228
7864,0,48229
7865,0,48230
7866,0,48231
7867,0,48232
7868,0,48233
7875,0,64085
7876,0,64086
7877,0,64087
7878,0,64088
7879,0,64089
7880,0,64090
7881,0,64091
7885,1,177263
7886,1,177264
7887,1,177265
7888,1,177266
7963,1,92858
7964,1,92859
7966,1,92861
7967,1,92862
7978,4,25327
7999,1,84216
8008,4,69180
8023,2,137747
8024,0,50093
8029,1,108523
8033,1,108527
8051,1,71926
8052,1,71927
8053,1,71928
8061,1,71936
8066,1,71941
8068,1,72032
8077,1,42715
8086,4,79937
8087,4,79938
8088,1,79939
8104,2,107935
8105,2,107936
8106,0,107937
8107,0,107938
8108,0,107939
8109,0,107940
8110,0,107941
8111,0,107942
8112,0,107943
6928,0,74351
6929,0,74352
6930,0,74353
6931,0,74354
6932,0,74355
6933,0,74356
6934,0,74357
6948,0,81123
6971,0,128989
7010,0,94900
7011,0,94901
7026,0,68738
7052,0,121383
7053,0,121384
7054,0,121385
7055,0,121386
7056,0,121387
7057,0,121388
7058,0,121389
7059,0,121390
7060,0,121391
7061,0,121392
7062,0,121393
7063,0,121394
7064,0,121395
7065,0,121396
7066,1,121397
7067,1,121398
7075,0,121406
7076,0,121407
7077,0,121408
7078,0,121409
7079,0,121410
7080,0,121411
7081,0,121412
7082,0,121413
7083,0,121414
7084,0,121415
7085,0,121416
7086,0,121417
7087,2,121418
7088,2,121419
7089,2,121420
7102,4,110724
7131,0,62553
7133,4,123132
7150,0,5811
7151,0,5812
7152,0,5813
7153,0,5814
7154,0,5815
7155,0,5816
7156,0,5817
7157,0,5818
7158,0,5819
7159,0,5820
7162,0,5823
7163,0,5824
7164,0,5825
7203,4,115122
7232,4,121070
7273,0,32811
7274,0,32812
7275,0,32813
7276,4,132261
7291,0,170120
7397,0,38680
7407,1,155142
7408,0,155143
7409,0,155144
7411,0,155146
7415,4,158084
7416,4,158085
7439,4,12041
7440,4,12042
7471,4,96624
7492,0,151022
7508,4,175762
7509,0,138569
7529,1,29056
7537,4,104238
7538,0,104239
7539,0,104240
7540,0,104241
7541,0,104242
7542,0,104243
7543,0,104244
7544,4,104246
7545,0,104245
7563,0,57609
7564,0,57610
7608,4,127444
7613,1,124549
7614,1,124550
7618,2,124554
7619,2,124555
7620,2,124556
7621,2,124557
7622,2,124558
7623,2,124559
8456,0,54386
8457,0,54387
8458,0,157411
8459,0,157412
8464,0,105827
8465,0,105828
8466,0,105829
8468,0,105830
8469,0,105832
8470,1,105833
8471,0,105834
8472,0,105835
8473,0,105836
8474,0,105837
8475,0,105838
8476,0,105839
8477,0,105840
8478,0,105841
8479,0,105842
8480,0,105843
8481,0,105844
8482,0,105845
8496,4,110680
8512,0,180812
8513,0,180813
8514,0,180814
8515,0,180815
8516,0,180816
8517,0,180817
8518,0,180818
8519,1,180819
8529,0,180829
8530,0,180830
8531,0,180831
8532,0,180832
8533,0,180833
8534,0,180834
8535,0,180835
8536,0,180836
8537,0,180837
8538,0,180838
8539,0,180839
8540,0,180840
8541,0,180841
8548,2,32469
8558,0,176247
8559,0,176248
8560,0,176249
8561,0,176250
8562,0,176251
8563,0,176252
8564,0,176253
8565,0,176254
8566,0,176255
8567,0,176256
8568,0,176257
8569,0,176258
8570,0,176259
8571,0,176260
8572,0,176261
8573,0,176262
8574,0,176263
8575,0,176264
8576,0,176265
8577,0,176266
8578,0,176267
8579,0,176268
8580,0,176269
8581,0,176270
8582,0,176271
8583,0,176272
8584,0,176273
8585,0,176274
8586,0,176275
8587,0,176276
8588,0,176277
8589,0,176278
8590,0,176279
8591,0,176280
8592,0,176281
8593,0,176282
8594,0,176283
8595,0,176284
8596,0,176285
8597,0,176286
8598,0,176287
8599,0,176288
8600,0,176289
8628,1,166267
8629,1,166268
8630,1,166269
8668,1,67189
8669,1,67190
8686,0,156702
8687,0,156703
8688,0,156704
8689,0,156705
8692,0,156708
8693,0,156709
8694,0,156710
8113,0,107944
8114,0,107945
8115,0,107946
8116,0,107947
8117,0,107948
8118,0,107949
8148,0,86508
8149,0,86509
8150,0,86510
8151,0,86511
8152,0,86512
8153,0,86513
8154,2,86514
8155,1,86515
8156,1,86516
8164,0,72281
8193,4,35867
8231,2,139377
8232,2,139378
8233,2,139379
8234,2,139380
8235,2,139381
8236,2,139382
8237,2,139383
8238,0,139384
8239,0,139385
8240,0,139386
8241,0,139387
8242,0,139388
8243,0,139389
8244,0,139390
8245,0,139391
8246,0,139392
8247,0,139393
8248,0,139394
8249,0,139395
8250,0,139396
8254,0,161069
8270,2,148188
8271,4,148189
8272,0,148190
8273,0,148191
8274,0,148192
8279,1,171767
8298,0,153820
8299,0,153821
8300,0,153822
8301,0,153823
8302,0,153824
8303,0,153825
8304,0,153826
8305,0,153827
8306,0,153828
8307,0,153829
8308,0,153830
8309,0,153831
8310,0,153832
8311,0,153833
8312,0,153834
8344,0,64761
8345,0,64762
8346,0,64763
8347,0,64764
8348,0,64765
8349,0,64766
8350,0,64767
8363,0,64780
8364,0,64781
8365,0,64782
8366,0,64783
8367,0,64784
8368,0,64785
8369,0,64786
8370,0,64787
8371,0,64788
8372,0,64789
8373,1,64790
8395,2,82329
8401,4,38759
8402,4,38760
8405,4,15960
8413,1,110
8425,4,40690
8427,1,72524
8440,0,54370
8441,0,54371
8442,0,54372
8443,0,54373
8444,0,54374
8445,0,54375
8446,0,54376
8447,0,54377
8448,0,54378
8449,0,54379
8450,0,54380
8451,0,54381
8452,0,54382
8453,0,54383
8454,0,54384
8455,0,54385
8695,0,156711
8696,0,156712
8697,0,156713
8698,0,156714
8699,0,156715
8700,4,15678
8719,1,8856
8720,1,8857
8721,1,8858
8722,1,8859
8723,1,8860
8724,4,142801
8727,1,26825
8770,1,150049
8862,0,42519
8863,0,42520
8864,0,42521
8880,0,114246
8881,0,114247
8882,0,114248
8928,1,35624
8932,0,20121
8933,0,20122
8934,0,20123
8935,0,20124
8936,2,20125
8937,1,20126
8938,1,20127
8939,1,20128
8940,2,20129
8941,2,20130
8942,2,20131
8943,2,20132
8944,2,20133
8945,2,20134
8946,0,20135
8947,0,20136
8948,0,20137
8949,0,20138
8950,0,20139
8951,0,20140
8952,0,20141
8953,0,20142
8954,0,20143
8955,2,20144
8956,1,20145
8963,0,20152
8964,0,20153
9010,4,111718
9011,4,111719
9033,1,32654
9053,0,182461
9054,0,182462
9066,2,77987
9067,2,77988
9117,1,172902
9124,1,19385
9130,0,25030
9131,0,25031
9132,0,25032
9135,0,83057
9136,0,83058
9177,0,106950
9218,1,64940
9219,1,64941
9220,1,64942
9221,1,64943
9222,1,64944
9223,1,64945
9224,1,64946
9225,1,64947
9226,1,64948
9227,1,64949
9229,1,64951
9259,1,42213
9261,1,42215
9262,1,42216
9264,1,42218
9265,1,42219
9266,1,42220
9267,1,42221
9315,1,131358
9357,1,21115
9358,1,21116
9371,0,21129
9372,0,21130
9373,0,21131
9374,0,21132
9386,4,122986
9399,1,33830
9405,1,8179
9406,1,8180
9447,1,1272
9448,1,1273
9449,1,1274
9580,4,86585
9642,4,124596
9670,2,171346
9684,2,171360
9694,1,171370
9705,0,171381
9706,0,171382
9707,0,171383
9713,1,171389
9720,0,86658
9744,4,144738
9749,0,68201
9763,0,29669
9800,0,60268
9801,0,60269
9802,0,60270
9803,0,60271
9804,0,60272
9805,0,60273
9808,0,60276
9809,0,60277
9810,0,60278
9811,0,60279
9812,0,60280
9813,0,60281
9814,0,60282
9815,0,60283
9816,0,60284
9817,0,60285
9818,0,60286
9830,4,38206
9831,4,38207
9839,1,131950
9856,4,18743
9857,4,18744
9860,4,153732
9864,4,93661
9887,4,142183
9903,1,85009
9904,1,85010
9928,1,79682
9952,1,79706
9953,4,79707
9954,4,79708
9955,4,79709
9956,4,79710
9957,4,79711
9958,4,79712
9959,4,79713
9981,0,157885
9987,4,37570
9988,0,37571
9989,0,37572
9994,1,8005
9998,0,8009
9999,0,8010
10000,0,8011
10001,0,8012
10002,0,8013
10003,0,8014
10008,4,19667
10027,1,56379
10031,0,64648
10032,0,64649
10033,0,64650
10034,0,64651
10035,0,64652
10036,0,64653
10037,0,64654
10038,0,64655
10039,0,64656
10040,0,64657
10041,0,64658
10042,0,64659
10043,0,64660
10044,0,47915
10045,0,47916
10101,0,73050
10181,4,96250
10197,4,2951
10198,4,2952
10199,4,14257
10217,0,41644
10218,1,41645
10219,2,41646
10220,0,41647
10221,0,41648
10222,0,41649
10394,2,119714
10395,2,119715
10437,0,95310
10443,0,143015
10452,0,61461
10551,4,154922
10565,1,135153
10566,1,135154
10567,1,135155
10597,4,146911
10670,1,128535
10681,4,88365
10708,1,159016
10709,1,159017
10710,1,159018
10711,1,159019
10722,1,165800
11849,0,4796
11850,0,4797
11851,0,4798
11852,0,4799
11853,0,4800
11854,0,4801
11855,0,4802
11856,0,4803
11857,0,4804
11858,0,4805
11859,0,4806
11860,0,4807
11861,0,4808
11862,0,4809
11863,0,4810
11864,0,4811
11865,0,4812
11866,0,4813
11867,0,4814
11868,0,4815
11869,0,4816
11870,0,4817
11871,0,4818
11872,0,4819
11873,0,4820
11874,0,4821
11875,0,4822
11876,0,4823
11877,0,4824
11878,0,4825
11879,0,4826
11880,0,4827
11881,0,4828
11882,0,4829
11883,0,4830
11884,0,4831
11885,0,4832
11886,0,4833
11887,0,4834
11888,0,4835
11889,0,4836
11890,0,4837
11891,0,4838
11892,0,4839
11893,0,4840
11894,0,4841
11895,0,4842
11911,1,138175
11924,1,49132
11925,4,106214
11927,4,106216
11929,4,106218
11971,1,77199
11972,1,77200
11980,4,95863
11983,1,157045
11992,4,172506
11998,0,103643
12044,4,30065
12053,1,179755
12054,1,179756
12060,0,76522
12079,1,90431
12135,1,118627
12137,1,118629
12138,1,118630
12139,1,118631
12140,1,118632
12146,4,82637
12202,4,61781
12260,4,26636
12267,4,26643
12280,4,95845
12317,4,163421
12364,0,113345
12388,0,76592
12389,0,76593
12390,0,76594
12391,0,76595
12410,1,107473
12415,0,102805
12416,0,102806
12417,0,102807
12418,0,102808
12419,0,102809
12437,4,45705
12440,0,162313
12447,0,51109
12453,4,97337
12511,0,68917
12523,1,68929
12524,1,68930
12525,1,68931
12526,1,68932
12527,1,68933
12532,0,68938
12533,0,68939
12534,0,68940
12536,2,68942
12546,2,68952
10723,1,165801
10724,1,165802
10739,0,182938
10740,0,182939
10741,0,182940
10754,0,101650
10759,0,101655
10769,0,122973
10812,1,112811
10813,0,112812
10814,0,112813
10815,0,112814
10845,0,152640
10916,0,71374
10927,4,133993
10934,4,106756
10941,0,133377
10951,0,21718
10952,0,21719
10953,0,21720
10954,0,21721
10955,0,21722
10974,2,21741
10992,2,21759
11002,4,100191
11018,0,40497
11037,0,24065
11044,0,53333
11045,0,53334
11046,0,53335
11065,0,87948
11066,0,87949
11067,0,87950
11068,0,87951
11069,0,87952
11070,0,87953
11071,0,87954
11072,0,87955
11073,0,87956
11074,0,87957
11075,0,87958
11076,0,87959
11077,0,87960
11078,0,87961
11093,0,106959
11124,4,77159
11137,4,170764
11140,4,143058
11144,4,33827
11157,1,72891
11158,1,72892
11159,1,72893
11167,1,87282
11189,4,18175
11196,1,159688
11262,2,61881
11277,1,9401
11279,2,9403
11291,4,95746
11327,4,112246
11371,1,63356
11373,0,63358
11381,4,92299
11385,0,138982
11386,0,138983
11387,0,138984
11388,0,138985
11420,0,70833
11421,0,70834
11422,0,70835
11433,0,29778
11477,4,29661
11478,4,131059
11588,1,153702
11602,0,129074
11659,2,58032
11686,1,55552
11702,0,139980
11703,0,139981
11704,0,139982
11709,4,166846
11712,0,151504
11713,0,151505
11812,1,32163
11813,1,32164
11814,1,32165
11815,1,32166
11816,1,32167
11817,1,32168
11818,1,32169
11819,1,32170
11820,1,32171
11821,1,32172
11822,1,32173
11843,0,4790
11844,0,4791
11845,0,4792
11846,0,4793
11847,0,4794
11848,0,4795
12547,2,68953
12548,0,68954
12549,0,68955
12550,0,68956
12551,0,68957
12552,0,68958
12553,0,68959
12554,0,68960
12555,0,68961
12556,0,68962
12557,0,68963
12558,0,68964
12559,0,68965
12560,0,68967
12561,0,68966
12562,0,68968
12563,0,68969
12564,0,68970
12575,0,18658
12639,4,172739
12686,4,143700
12693,1,27572
12725,4,10705
12735,4,171526
12759,4,138077
12761,4,138079
12812,0,158716
12847,0,123999
12848,0,124000
12849,0,124001
12850,1,124002
12851,0,124003
12853,0,124005
12854,0,124006
12855,0,124007
12856,0,124008
12857,0,124009
12858,0,124010
12859,0,124011
12860,0,124012
12894,4,107802
12896,4,107804
12902,4,184833
12903,4,184834
12926,4,114462
12936,4,43163
12947,1,141908
12948,1,141909
12949,1,141910
12961,4,132195
12962,4,132196
13001,0,68581
13017,4,19260
13026,4,165379
13037,4,118068
13074,2,83561
13075,2,83562
13076,0,83563
13077,0,83564
13078,0,83565
13079,0,83566
13080,0,83567
13081,0,83568
13082,0,83569
13083,0,83570
13095,1,181868
13113,2,34168
13114,4,34169
13152,0,5770
13153,0,5771
13154,0,5772
13155,0,5773
13167,1,120584
13168,1,120585
13169,1,120586
13170,1,120587
13171,1,120588
13172,1,120589
13209,4,75306
13252,1,48678
13283,2,120303
13287,4,70173
13295,0,6998
13296,0,6999
13297,0,7000
13298,0,7001
13299,0,7002
13300,0,7003
13301,0,7004
13302,0,7005
13303,0,7006
13304,0,7007
13305,0,7008
13306,2,7009
13333,0,115060
13398,2,81628
13399,2,81629
13449,1,112359
13450,1,112360
13451,1,112361
13452,1,112362
13457,2,67811
13458,0,67812
13468,4,43179
13504,0,44259
13512,0,1037
13514,0,72678
13515,0,72679
13516,0,72680
13517,0,72681
13518,0,72682
13519,0,72683
13520,0,72684
13521,0,72685
13522,0,72686
13523,0,72687
13524,0,72688
13525,0,72689
13526,0,72690
13527,0,72691
13528,0,72692
13529,0,72693
13536,1,166968
13539,4,141600
13546,0,141113
13547,0,141114
13548,0,141115
13552,4,80442
13553,0,80443
13554,0,80444
13555,0,80445
13578,0,99118
13579,0,99119
13580,0,99120
13581,0,99121
13582,0,99122
13583,0,99123
13584,0,99124
13585,0,99125
13586,0,99126
13587,0,99127
13588,0,99128
13589,0,99129
13590,0,99130
13591,0,99131
13592,0,99132
13593,0,99133
13594,0,99134
13595,0,99135
13596,0,99136
13597,0,99137
13602,4,97089
13603,4,97090
13610,1,162943
13673,4,3290
13674,4,3291
13684,4,89104
13686,0,29672
13687,0,29673
13688,0,29674
13689,0,29675
13690,0,29676
13691,0,29677
13692,0,29678
13693,0,29679
13694,0,29680
13695,0,29681
13696,0,29682
13697,0,29683
13698,0,29684
13699,0,29685
13700,0,29686
13701,0,29687
13702,0,29688
13703,0,29689
13704,0,29690
13706,0,29691
13707,0,29693
13708,0,29694
13709,0,29695
13710,0,29696
13711,0,29697
13712,0,29698
13713,0,29699
13714,0,29700
13715,0,29701
13716,0,29702
13717,0,29703
13718,0,29704
13719,0,29705
13720,0,29706
13721,0,29707
13722,0,29708
13723,0,29709
13724,0,29710
13734,2,56651
13790,0,71172
13791,0,71173
13792,0,71174
13793,0,71175
14612,4,1211
14658,1,98976
14673,4,121551
14674,4,121552
14675,4,121553
14689,4,113312
14693,1,32752
14748,0,67420
14749,0,67421
14750,0,67422
14751,0,67423
14752,0,67424
14753,0,67425
14754,0,67426
14755,0,67427
14791,1,54510
14792,1,54511
14793,1,54512
14794,1,54513
14795,1,54514
14809,0,31860
14810,0,31861
14811,0,31862
14812,0,31863
14825,4,108424
14826,4,108425
14827,4,108426
14841,1,46172
14874,0,9088
14878,4,179718
14880,4,179720
14896,4,33744
14897,4,33745
14898,4,33746
14899,4,33747
14927,4,47302
14963,4,119026
15055,0,17004
15056,2,17005
15068,0,62443
15069,0,62444
15112,1,60819
15134,0,17540
15135,0,17541
15136,0,17542
15137,0,17543
15138,0,17544
15139,0,17545
15140,0,17546
15141,0,17547
15142,0,17548
15143,0,17549
15144,0,17550
15145,0,17551
15146,0,17552
15147,0,17553
15148,0,17554
15149,0,17555
15150,0,17556
15151,0,17557
15152,0,17558
15153,0,17559
15154,0,17560
15163,4,17569
15164,2,17570
15165,2,17571
15166,4,17572
15171,2,17577
15172,2,17578
15240,4,126418
15350,4,123988
15356,4,82497
15357,4,82498
15364,4,154875
15365,4,154876
15366,4,154877
15367,4,154878
15395,4,175598
15396,4,175599
15397,0,175600
15424,4,116289
15425,4,114334
15426,4,114335
15427,4,114336
15436,1,22326
15463,0,89778
15464,0,89779
15474,0,89789
15481,4,130965
15483,4,106595
15498,0,176642
15508,0,103425
15509,0,103426
15511,0,103428
15512,0,103429
15517,0,103434
15518,0,103435
15519,0,103436
15525,4,18070
15542,1,163450
13794,0,71176
13795,0,71177
13798,4,143550
13842,0,165130
13851,4,8565
13852,4,8566
13858,4,8572
13870,1,57851
13871,1,57852
13872,0,57853
13873,0,57854
13874,0,57855
13875,0,57856
13876,0,57857
13877,0,57858
13878,0,57859
13879,0,57860
13880,0,57861
13881,0,57862
13882,0,57863
13883,0,57864
13901,4,131384
13924,4,89397
13940,2,172707
13941,2,172708
13942,2,172709
13943,0,172710
13944,0,172711
13945,0,172712
13946,0,172713
13974,1,31948
13976,4,48476
13991,0,111728
13992,0,111729
13993,0,111730
14045,0,49724
14046,0,49725
14047,0,49726
14048,0,49727
14049,0,49728
14050,0,49729
14051,0,49730
14052,0,49731
14066,4,65505
14068,0,65507
14069,1,84136
14074,0,96139
14075,0,96140
14076,0,96141
14077,0,96142
14078,0,96143
14079,0,96144
14080,0,96145
14081,0,96146
14082,0,96147
14083,0,96148
14101,4,181155
14107,0,90887
14124,1,58393
14125,1,58394
14126,1,58395
14127,1,58396
14128,1,58397
14129,1,58398
14161,4,150897
14162,4,150898
14166,0,141520
14184,0,158700
14191,1,2529
14220,1,48150
14257,4,17464
14264,1,118194
14266,0,118196
14267,0,118197
14269,0,118198
14270,1,174231
14303,4,127832
14311,0,67892
14325,4,83407
14338,4,153495
14339,4,153496
14350,0,19190
14351,0,19191
14352,0,19192
14353,0,19193
14354,0,19194
14358,0,19198
14390,4,16930
14392,4,38513
14413,4,92894
14463,4,4055
14479,0,136622
14480,0,136623
14482,4,175994
14490,1,103367
14568,5,180657
14586,4,153730
14591,4,17799
14592,4,17800
14593,4,17801
15545,1,163453
15549,1,163457
15561,1,163469
15565,1,163473
15664,0,127598
15665,0,127599
15666,0,127600
15667,0,127601
15692,0,102493
15697,0,102498
15698,0,102499
15699,0,102500
15700,0,102501
15701,0,102502
15702,0,102503
15703,0,102504
15704,0,102505
15705,0,102506
15706,0,102507
15707,0,102508
15708,0,102509
15709,0,102510
15781,4,89547
15782,4,89548
15787,1,47050
15790,1,12331
15879,2,150279
15909,4,50379
15928,1,151497
15971,1,84680
15998,0,27667
16013,1,29566
16067,4,48907
16086,4,97404
16087,4,97405
16088,4,97406
16107,0,136037
16122,1,79192
16123,1,79193
16144,0,46098
16148,2,46101
16149,2,46103
16170,2,167272
16171,2,167273
16172,2,167274
16173,0,167275
16174,0,167276
16175,0,167277
16179,1,167281
16202,0,38963
16203,0,38964
16204,0,38965
16205,0,38966
16206,0,38967
16207,0,38968
16208,0,38969
16209,0,38970
16210,0,38971
16211,0,38972
16212,0,38973
16213,0,38974
16214,0,38975
16215,0,38976
16216,0,38977
16217,0,38978
16218,0,38979
16219,0,38980
16220,0,38981
16221,0,38982
16222,0,38983
16223,0,38984
16224,0,38985
16246,4,6162
16278,4,76424
16286,0,78692
16287,0,78693
16295,4,146547
16313,1,182795
16336,4,169375
16354,0,50789
16378,0,91140
16379,0,91141
16380,0,91142
16381,0,91143
16384,0,91146
16385,0,91147
16386,0,91148
16387,0,91149
16388,0,91150
16389,0,91151
16390,0,91152
16391,0,91153
16392,0,91154
16393,0,91155
16394,0,91156
16395,0,91157
16396,0,91158
16397,0,91159
16398,0,91160
16399,0,91161
16400,0,91162
16401,0,91163
16402,0,91164
16403,0,91165
16404,0,91166
16405,0,91167
16406,0,91168
16407,0,91169
16408,0,91170
16409,0,91171
16410,0,91172
16411,0,91173
16412,0,91174
16413,0,91175
16431,4,138355
16479,0,57017
16480,0,57018
16481,0,57019
16482,0,57020
16483,0,57021
16484,0,57022
16485,0,57023
16486,0,57024
16487,0,57025
16488,0,57026
16489,0,57027
16490,2,57028
16491,2,57029
16492,2,57030
16493,2,57031
16494,2,57032
16495,2,57033
16496,2,57034
16497,2,57035
16498,2,57036
16499,2,57037
16524,1,289
16584,1,11487
16585,1,11488
16591,4,135755
16592,4,135756
16593,4,135757
16594,4,135758
16595,4,135759
16596,4,135760
16597,4,135761
16598,4,135762
16599,4,135763
16600,4,135764
16601,4,135765
16602,4,135766
16603,4,135767
16604,5,135768
16605,4,135769
16606,4,135770
16607,4,135771
16608,4,135772
16609,4,135773
16610,4,135774
16611,4,135775
16612,4,135776
16613,4,135777
16614,4,135778
16615,4,135779
16616,4,135780
16617,4,135781
16618,4,135782
16619,4,135783
16620,1,135784
16621,4,135785
16622,4,135786
16623,4,135787
16624,4,135788
16625,4,135789
16626,4,135790
16627,4,135791
16628,4,135792
16629,4,135793
16630,4,135794
16654,0,182120
16658,4,85001
16677,4,164195
16698,4,89166
16699,0,24835
16700,0,24836
16701,0,24837
16702,0,24838
16703,0,24839
16704,0,24840
16705,0,24841
16706,0,24842
16707,0,24843
16708,0,24844
16710,0,24846
16718,1,56418
16720,0,56420
16778,0,39160
16779,0,39161
16780,0,39162
16781,0,39163
16782,0,39164
16835,5,68686
16836,5,68687
16865,1,57419
16883,4,72999
16884,0,73000
16902,0,160770
16905,2,62154
16906,2,59308
16907,0,59309
16908,0,59310
16909,0,59311
16910,0,59312
16911,0,59313
16912,0,59314
16913,0,59315
16914,0,59316
16915,0,59317
16916,0,59318
16917,0,59319
16918,0,59320
16919,0,59321
16920,0,59322
16921,0,59323
16922,0,59324
16923,0,59325
16924,0,59326
16925,0,59327
16926,0,59328
16927,0,59329
16928,0,59330
16929,0,59331
16930,0,59332
16931,0,59333
16932,0,59334
16933,0,59335
16934,0,59336
16935,0,59337
16936,0,59338
16937,0,59339
16938,0,59340
16939,0,59341
16940,0,59342
16941,0,59343
16942,0,59344
16943,0,59345
16944,0,59346
16945,0,59347
16946,0,59348
16947,0,59349
16948,0,59350
16949,0,59351
16950,0,59352
16951,0,59353
16952,0,59354
16953,0,59355
17013,2,37154
17014,2,37155
17015,2,37156
17016,2,37157
17017,2,37158
17018,1,37159
17019,1,37160
17020,1,37161
17021,1,37162
17022,1,37163
17075,1,26328
17079,0,153237
17080,0,153238
17081,0,153239
17082,0,153240
17083,0,153241
17084,0,153242
17086,0,153244
17087,0,153245
17088,0,153246
17089,0,153247
17090,0,153248
17190,0,171522
17191,0,171523
17194,2,176372
17195,0,176373
17196,0,176374
17217,0,166189
17218,0,166190
17219,0,166191
17220,0,166192
17221,0,166193
17222,0,166194
17223,0,166195
17224,0,166196
17225,0,166197
17226,0,166198
17228,0,166200
17229,0,166201
17230,0,166202
17231,0,166203
17232,0,166204
17233,0,166205
17239,4,94533
17254,1,170328
17265,0,83690
17266,2,83691
17267,0,83692
17268,0,83693
17290,4,155394
17320,0,46819
17321,0,46820
17322,0,46821
17323,0,46822
17343,4,164665
17344,4,98552
17360,0,171705
17361,0,171706
17362,0,171707
17363,0,171708
17364,0,171709
17365,0,171710
17366,0,171711
17367,0,171712
17368,0,171713
17369,0,171714
17370,0,171715
17372,0,171717
17405,0,49452
17428,0,146322
17430,0,146324
17432,0,146326
17433,0,146327
17434,0,146328
17441,0,29563
17457,4,169361
17458,4,169362
17462,0,185296
17464,4,185298
17465,4,185299
17466,4,185300
17467,4,185301
17475,1,45464
17476,1,45465
17477,1,45466
17502,1,138295
17509,1,138302
17510,1,138303
17511,1,138304
17512,1,138305
17513,1,138306
17514,1,138307
17515,1,138308
17516,1,138309
17517,1,138310
17518,1,138311
17537,1,49270
17538,1,49271
17543,0,157793
17544,0,157794
17545,0,157795
17546,0,157796
17547,0,157797
17548,0,157798
17549,0,157799
17550,0,157800
17551,0,157801
17552,0,157802
17553,0,157803
17554,0,157804
17555,0,157805
17556,0,157806
17643,0,159377
17645,0,159379
17646,0,159380
17647,0,159381
17648,0,159382
17649,0,159383
17650,0,159384
17651,0,159385
17652,0,159386
17653,0,159387
17654,0,159388
17655,0,159389
17656,0,159390
17657,0,159391
17658,0,159392
17659,0,69962
17660,0,69963
17661,0,69964
17662,0,69965
17663,0,69966
17664,0,69967
17665,0,69968
17666,0,69969
17667,0,69970
17668,0,69971
17671,0,117152
17672,0,117153
17673,0,117154
17674,0,117155
17675,0,117156
17676,0,117157
17677,0,117158
17678,0,117159
17679,0,117160
17689,2,117170
17690,0,117171
17691,0,117172
17692,0,117173
17693,0,117174
17694,0,117175
17695,0,117176
17696,0,117177
17697,0,117178
17698,0,117179
17699,0,117180
17700,0,117181
17701,0,117182
17702,2,117183
17703,2,117184
17704,2,117185
17705,2,117186
17706,2,117187
17707,2,117188
17708,2,117189
17709,0,117190
17723,1,175279
17724,1,175280
17742,0,1221
17743,0,1222
17744,0,1223
17745,0,1224
17746,0,1225
17747,0,1226
17748,0,1227
17749,0,1228
17750,0,1229
17751,0,1230
17752,0,1231
17753,0,1232
17754,0,1233
17755,0,1234
17756,0,1235
17757,0,1236
17758,0,1237
17759,0,1238
17760,0,1239
17761,0,1240
17762,0,1241
17763,0,1242
17764,0,1243
17765,0,1244
17766,0,1245
17767,0,1246
17768,0,1247
17769,0,1248
17770,0,1249
17771,0,1250
17772,0,1251
17773,0,1252
17774,0,1253
17775,0,1254
17776,0,1255
17777,0,1256
17778,0,1257
17779,0,1258
17780,0,1259
17781,0,1260
17782,0,1261
17783,0,1262
17784,0,1263
17785,0,1264
17786,0,1265
17787,0,1266
17788,0,1267
17789,0,1268
17790,0,1269
17791,0,1270
17792,0,1271
17800,1,106854
17813,0,111632
17815,0,111633
17816,0,111635
17828,4,14329
17833,0,124136
17842,1,116797
17848,0,152905
17860,0,41519
17861,0,41520
17893,1,41722
17894,1,41723
17896,0,41725
17897,1,41726
17898,1,41727
17899,1,41728
17902,4,170099
17903,4,170100
17947,4,96584
17954,0,119406
17955,0,119407
18022,4,129989
18023,4,129990
18105,0,91413
18116,4,94630
18174,1,185699
18175,1,185700
18181,2,31155
18228,4,120895
18237,4,178100
18238,4,178101
18240,4,140913
18241,4,140914
18242,4,140915
18279,4,161357
18297,4,137894
18298,4,137895
18334,4,92345
18344,4,103150
18347,1,155112
18354,0,75538
18371,4,108366
18372,4,108367
18373,4,108368
18374,4,108369
18375,4,108370
18380,4,108375
18423,0,28660
18424,0,28661
18425,0,28662
18426,0,28663
18427,0,28664
18428,0,28665
18429,2,28666
18430,2,28667
18431,2,28668
18432,2,28669
18433,0,28670
18434,0,28671
18435,0,28672
18436,0,28673
18437,0,28674
18438,0,28675
18439,0,28676
18440,0,28677
18441,0,28678
18442,0,28679
18443,0,28680
18444,0,28681
18445,0,28682
18446,0,28683
18447,0,28684
18448,0,28685
18449,0,28686
18494,4,132502
18499,0,178608
18500,0,178609
18501,2,178610
18508,0,178617
18509,0,178618
18510,0,178619
18511,0,178620
18512,0,178621
18513,0,178622
18514,0,178623
18515,0,178624
18516,0,178625
18517,0,178626
18518,0,178627
18519,0,178628
18520,0,178629
18521,0,178630
18522,0,178631
18523,0,178632
18524,0,178633
18525,0,178634
18526,0,178635
18527,0,178636
18528,0,178637
18529,0,178638
18530,0,178639
18531,0,178640
18532,0,178641
18533,0,178642
18534,0,178643
18535,0,178644
18537,4,28056
18557,2,166587
18558,4,166588
18569,0,79286
18570,0,79287
18571,0,79288
18572,0,79289
18573,0,79290
18574,0,79291
18575,0,79292
18576,0,79293
18577,0,79294
18578,0,79295
18579,0,79296
18580,0,79297
18581,0,79298
18582,1,79299
18583,1,79300
18584,1,79301
18585,1,79302
18586,1,79303
18587,1,79304
18612,0,44891
18613,0,44892
18614,0,44893
18615,1,44894
18616,0,44895
18617,0,44896
18618,0,44897
18632,0,107992
18633,0,107993
18634,0,107994
18635,0,107995
18636,0,107996
18637,0,107997
18638,0,107998
18639,0,107999
18640,0,108000
18641,0,108001
18642,0,108002
18643,0,108003
18644,0,108004
18645,0,108005
18646,0,108006
18647,0,108007
18648,0,108008
18649,0,108009
18650,0,108010
18651,0,108011
18652,0,108012
18653,0,108013
18655,0,148098
18656,0,148099
18657,0,148100
18658,0,148101
18659,0,148102
18660,0,148103
18676,0,148119
18677,0,148120
18709,0,58640
18711,0,58642
18715,0,31830
18716,0,31832
18717,0,31833
18718,0,31834
18719,0,31835
18720,0,31836
18721,0,31837
18722,0,31838
18723,0,31839
18724,0,31840
18725,0,31841
18726,0,31842
18727,0,31843
18728,0,31844
18729,0,31845
18730,0,31846
18731,0,31847
18736,0,33755
18738,0,7743
18740,1,119477
18741,0,119478
18742,0,119479
18743,2,119480
18811,1,74251
18812,1,74252
18813,1,74253
18868,4,89238
18869,4,89239
18870,4,89240
18890,4,145546
18909,4,125660
18910,4,125661
18923,1,177470
18947,4,32035
18953,0,17317
18954,0,17318
18955,0,17319
18959,0,17323
18961,4,152717
18967,1,144562
19020,4,66947
19039,4,46818
19040,4,115339
19048,4,134126
19146,0,41250
19148,0,41251
19164,4,15360
19172,0,55573
19202,2,135655
19204,5,135654
19225,0,5860
19226,0,5861
19227,0,5862
19228,2,5863
19229,0,5864
19230,0,5865
19231,2,5866
19232,0,5867
19233,0,5868
19234,0,5869
19235,0,5870
19236,0,5871
19237,0,5872
19238,0,5873
19239,0,5874
19240,0,5875
19241,4,5876
19242,4,5877
19243,4,5878
19244,4,5879
19245,4,5880
19246,4,5881
19247,4,5882
19248,4,5883
19249,0,5884
19250,0,5885
19251,0,5886
19252,0,5887
19253,0,5888
19254,0,5889
19255,0,5890
19256,0,5891
19257,0,5892
19258,0,5893
19259,0,5894
19260,0,5895
19261,0,5896
19262,0,5897
19263,0,5898
19306,4,166965
19321,1,80906
19322,1,80907
19335,4,24639
19367,0,136429
19368,0,136430
19369,2,136431
19370,2,136432
19371,2,136433
19372,2,136434
19373,2,136435
19374,0,136436
19402,0,164373
19403,0,164374
19404,0,164375
19405,0,164376
19406,0,164377
19407,0,164378
19408,0,164379
19409,0,164380
19410,0,164381
19411,0,164382
19412,0,164383
19413,0,164384
19414,0,164385
19415,0,164386
19416,0,164387
19417,0,164388
19418,0,164389
19470,0,38728
19473,4,38731
19483,4,164787
19484,0,126422
19489,0,126427
19495,0,126433
19506,4,179135
19546,2,17876
19547,2,17877
19548,2,17878
19550,0,17880
19551,0,17881
19552,4,17882
19553,4,17883
19554,4,17884
19555,0,17885
19556,0,17886
19557,0,17887
19558,0,17888
19559,0,17889
19560,0,17890
19561,0,17891
19562,0,17892
19564,0,96833
19565,0,96834
19569,0,84986
19606,1,90195
19626,1,16555
19640,4,165903
19654,2,1447
19664,0,38735
19665,0,38736
19666,0,38737
19667,0,38738
19668,0,38739
19669,0,38740
19670,0,38741
19671,0,38742
19672,0,38743
19673,0,38744
19674,0,38745
19675,0,38746
19676,0,38747
19677,0,38748
19678,0,38749
19679,0,38750
19680,0,38751
19681,0,38752
19682,0,38753
19683,0,38754
19684,0,38755
19685,0,38756
19710,2,69292
19711,2,69293
19728,0,85534
19736,4,183599
19739,0,160829
19740,0,160830
19741,0,160831
19742,0,160832
19743,0,160833
19744,0,160834
19745,0,160835
19746,0,160836
19747,0,160837
19748,0,160838
19749,0,160839
19750,0,160840
19751,0,160841
19752,0,160842
19753,0,160843
19754,0,160844
19755,0,160845
19756,0,160846
19757,0,160847
19758,0,160848
19759,0,160849
19760,0,160850
19761,0,160851
19762,0,160852
19763,0,160853
19764,0,160854
19765,0,160855
19766,0,160856
19767,0,160857
19771,4,19660
19772,2,19659
19790,4,34722
19820,4,124927
19824,0,7103
19827,0,119347
19828,0,119348
19860,0,98321
19861,0,98322
19862,0,98323
19863,0,98324
19864,0,98325
19865,0,98326
19866,0,98327
19867,0,98328
19868,0,98329
19869,0,98330
19870,0,98331
19871,0,98332
19872,0,98333
19873,0,98334
19874,0,98335
19875,0,98336
19876,0,98337
19877,0,98338
19878,0,98339
19879,0,98340
19880,0,98341
19881,0,98342
19882,0,98343
19883,0,98344
19884,0,98345
19885,0,98346
19886,0,98347
19887,0,98348
19888,0,98349
19889,0,98350
19890,0,98351
19914,4,161677
19927,4,16391
19928,4,16392
19931,0,94576
19974,1,161245
19987,4,172389
19990,1,45510
19991,1,45511
19995,1,177176
19996,0,177177
20013,4,2072
20045,1,123869
20054,0,123878
20055,0,123879
20056,0,123880
20057,0,123881
20058,0,123882
20059,0,123883
20060,0,123884
20061,0,123885
20062,0,123886
20063,0,123887
20064,0,123888
20065,0,123889
20066,0,123890
20067,0,123891
20068,0,123892
20069,0,123893
20070,0,123894
20071,0,123895
20072,0,123896
20073,0,123897
20074,0,123898
20075,0,123899
20076,0,123900
20077,0,123901
20078,0,123902
20079,4,179854
20093,4,120209
20094,4,120210
20098,1,33450
20100,4,166372
20129,0,59126
20130,0,59127
20131,0,59128
20132,0,59129
20133,0,59130
20134,0,59131
20135,0,59132
20136,0,59133
20137,0,59134
20138,0,59135
20139,0,59136
20140,0,59137
20141,0,59138
20142,0,59139
20143,0,59140
20144,0,59141
20145,0,59142
20146,0,59143
20188,0,112244
20205,0,137613
20206,0,137614
20207,0,137615
20208,0,137616
20209,0,137617
20210,0,137618
20211,0,137619
20212,0,137620
20213,0,137621
20214,0,137622
20215,0,137623
20216,0,137624
20217,0,137625
20218,0,137626
20219,0,137627
20220,0,137628
20221,0,137629
20222,0,137630
20223,0,137631
20224,0,137632
20225,0,137633
20226,0,137634
20227,0,137635
20228,0,137636
20229,0,137637
20230,0,137638
20231,0,137639
20232,0,137640
20233,0,137641
20234,0,137642
20257,4,103145
20266,4,114989
20282,4,77438
20285,0,10102
20286,0,10103
20287,0,10104
20288,0,10105
20289,0,10106
20290,0,10107
20315,0,118775
20321,0,94245
20322,0,94246
20323,0,94247
20324,0,94248
20326,0,94250
20327,0,94251
20328,2,94252
20329,2,94253
20330,2,94254
20331,2,94255
20332,2,94256
20333,2,94257
20343,1,180539
20386,1,86186
20392,4,148006
21175,0,51249
21176,0,51250
21177,0,51251
21178,0,51252
21207,1,164924
21220,4,9930
21224,4,116068
21228,0,11087
21229,0,11088
21230,0,11089
21231,0,11090
21232,0,11091
21233,0,11092
21234,0,11093
21235,0,11094
21236,0,11095
21237,0,11096
21238,0,11097
21239,0,11098
21240,0,11099
21241,0,11100
21242,0,11101
21243,2,11102
21244,2,11103
21245,0,11104
21246,0,11105
21247,0,11106
21276,0,134046
21277,0,134047
21278,0,134048
21279,0,134049
21280,0,134050
21281,0,134051
21282,0,134052
21283,0,134053
21284,0,134054
21285,0,134055
21286,0,134056
21288,0,134058
21289,0,134059
21290,0,134060
21291,0,134061
21292,0,134062
21293,0,134063
21294,0,134064
21295,0,134065
21296,0,134066
21328,0,181436
21343,1,44676
21344,1,44677
21346,2,44679
21347,0,44680
21348,0,44681
21349,0,44682
21350,0,44683
21351,0,44684
21352,0,44685
21353,0,44686
21354,0,44687
21355,0,44688
21356,0,44689
21357,0,44690
21358,0,44691
21359,0,44692
21360,0,44693
21361,0,44694
21362,0,44696
21363,0,44695
21364,0,44697
21365,0,44698
21366,0,44699
21367,0,44700
21368,0,44701
21369,0,44702
21370,0,44703
21371,0,44704
21372,0,44705
21373,0,44706
21374,0,44707
21375,0,44708
21376,0,44709
21377,0,44710
21378,0,44711
21379,0,44712
21380,0,44713
21381,0,44714
21382,0,44715
21383,0,44716
21384,0,44717
21385,0,44718
21386,0,44719
21387,0,44720
21388,0,44721
21389,0,44722
21390,0,44723
21391,0,44724
21392,0,44725
21393,0,44726
21394,0,44727
21395,0,44728
20419,0,117751
20422,4,149777
20456,1,83675
20471,4,132659
20478,0,65403
20493,2,54664
20496,0,54667
20508,4,32897
20511,4,124855
20565,4,67400
20588,0,132309
20589,0,132310
20590,0,132311
20591,0,132312
20592,0,132313
20593,0,132314
20594,0,132315
20595,0,132316
20596,0,132317
20597,0,132318
20598,0,132319
20599,0,132320
20600,0,132321
20601,0,132322
20602,0,132323
20603,0,132324
20604,0,132325
20605,0,132326
20606,0,132327
20607,0,132328
20635,4,131469
20636,0,80698
20664,1,62905
20689,0,157728
20690,0,157729
20691,0,157730
20692,0,157731
20711,1,156748
20712,1,156749
20722,1,36772
20743,4,10007
20744,4,10008
20769,4,147887
20808,0,69068
20822,0,90246
20823,0,90247
20825,4,86637
20833,4,2294
20855,4,80265
20864,1,125672
20866,1,125674
20867,1,125676
20869,1,125677
20870,1,125678
20889,2,125697
20890,2,125698
20891,2,125699
20892,2,125700
20893,2,125701
20894,2,125702
20895,2,125703
20930,4,54636
20932,4,54638
20938,4,43969
20949,4,41190
20954,1,128750
20956,4,70541
20961,2,95940
21024,0,5903
21025,0,5904
21026,0,5905
21027,0,5906
21028,0,5907
21034,0,51569
21035,0,51570
21036,0,51571
21062,0,84840
21063,0,84841
21082,4,51026
21083,4,51027
21084,0,98724
21120,1,45351
21141,1,126698
21158,0,51232
21159,0,51233
21160,0,51234
21161,0,51235
21162,0,51236
21163,0,51237
21164,0,51238
21165,0,51239
21166,0,51240
21167,0,51241
21168,0,51242
21169,0,51243
21170,0,51244
21171,0,51245
21172,0,51246
21173,0,51247
21174,0,51248
21814,0,76211
21815,0,76212
21816,0,76213
21817,0,76214
21818,0,76215
21819,0,76216
21820,0,174301
21825,2,174306
21826,0,174307
21827,0,174308
21828,0,174309
21829,0,174310
21830,0,174311
21831,0,174312
21832,0,174313
21833,0,174314
21834,0,174315
21835,0,174316
21836,0,174317
21837,0,174318
21838,4,174319
21839,4,174320
21840,0,174321
21841,0,174322
21842,0,174323
21843,0,174324
21844,0,174325
21845,0,174326
21846,0,174327
21852,2,151153
21876,0,71220
21877,0,71221
21878,0,71222
21879,0,71223
21883,1,71227
21938,1,30163
21965,0,24897
21972,4,9897
22019,4,161458
22020,4,161459
22021,0,161460
22046,4,107532
22047,4,50213
22051,4,150402
22088,2,96346
22090,4,117621
22160,2,101337
22161,0,101338
22163,4,180427
22196,4,139465
22197,0,139466
22198,0,139467
22199,0,139468
22200,0,139469
22201,0,139470
22240,0,27424
22301,4,73543
22322,1,16670
22327,1,121515
22378,0,85627
22379,0,85628
22445,4,146354
22448,1,31932
22457,1,43420
22458,1,43421
22469,1,43432
22474,0,43437
22475,0,43438
22476,0,43439
22477,0,43440
22478,2,43441
22483,1,34635
22513,0,53709
22514,0,53710
22533,0,180917
22544,0,180928
22545,1,180929
22546,1,180930
22547,1,180931
22552,0,180936
22553,0,180937
22554,0,180938
22555,0,180939
22556,0,180940
22557,0,180941
22558,0,180942
22559,0,180943
22560,0,180944
22561,0,180945
22562,0,180946
22563,0,180947
22564,0,180948
22565,0,180949
22566,0,180950
22567,0,180951
22568,0,180952
22569,0,180953
22570,0,180954
22571,0,180955
22572,0,180956
21397,0,44730
21398,0,44731
21399,0,44732
21400,0,44733
21401,0,44734
21403,4,75910
21414,1,166787
21439,4,52423
21443,1,149703
21512,0,92647
21513,4,185532
21533,0,98151
21534,0,98152
21535,0,98153
21536,0,98154
21537,0,98155
21538,0,98156
21543,0,98161
21544,0,98162
21545,0,98163
21546,0,98164
21547,0,98165
21548,0,98166
21549,0,98167
21550,0,98168
21551,0,98169
21552,0,98170
21553,0,98171
21554,0,98172
21555,0,98173
21556,0,98174
21557,0,98175
21558,0,98176
21559,0,98177
21560,0,98178
21561,0,98179
21562,0,98180
21563,0,98181
21564,0,98182
21565,0,98183
21566,0,98184
21567,0,98185
21568,0,98186
21569,0,98187
21570,0,98188
21571,0,98189
21572,0,98190
21573,0,98191
21574,0,98192
21575,0,98193
21576,0,98194
21582,4,33949
21583,0,33950
21589,1,177287
21611,5,156221
21618,1,156228
21619,1,156229
21620,1,156230
21621,0,156231
21625,1,80055
21626,1,80056
21653,2,80083
21670,0,136253
21671,0,136254
21672,0,136255
21673,0,136256
21674,0,136257
21677,0,154475
21678,0,154476
21679,0,154477
21680,0,154478
21681,0,154479
21682,2,154480
21683,0,154481
21690,4,116191
21717,1,49841
21773,0,76170
21774,0,76171
21775,0,76172
21776,0,76173
21777,0,76174
21778,0,76175
21779,0,76176
21780,0,76177
21781,0,76178
21782,0,76179
21783,0,76180
21785,2,76182
21786,2,76183
21787,2,76184
21788,2,76185
21789,2,76186
21801,0,76198
21807,0,76204
21808,0,76205
21809,0,76206
21810,0,76207
21811,2,76208
21812,2,76209
21813,2,76210
23121,1,12710
23122,1,12711
23130,0,11769
23132,1,43689
23133,1,43690
23160,0,73190
23161,0,73191
23162,0,73192
23175,0,84535
23176,0,82437
23177,2,43809
23178,2,43810
23182,0,43814
23183,0,43815
23184,0,43816
23185,0,43817
23186,0,43818
23187,0,43819
23188,0,43820
23189,0,43821
23190,0,43822
23191,0,43823
23192,0,43824
23193,0,43825
23195,0,43827
23209,0,45283
23210,0,45284
23211,0,45285
23212,0,45286
23213,0,45287
23214,0,45288
23215,0,45289
23216,0,45290
23217,0,45291
23218,0,45292
23219,0,45293
23220,0,45294
23221,0,45295
23222,0,45296
23223,0,45297
23224,0,45298
23225,0,45299
23226,0,45300
23227,0,45301
23228,0,45302
23229,0,45303
23230,0,45304
23231,0,45305
23232,0,45306
23233,0,45307
23234,0,45308
23235,0,45309
23306,4,71768
23372,0,115831
23373,0,115832
23374,0,115833
23375,1,115834
23376,1,115835
23398,5,74079
23400,5,74080
23401,5,74082
23422,1,13096
23423,1,13097
23424,1,13098
23425,1,13099
23426,1,13100
23485,0,118519
23486,0,118520
23487,0,118521
23488,0,118522
23489,0,118523
23490,0,118524
23491,0,118525
23492,0,118526
23493,0,118527
23498,0,118532
23499,0,118533
23500,0,118534
23501,0,118535
23502,0,118536
23503,0,118537
23504,0,118538
23507,0,112011
23508,0,112012
23509,0,112013
23510,0,112014
23511,0,112015
23512,0,112016
23513,0,112017
23514,0,112018
23515,0,112019
23516,0,112020
23517,0,112021
23518,0,112022
23519,0,112023
23520,0,112024
23521,0,112025
23522,1,112026
23523,0,112027
23524,0,112028
22573,0,180957
22574,0,180958
22575,0,180959
22576,0,180960
22577,0,180961
22580,0,16802
22610,0,50901
22611,0,50902
22612,0,50903
22625,4,142296
22626,4,142297
22627,4,142298
22628,4,142299
22656,4,181029
22657,4,181030
22744,4,58142
22750,0,132546
22751,0,132547
22752,0,132548
22753,0,132549
22754,0,132550
22755,0,132551
22756,0,132552
22757,0,132553
22758,0,132554
22759,0,132555
22760,0,132556
22761,0,132557
22762,0,132558
22763,0,132559
22764,0,132560
22765,0,132561
22766,0,132562
22767,0,132563
22768,0,132564
22769,0,132565
22770,0,132566
22771,0,132567
22772,0,132568
22773,0,132569
22774,0,132570
22775,0,132571
22776,0,132572
22777,0,132573
22778,0,132574
22779,0,132575
22780,0,132576
22781,0,132577
22782,0,132578
22783,0,132579
22784,0,132580
22785,0,132581
22786,0,132582
22787,0,132583
22788,0,132584
22789,0,132585
22790,0,132586
22791,0,132587
22792,0,132588
22793,0,132589
22794,0,132590
22795,0,132591
22796,0,132592
22797,0,132593
22798,0,132594
22799,0,132595
22800,0,132596
22801,0,132597
22802,0,132598
22803,0,132599
22804,0,132600
22805,0,132601
22806,0,132602
22827,4,57961
22883,0,48607
22885,0,48609
22886,0,48610
22887,0,48611
22975,0,167947
22978,4,167950
22988,1,181038
22989,1,181039
22992,0,175010
23060,4,127323
23077,1,80333
23091,0,12680
23092,0,12681
23093,0,12682
23094,0,12683
23095,0,12684
23096,0,12685
23097,0,12686
23098,0,12687
23099,0,12688
23115,1,12704
23116,1,12705
23117,1,12706
23118,2,12707
23119,1,12708
23120,1,12709
23908,0,157596
23909,0,157597
23910,0,157598
23911,0,157599
23912,0,157600
23913,0,157601
23915,0,157603
23916,2,157604
23917,2,157605
23936,4,32960
23938,0,40507
23939,0,40508
23940,0,40509
23941,0,40510
23942,0,40511
23943,0,40512
23944,2,40513
23947,1,40516
23973,1,49984
24024,1,115650
24025,1,115651
24026,1,115652
24027,1,115653
24034,0,93375
24035,0,93376
24036,0,93377
24037,0,93378
24038,0,93379
24039,0,93380
24040,0,93381
24041,0,93382
24042,0,93383
24058,0,93399
24059,0,93400
24060,0,93401
24061,0,93402
24062,0,93403
24063,0,93404
24064,0,93405
24065,0,93406
24066,0,93407
24069,1,115087
24071,1,115089
24072,1,115090
24073,1,115091
24074,1,115092
24130,0,46045
24131,0,46046
24132,0,46047
24133,0,46048
24134,0,46049
24135,0,46050
24136,0,46051
24137,0,46052
24138,0,46053
24139,0,46054
24140,0,46055
24149,0,46064
24150,0,46065
24171,1,104989
24172,1,104990
24183,0,31270
24184,0,31271
24186,0,31273
24187,0,31274
24188,0,31275
24189,0,31276
24190,0,31277
24191,0,31278
24192,0,31279
24193,0,31280
24194,0,31281
24195,0,31282
24196,0,31283
24197,0,31284
24198,0,31285
24199,0,31286
24200,0,31287
24201,0,31288
24202,0,31289
24203,0,31290
24231,0,131105
24232,0,131106
24233,0,131107
24234,0,131108
24235,0,131109
24236,0,131110
24237,0,131111
24238,0,131112
24239,0,131113
24240,0,131114
24241,0,131115
24242,0,131116
24243,0,131117
24244,0,131118
24245,0,131119
24246,0,131120
24247,0,131121
24248,0,131122
24249,0,131123
23525,0,112029
23526,4,112030
23527,4,112031
23599,2,85256
23600,0,85257
23601,0,85258
23602,0,85259
23603,0,85260
23604,0,85261
23605,0,85262
23606,0,85263
23607,0,85264
23608,0,85265
23609,0,85266
23610,0,85267
23611,0,85268
23612,0,85269
23613,0,85270
23614,0,85271
23615,0,85272
23616,0,85273
23617,0,85274
23627,4,131906
23635,0,115132
23636,0,115133
23637,0,115134
23638,0,115135
23639,0,115136
23640,0,115137
23641,0,115138
23642,0,115139
23643,0,115140
23644,0,115141
23645,0,115142
23646,0,115143
23647,0,115144
23648,0,115145
23649,0,115146
23650,0,115147
23651,0,115148
23652,0,115149
23654,0,115151
23655,0,115152
23656,0,115153
23657,0,115154
23658,0,115155
23659,0,115156
23660,0,115157
23661,0,115158
23662,0,115159
23663,0,115160
23664,0,115161
23665,0,115162
23666,0,115163
23667,0,115164
23668,0,115165
23669,0,115166
23670,0,115167
23671,0,115168
23672,0,115169
23673,0,115170
23684,0,125941
23685,0,125942
23715,4,26325
23717,4,26327
23733,4,109124
23776,0,91809
23777,0,91810
23778,0,91811
23779,0,91812
23780,0,91813
23781,0,91814
23782,0,91815
23783,0,91816
23784,0,91817
23791,1,18542
23792,0,18543
23793,0,18544
23794,0,18545
23795,0,18546
23796,0,18547
23797,0,18548
23798,0,18549
23799,0,18550
23800,0,18551
23801,0,18552
23802,0,18553
23803,0,18554
23804,1,18555
23823,0,18574
23835,1,18586
23898,2,157586
23899,0,157587
23900,0,157588
23901,0,157589
23902,0,157590
23903,0,157591
23905,0,157593
23906,0,157594
23907,0,157595
24973,1,42430
24974,1,42431
24975,1,42432
24976,1,42433
24977,1,42434
24978,1,42435
24979,1,42436
24980,1,42437
24981,1,42438
24982,1,42439
24983,1,42440
24984,1,42441
24985,1,42442
24986,1,42444
24987,1,42443
24988,1,42445
25003,4,142878
25013,1,14263
25023,4,172766
25024,4,172767
25025,4,172768
25026,4,172769
25032,0,39720
25033,0,179768
25071,2,8342
25072,2,8343
25073,2,8344
25074,0,30714
25075,0,30715
25076,0,30716
25077,0,30717
25078,0,30718
25079,0,30719
25080,0,30720
25081,0,30721
25082,0,30722
25083,0,30723
25084,0,30724
25085,0,30725
25086,0,30726
25087,0,30727
25088,0,30728
25089,1,30729
25092,0,30732
25093,0,30733
25094,0,30734
25095,0,30735
25096,0,30736
25097,0,30737
25098,0,30738
25099,0,30739
25100,0,30740
25101,0,30741
25102,0,30742
25103,0,30743
25127,4,158026
25136,4,138234
25142,0,97854
25143,0,97855
25144,0,97856
25145,0,97857
25146,0,97858
25147,0,97859
25148,0,97860
25149,0,97861
25150,0,97862
25151,0,97863
25152,0,97864
25153,0,97865
25154,0,97866
25155,0,39660
25156,0,39661
25157,0,39662
25158,0,39663
25169,0,39674
25170,0,39675
25171,0,39676
25172,0,39677
25181,0,39686
25182,0,39687
25183,0,39688
25184,0,39689
25185,0,39690
25186,0,39691
25196,2,39701
25197,2,39702
25198,2,39703
25199,2,39704
25200,2,39705
25201,0,39706
25202,0,39707
25203,0,39708
25204,0,39709
25205,0,39710
25208,1,80118
25222,1,80132
25249,4,182426
25293,1,124912
25294,0,124913
25299,4,148572
24250,0,131124
24251,0,131125
24252,0,131126
24253,0,131127
24254,0,131128
24255,0,131129
24256,0,131130
24257,0,131131
24258,0,131132
24259,0,131133
24260,0,131134
24261,0,131135
24262,0,131136
24263,0,131137
24264,0,131138
24265,0,131139
24266,0,131140
24267,0,131141
24268,0,131142
24269,0,131143
24270,0,131144
24271,0,131145
24272,0,131146
24273,0,131147
24274,0,131148
24275,0,131149
24276,0,131150
24277,0,131151
24278,0,131152
24279,0,131153
24280,0,131154
24281,0,131155
24282,0,131156
24283,0,131157
24307,2,40266
24308,0,40267
24309,2,40268
24310,2,40269
24311,2,40270
24323,0,40282
24324,0,40283
24325,0,40284
24326,0,40285
24327,0,40286
24328,0,40287
24329,0,40288
24330,0,40289
24331,0,40290
24332,0,40291
24333,0,40292
24334,0,40293
24335,0,40294
24336,0,40295
24337,0,40296
24338,0,40297
24339,0,40298
24340,0,40299
24341,0,40300
24342,0,40301
24393,1,124404
24394,1,124406
24494,2,181677
24495,2,181678
24514,0,181697
24558,0,138641
24559,0,138642
24615,0,113119
24638,0,95076
24675,0,164907
24676,0,164908
24677,0,164909
24678,0,164910
24679,0,164911
24757,2,43993
24758,0,43994
24759,0,43995
24760,0,43996
24761,0,43997
24762,0,43998
24763,0,43999
24764,0,44000
24765,0,44001
24766,0,44002
24767,0,44003
24798,0,44034
24799,0,44035
24800,0,44036
24801,0,44037
24802,0,44038
24823,1,34038
24829,0,138364
24830,0,138365
24912,0,67317
24913,0,67318
24914,0,67319
24944,1,67349
24951,1,38296
24960,4,111522
24962,4,157043
24972,1,4678
25311,1,161307
25312,1,161308
25367,4,97483
25386,0,128881
25387,0,128882
25388,0,128883
25389,0,128884
25390,0,128885
25391,0,128886
25392,0,128887
25393,0,128888
25394,0,128889
25395,0,128890
25396,0,128891
25397,0,128892
25398,0,128893
25399,0,128894
25400,0,128895
25401,0,128896
25402,0,128897
25403,0,128898
25404,0,128899
25405,0,128900
25406,0,128901
25407,0,128902
25408,0,128903
25409,0,128904
25410,0,128905
25411,0,128906
25418,2,47430
25419,2,47431
25420,0,47432
25458,1,162569
25459,1,162570
25460,1,162571
25496,1,12666
25509,1,117195
25510,1,117196
25572,0,54162
25573,0,54163
25574,0,54164
25575,0,54165
25576,0,54166
25577,0,54167
25578,0,54168
25579,0,54169
25580,0,54170
25581,0,54171
25582,0,54172
25583,0,54173
25584,0,54174
25585,0,54175
25586,0,54176
25587,0,54177
25588,0,54178
25589,0,54179
25590,4,54180
25591,0,54181
25592,0,54182
25593,0,54183
25594,0,54184
25596,0,54186
25597,0,54187
25598,0,54188
25599,0,54189
25600,0,54190
25601,0,54191
25602,0,54192
25603,0,54193
25604,0,54194
25605,0,54195
25606,0,54196
25607,0,54197
25608,0,54198
25609,0,54199
25610,0,54200
25611,0,54201
25612,0,54202
25614,0,90047
25615,0,90048
25616,0,90049
25617,0,90050
25618,0,90051
25619,2,86443
25620,2,86444
25621,2,86445
25622,2,86446
25623,2,86447
25642,4,19852
25647,0,71719
25654,4,175469
25659,0,114788
25660,0,114789
25661,0,114790
25662,0,114791
25663,0,114792
25664,0,114793
25665,0,114794
25666,0,114795
25667,0,114796
25668,0,114797
25669,0,114798
25731,0,96160
25732,4,96161
25733,0,96162
25734,2,96163
25737,0,83469
25738,0,83470
25739,0,83471
25740,0,83472
25741,0,83473
25742,0,83474
25743,0,83475
25744,0,83476
25745,0,83477
25746,0,83478
25747,0,83479
25748,0,83480
25753,1,23203
25754,1,23205
25756,1,23207
25757,1,23208
25759,1,23210
25795,0,109428
25796,4,120630
25808,4,157506
25867,4,90254
25868,0,90255
25869,0,90256
25870,0,90257
25871,0,90258
25872,0,90259
25873,0,90260
25874,0,90261
25875,0,90262
25880,0,90267
25881,0,90268
25882,0,90269
25883,0,90270
25884,0,90271
25885,0,90272
25886,0,90273
25887,0,90274
25888,0,90275
25905,1,94473
25913,4,167670
25938,0,40332
25939,0,40330
25988,0,183400
25990,0,3525
26001,0,31616
26002,0,31617
26003,0,31618
26025,0,71747
26026,0,71748
26027,0,71749
26028,0,71750
26103,5,60054
26106,1,134940
26107,1,134941
26108,1,134942
26109,1,134943
26110,1,134944
26182,4,164919
26183,4,164920
26187,4,116217
26188,0,116218
26189,0,116219
26190,0,116220
26191,0,116221
26192,0,116222
26193,0,116223
26194,0,116224
26195,0,116225
26196,0,116226
26197,0,116227
26198,0,116228
26199,0,116229
26200,0,116230
26201,0,116231
26202,0,116232
26203,0,116233
26204,0,116234
26205,0,116235
26206,0,116236
26207,0,116237
26208,0,116238
26209,0,116239
26210,0,116240
26211,0,116241
26212,0,116242
26213,0,116243
26214,0,116244
26215,0,116245
26216,0,116246
26217,0,116247
26218,0,116248
26219,0,116249
26220,0,116250
26221,0,116251
26243,0,27690
26247,0,113585
26248,4,113586
26266,1,36607
26267,1,36608
26268,1,36609
26338,2,100126
26351,0,131400
26352,0,131401
26353,0,131402
26354,0,131403
26355,0,131404
26356,0,131405
26357,0,131406
26358,0,131407
26359,0,131408
26389,0,65325
26390,0,65326
26392,0,65328
26393,0,65329
26394,0,65330
26395,0,65331
26396,0,65332
26397,0,65333
26398,0,65334
26399,0,65335
26400,0,65336
26401,0,65337
26402,0,65338
26403,0,65339
26404,0,65340
26405,0,65341
26406,0,65342
26407,0,65343
26408,0,65344
26409,0,65345
26410,0,65346
26411,0,65347
26412,0,65348
26413,0,65349
26414,0,65350
26415,0,65351
26416,0,65352
26417,0,65353
26418,0,65354
26419,0,65355
26437,1,166389
26448,1,166400
26449,1,166401
26450,2,166402
26451,2,166403
26483,1,56978
26487,1,56982
26494,1,56989
26495,1,56990
26496,1,56991
26497,1,56992
26506,0,7592
26513,1,77859
26514,1,77860
26515,1,77861
26516,1,77862
26517,1,77863
26525,0,155455
26530,0,8742
26584,1,119963
26588,0,99612
26589,0,99613
26590,0,99614
26591,0,99615
26592,0,99616
26593,0,99617
26616,4,104923
26619,1,100645
26624,4,19357
26632,4,20514
26649,0,11451
26650,0,11452
26651,0,11453
26652,0,11454
26669,2,67011
26675,4,1904
26686,0,76274
26687,0,76275
26688,0,76276
26701,0,126927
26702,0,126928
26704,0,126930
26705,0,73791
26727,0,174493
26804,1,13272
26805,1,13273
26806,4,150309
26807,4,150310
26808,4,150311
26809,4,150312
26810,4,150313
26811,4,150314
26812,4,150315
26813,4,150316
26814,4,150317
26815,4,150318
26816,4,150319
26817,4,150320
26818,4,150321
26819,2,150322
26820,4,150323
26821,4,150324
26822,4,150325
26823,4,150326
26824,4,150328
26825,4,150327
26826,4,150329
26831,0,105213
26838,1,71345
26839,1,71346
26886,1,145608
26887,1,145609
26888,1,145610
26889,1,145611
26890,1,145612
26891,1,145613
26931,1,159675
26953,0,16892
26954,0,16893
26955,0,16894
27000,1,87431
27002,1,87432
27003,1,87434
27079,0,10224
27081,0,10226
27082,0,10227
27083,0,10228
27084,0,10229
27099,1,57445
27100,1,57446
27101,1,57447
27102,1,57448
27156,0,175501
27157,0,175502
27158,0,175503
27159,0,175504
27160,0,175505
27161,0,175506
27162,0,175507
27163,0,175508
27164,0,175509
27165,0,175510
27166,0,175511
27167,0,175512
27168,0,175513
27169,0,175514
27170,0,175515
27171,0,175516
27172,0,175517
27173,0,175518
27174,0,175519
27175,0,175520
27180,2,175525
27181,1,175526
27185,0,185309
27186,0,185310
27187,0,185311
27188,0,185312
27189,0,185313
27190,0,185314
27191,0,185315
27192,0,185316
27193,0,185317
27194,0,185318
27195,0,185319
27196,0,185320
27199,4,150035
27204,1,98390
27306,1,27346
27307,1,27347
27334,1,46412
27335,0,46413
27336,0,46414
27337,0,46415
27357,4,131630
27386,4,129192
27400,1,174148
27428,4,163911
27433,1,38849
27491,0,23759
27507,1,3309
27508,1,3310
27509,1,3311
27510,1,3312
27511,4,122860
27512,0,122861
27525,4,55953
27526,4,55954
27527,4,55955
27547,4,115989
27548,4,115990
27563,0,163817
27564,0,163818
27565,0,163819
27566,0,163820
27567,0,163821
27568,0,163822
27569,1,163823
27579,0,163833
27580,0,163834
27581,0,163835
27587,4,141780
27594,0,11056
27595,0,11057
27596,0,11058
27597,0,11059
27598,0,11060
27599,0,11061
27600,0,11062
27601,0,11063
27602,0,11064
27603,0,11065
27606,4,136695
27607,0,73961
27608,0,73962
27609,0,73963
27620,1,185551
27628,1,22622
27645,4,100676
27646,4,100677
27647,4,108753
27658,0,144216
27717,4,122143
27728,5,12764
27729,5,12765
27762,0,82804
27775,4,19449
27792,4,147674
27798,0,35161
27821,0,22606
27857,0,147553
27859,4,147556
27860,4,147557
27861,4,147558
27881,0,23506
27882,0,23507
27883,0,23508
27884,0,23509
27885,0,23510
27886,0,23511
27887,0,23512
27888,0,23513
27889,0,23514
27890,0,23515
27891,0,23516
27892,0,23517
27893,0,23518
27894,0,23519
27895,0,23520
27896,0,23521
27897,0,23522
27898,0,23523
27899,0,23524
27900,0,23525
27901,0,23526
27902,0,23527
27903,0,23528
27904,0,23529
27905,0,23530
27906,0,104051
27907,0,104052
27933,0,122997
27934,0,74933
27946,0,81899
27947,0,81900
27948,0,81901
27949,0,81902
27950,0,81903
27951,0,81904
27952,0,81905
27953,0,81906
27954,0,81907
27955,0,81908
27956,0,81909
27957,0,81910
27958,0,81911
27959,0,81912
27960,0,81913
27961,0,81914
27962,4,81915
27963,4,81916
27964,4,81917
27965,4,81918
27966,4,81919
27967,0,81920
27968,0,81921
27969,0,81922
27970,0,81923
27971,0,81924
27972,0,81925
27973,0,81926
27974,0,81927
27975,0,81928
27976,0,81929
27977,0,81930
27978,0,81931
27979,0,81932
27980,0,81933
27981,0,81934
27983,4,126123
28030,0,125259
28048,0,103285
28049,4,23918
28053,4,23922
28054,4,23923
28055,0,23924
28056,0,23925
28057,4,23926
28058,4,23927
28059,4,23928
28060,4,23929
28061,4,23930
28076,4,23945
28077,4,23946
28078,4,23947
28079,4,23948
28080,4,23949
28092,0,86315
28105,0,39600
28106,0,39601
28107,0,39602
28108,0,39603
28109,0,39604
28110,0,39605
28111,0,39606
28112,0,39607
28113,0,39608
28114,0,39609
28115,0,39610
28116,0,39611
28117,0,39612
28118,0,39613
28119,0,39614
28120,0,39615
28121,0,39616
28174,0,171758
28176,1,29066
28199,1,48395
28209,1,89872
28219,4,158994
28257,0,143385
28297,0,168458
28302,0,62048
28383,4,10175
28401,1,139093
28413,1,121542
28414,1,121543
28415,1,121544
28416,1,121545
28417,0,121546
28418,0,121547
28420,0,121548
28421,0,121550
28431,0,8305
28435,0,134007
28460,0,133214
28461,0,133215
28478,4,148302
28626,2,90609
28627,2,90610
28637,0,110580
28638,0,110581
28639,0,110582
28645,0,110588
28646,0,110589
28647,0,110590
28648,0,110591
28649,0,110592
28650,0,110593
28651,0,110594
28652,0,110595
28653,0,110596
28654,0,110597
28655,0,110598
28656,0,110599
28657,0,110600
28658,0,110601
28659,0,110602
28660,0,110603
28661,0,110604
28662,0,110605
28663,0,110606
28664,0,110607
28665,0,110608
28666,0,110609
28667,0,110610
28668,0,110611
28669,2,110612
28704,0,179932
28706,0,179934
28740,0,110188
28741,0,110189
28742,0,110190
28743,0,95008
28744,0,95009
28745,0,95010
28760,0,54006
28794,1,103258
28887,4,64609
28890,0,118403
28891,0,118404
28892,0,118405
28893,0,118406
28894,0,118407
28895,0,118408
28896,0,118409
28897,0,118410
28898,0,118411
28900,0,118413
28901,0,118414
28902,0,118415
28903,0,118416
28904,0,118417
28905,0,118418
28906,0,118419
28907,0,118420
28908,0,118421
28909,0,118422
28910,0,118423
28911,0,118424
28912,0,118425
28913,0,118426
28914,0,118427
28915,0,118428
28916,0,118429
28917,0,118430
28918,0,118431
28919,0,118432
28920,0,118433
28921,0,118434
28923,0,118436
28924,0,118437
28925,0,118438
28926,0,118439
28927,0,118440
28928,0,118441
28929,0,118442
28934,0,118447
28935,0,118448
28936,0,118449
28937,0,118450
28938,0,118451
28939,0,118452
28940,0,118453
28941,0,118454
28942,0,118455
28943,0,118456
28944,0,118458
28946,0,118459
28947,0,118460
28948,0,118461
28949,0,118462
28953,0,153741
28954,0,153742
28955,0,153743
28956,0,153744
28958,0,153746
28959,0,153747
28960,0,153748
28961,0,153749
28962,0,153750
28963,0,153751
28964,0,153752
28965,0,153753
28966,0,153754
28967,0,153755
28968,0,153756
28969,0,153757
28970,0,153758
28971,0,153759
28972,0,153760
28973,0,153761
28974,2,153762
28975,0,153763
28976,0,153764
28977,0,153765
28978,4,153766
28979,4,153767
28980,4,153768
28981,4,153769
28982,4,153770
28983,4,153771
28984,4,153772
28985,4,153773
28986,4,153774
28987,4,153775
28988,4,153776
28989,4,153777
28990,0,153778
28991,0,153779
28992,0,153780
28993,0,153781
28994,0,153782
28995,0,153783
28996,0,153784
28997,0,153785
28998,0,153786
28999,0,153787
29000,0,153788
29001,0,153789
29019,4,125570
29073,4,119996
29079,4,69598
29080,4,69599
29083,1,18610
29088,4,140955
29096,0,11436
29101,0,3421
29102,0,3422
29127,0,164405
29140,1,82341
29141,1,82342
29142,1,82343
29143,1,82344
29144,1,82345
29145,1,82346
29146,1,82347
29147,1,82348
29148,1,82349
29149,1,82350
29161,0,1065
29162,0,1066
29163,0,1067
29164,0,1068
29176,0,1080
29177,0,1081
29178,0,1082
29180,0,103072
29188,0,65927
29189,0,65928
29190,0,65929
29214,0,24068
29247,2,173063
29265,1,29311
29342,0,154105
29395,2,156047
29430,2,115828
29443,1,184366
29449,4,63691
29456,1,15028
29457,1,15029
29458,1,17977
29484,1,152429
29485,1,152430
29487,1,152432
29488,1,152433
29493,2,138003
29502,4,95470
29516,2,13498
29522,2,64182
29531,1,46991
29551,1,167593
29585,0,156282
29586,0,156283
29587,0,156284
29588,0,156285
29589,0,156286
29590,0,156287
29591,0,156288
29592,0,156289
29593,0,156290
29594,0,156291
29595,0,156292
29596,0,156293
29597,0,156294
29598,0,156295
29599,0,156296
29600,0,156297
29601,0,156298
29602,0,156299
29603,0,156300
29604,1,156301
29605,1,156302
29606,1,156303
29607,1,156304
29608,1,156305
29609,0,156306
29610,0,156307
29611,0,156308
29612,0,156309
29613,0,156310
29614,0,156311
29615,0,156312
29628,4,88188
29640,1,86292
29641,1,86293
29642,1,86294
29643,1,86295
29675,4,127164
29695,1,109893
29697,4,136718
29709,0,121844
29731,1,49699
29732,1,49700
29766,2,12602
29768,2,12604
29769,2,12605
29770,2,12606
29771,2,12607
29795,0,49948
29801,4,46457
29803,4,46458
29804,0,46460
29805,4,46461
29816,4,80999
29819,4,150066
29820,4,150067
29821,4,150068
29823,4,150070
29873,4,155084
29878,1,116076
29880,0,46076
29889,2,126037
29905,0,149742
29954,0,103903
29992,0,39994
29993,0,39995
29994,0,39996
29995,0,39997
29996,0,39998
29998,1,40000
29999,1,40001
30039,2,40041
30040,0,40042
30041,0,40043
30042,0,40044
30043,0,40045
30044,0,40046
30045,0,40047
30046,0,40048
30047,0,40049
30048,0,40050
30049,0,40051
30050,0,40052
30051,0,40053
30052,0,40054
30053,0,40055
30086,4,38057
30113,2,29737
30118,0,164723
30139,2,123683
30140,2,123684
30141,2,123685
30142,2,123686
30143,2,123687
30149,0,132051
30150,0,132052
30151,0,132053
30152,0,132054
30153,0,132055
30179,0,7465
30185,0,5
30186,0,6
30187,0,7
30188,2,8
30189,0,9
30190,0,10
30203,0,109074
30235,0,159284
30236,0,159285
30237,0,159286
30238,0,159287
30239,0,159288
30240,0,159289
30241,0,159290
30242,0,159291
30243,0,159292
30244,0,159293
30245,0,159294
30246,0,159295
30247,0,159296
30248,0,159297
30249,0,159298
30250,0,159299
30251,0,159300
30252,0,159301
30253,0,159302
30254,0,159303
30255,0,159304
30256,0,159305
30257,0,159306
30258,0,159307
30266,1,159315
30269,0,159318
30270,0,159319
30271,0,159320
30322,0,50173
30323,0,50174
30324,0,50175
30325,0,50176
30326,0,50177
30327,0,50178
30328,0,50179
30329,0,50180
30330,0,50181
30331,0,50182
30332,0,50183
30333,0,50184
30334,0,50185
30335,0,50186
30336,0,50187
30337,0,50188
30338,0,50189
30339,0,50190
30347,4,141623
30348,0,46959
30394,4,169479
30430,1,16488
30484,0,6341
30485,0,6342
30486,0,6343
30487,0,6344
30488,0,6345
30497,0,105633
30498,0,105634
30514,1,69401
30515,1,69402
30559,0,46735
30569,0,76291
30571,2,76293
30594,2,76316
30595,2,76317
30596,2,76318
30597,2,76319
30598,2,76320
30599,2,76321
30600,2,76322
30601,0,76323
30602,0,76324
30603,0,76325
30604,0,76326
30605,0,76327
30606,0,76328
30607,0,76329
30608,0,76330
30609,0,76331
30656,0,154955
30666,0,154965
30683,0,119367
30686,0,32446
30707,1,58657
30711,5,17897
30715,1,152961
30716,1,152962
30717,1,152963
30718,1,152964
30719,1,152965
30720,1,152966
30722,0,152968
30723,1,152969
30730,4,91316
30740,1,144480
30741,1,144481
30744,1,170830
30745,2,30295
30767,1,81244
30774,1,81251
30775,1,81252
30776,1,81253
30777,1,81254
30787,2,81264
30788,2,81265
30789,2,81266
30790,2,81267
30791,2,81268
30792,2,81269
30793,1,81270
30794,1,81271
30795,1,81272
30796,1,81273
30797,1,81274
30801,1,81278
30802,1,81279
30803,1,81280
30817,1,158613
30865,0,175065
30866,0,175066
30867,0,175067
30868,0,175068
30869,0,175069
30870,0,175070
30871,0,175071
30872,0,175072
30873,0,175073
31051,0,45375
31052,0,45376
31055,0,158329
31057,4,45950
31068,0,61394
31069,2,9550
31070,2,9551
31071,2,9552
31089,0,157011
31096,4,148159
31986,1,159153
32035,4,57583
32076,2,127937
32105,0,143496
32106,0,143497
32107,0,143498
32108,0,143499
32109,0,143500
32110,0,143501
32111,0,143502
32112,0,143503
32113,0,143504
32114,0,143505
32115,0,143506
32116,0,143507
32117,0,143508
32118,0,143509
32119,0,143510
32120,0,143511
32121,0,143512
32122,0,143513
32123,0,143514
32124,0,143515
32125,0,143516
32126,0,143517
32127,0,143518
32128,0,143519
32147,0,177490
32149,4,23596
32162,4,23609
32163,4,23610
32164,4,23611
32165,4,23612
32166,4,23613
32167,4,23614
32170,1,102421
32190,4,159684
32200,0,62619
32203,0,62622
32204,0,62623
32205,0,62624
32206,0,62625
32207,0,62626
32208,0,62627
32209,0,62628
32210,0,62629
32211,0,62630
32227,2,62646
32228,2,62647
32229,0,62648
32230,0,62649
32231,0,62650
32232,0,62651
32239,4,57461
32247,4,134463
32254,1,157926
32255,0,157927
32256,0,157928
32257,0,157929
32258,0,157930
32259,0,157931
32260,0,157932
32261,0,157933
32262,0,157934
32263,0,157935
32264,0,157936
32265,0,157937
32266,0,157938
32267,0,157939
32268,0,157940
32269,0,157941
32270,0,157942
32271,1,157943
32272,1,157944
32273,0,157945
32274,0,157946
32276,0,157948
32277,0,157949
32278,0,157950
32279,0,157951
32280,0,157952
32281,0,157953
32282,0,157954
32283,0,157955
32284,0,157956
32285,0,157957
32286,0,157958
32287,0,157959
32288,0,157960
32289,1,157961
32307,4,10489
32308,0,68159
32309,0,68160
32310,0,68161
32311,0,68162
32312,0,68163
32313,0,68164
32314,0,68165
32315,0,68166
32316,0,68167
31097,4,148160
31164,0,13371
31193,4,161081
31217,4,66442
31270,0,80720
31279,0,178052
31281,0,178053
31304,1,170758
31305,1,170759
31308,0,170762
31309,0,170763
31327,0,122377
31328,0,122376
31340,4,95947
31456,0,29783
31458,4,29785
31459,4,29786
31464,1,140517
31529,1,125877
31552,0,93193
31553,0,93194
31554,0,93195
31555,0,93196
31556,0,93197
31557,0,93198
31558,0,93199
31559,2,93200
31560,0,93201
31561,0,93202
31562,0,93203
31570,0,131737
31630,2,134696
31634,0,3771
31636,0,3773
31637,0,3774
31638,0,3775
31639,0,3776
31641,4,73870
31642,2,109094
31643,0,109095
31644,0,109096
31652,2,115725
31658,0,98967
31669,4,71997
31687,0,147489
31698,0,147500
31699,0,147501
31700,0,147502
31701,0,147503
31702,0,147504
31703,0,147505
31704,0,147506
31705,0,147507
31706,0,147508
31707,0,147509
31708,0,147510
31754,2,125779
31766,1,152913
31773,0,128701
31790,0,10926
31792,0,10927
31794,0,10929
31795,0,10931
31797,0,10933
31799,0,10934
31803,1,106156
31823,1,161277
31836,0,161290
31859,0,177587
31860,0,177588
31878,4,99793
31881,0,101663
31882,0,101664
31883,0,101665
31884,0,101666
31885,0,101667
31886,0,101668
31887,0,101669
31888,0,101670
31889,0,101671
31890,0,101672
31891,0,101673
31892,0,101674
31893,0,101675
31894,0,101676
31895,0,101677
31896,0,101678
31897,0,101679
31898,0,101680
31899,0,101681
31900,0,101682
31901,0,101683
31902,0,101684
31903,0,101685
31904,0,101686
31938,0,58274
31939,0,58275
31943,0,134320
31974,1,159141
31975,1,159142
33103,0,129050
33104,0,129051
33105,0,129052
33106,0,129053
33107,0,129054
33108,0,129055
33122,1,72748
33195,0,153462
33196,0,153463
33197,0,153464
33198,0,153465
33199,0,153466
33200,0,153467
33201,0,153468
33202,0,153469
33203,0,153470
33204,0,153471
33206,0,153473
33207,0,153474
33208,0,153475
33209,0,153476
33210,0,153477
33211,0,153478
33212,0,153479
33213,0,153480
33214,0,153481
33225,0,56588
33226,0,56589
33227,0,56590
33243,4,16699
33269,4,154214
33270,4,154215
33303,4,158333
33306,0,46616
33345,4,131728
33357,5,61863
33446,1,44385
33468,0,75737
33474,0,148857
33485,0,149575
33487,4,149577
33524,4,107062
33543,0,28070
33544,0,28071
33545,0,28072
33557,0,117004
33605,4,165328
33617,0,143703
33618,0,143704
33619,0,143705
33620,0,143706
33621,0,143707
33623,0,143709
33624,0,143710
33625,0,143711
33626,0,143712
33627,0,143713
33628,0,143714
33629,0,143715
33651,0,143737
33652,0,143738
33653,0,143739
33654,0,143740
33657,4,32494
33706,1,46962
33726,4,45991
33727,4,45992
33728,4,45993
33730,4,45995
33765,1,96668
33787,2,85877
33788,1,85878
33792,1,23473
33795,0,23476
33827,0,65951
33828,0,65952
33829,0,65953
33830,0,65954
33831,0,65955
33832,0,65956
33833,0,65957
33834,0,65958
33835,0,65959
33836,0,65960
33837,0,65961
33869,0,51177
33879,0,159466
33899,4,109317
33976,1,27499
33979,0,27502
33980,0,27503
33981,0,27504
33990,1,27513
33991,1,27514
33992,1,27515
34002,2,27525
34003,2,27526
34004,2,27527
34005,2,27528
34006,2,27529
32317,0,68168
32318,0,68169
32319,0,68170
32320,0,68171
32321,0,68172
32322,0,68173
32345,1,61137
32346,1,61138
32348,1,61140
32359,1,61151
32360,2,61152
32365,0,61157
32366,0,61158
32367,0,61159
32368,0,61160
32369,0,61161
32370,0,61162
32371,0,61163
32372,0,61164
32373,0,61165
32374,2,61166
32400,4,165050
32442,4,182884
32449,4,6319
32501,0,51003
32516,0,114316
32517,0,114317
32519,0,114319
32521,0,114320
32523,0,114323
32524,0,114324
32525,0,92029
32526,0,92030
32528,0,92032
32535,1,93501
32536,1,93502
32537,1,93503
32538,1,93504
32539,1,93505
32571,1,4984
32572,1,4985
32573,1,4986
32574,1,4987
32586,4,142612
32599,0,57772
32600,0,57773
32601,0,57774
32602,1,157551
32604,2,184476
32644,2,51471
32670,0,74285
32671,0,74286
32672,0,74287
32673,0,74288
32706,4,18613
32708,4,18615
32724,2,47586
32782,1,34897
32783,0,34898
32784,0,34899
32811,0,102389
32812,0,102390
32824,0,68464
32825,0,68465
32874,4,58647
32913,1,131767
32923,2,91222
32985,0,57751
32986,0,57752
32987,4,36865
32988,0,36866
32989,0,36867
32990,0,36868
32999,4,118765
33000,4,118766
33001,4,118767
33015,1,152086
33016,1,152087
33017,1,152088
33018,1,152089
33019,1,152090
33020,1,152091
33029,1,152100
33030,0,152101
33031,0,152102
33032,0,152103
33033,0,152104
33034,0,152105
33035,0,152106
33036,0,152107
33037,0,152108
33038,0,152109
33039,0,152110
33041,0,152112
33053,4,179171
33054,4,179172
33067,0,109268
33069,4,109269
33079,1,129026
33102,0,129049
34035,2,150048
34054,1,177717
34096,5,54348
34097,2,54349
34098,4,54350
34106,4,15411
34107,4,15412
34136,2,77818
34137,0,77819
34138,0,77820
34142,0,130588
34143,0,130589
34144,0,130590
34145,0,130591
34146,0,130592
34147,0,130593
34148,0,130594
34149,0,130595
34150,0,130596
34151,0,130597
34158,0,130604
34159,0,130605
34160,0,130606
34161,0,130607
34162,0,130608
34163,0,130609
34164,0,130610
34165,0,130611
34166,0,130612
34167,0,130613
34168,0,130614
34169,0,130615
34170,0,130616
34171,0,130617
34172,0,130618
34173,0,130619
34174,0,130620
34175,0,130621
34176,0,130622
34177,0,130623
34178,0,130624
34179,0,130625
34180,0,130626
34181,0,130627
34182,0,130628
34183,0,130629
34189,4,31528
34205,2,45200
34208,0,45203
34209,0,45204
34210,0,45205
34211,0,45206
34212,0,45207
34213,0,45208
34214,0,45209
34215,0,45210
34216,0,45211
34217,0,45212
34218,0,45213
34219,0,45214
34220,0,45215
34221,0,45216
34222,0,45217
34223,0,45218
34224,0,45219
34225,0,45220
34226,0,45221
34227,0,45222
34228,0,45223
34229,0,45224
34230,0,45225
34231,2,45226
34232,0,45227
34233,0,45228
34234,0,45229
34235,0,45230
34254,4,146234
34302,1,85022
34303,1,85023
34304,1,85024
34305,1,85025
34306,1,85026
34307,1,85027
34308,1,85028
34359,0,62588
34361,1,62602
34392,4,122852
34419,4,81411
34421,1,79381
34423,0,62441
34426,0,94822
34427,0,94823
34428,0,94824
34429,0,94825
34430,0,94826
34431,0,94827
34432,0,94828
34433,0,94829
34479,2,70149
34483,2,70153
34521,1,109180
34526,4,39895
34573,0,56824
34574,1,56825
34575,0,56826
34591,0,150775
34611,4,175220
34619,1,103251
34621,2,103253
34622,0,103254
34645,0,115468
34646,0,115469
34681,1,157120
34689,4,25519
34749,4,131615
34761,2,125732
34762,2,125733
34763,2,125734
34764,5,125735
34765,5,125736
34769,0,125740
34770,0,125741
34771,0,125742
34772,0,125743
34773,0,125744
34774,0,125745
34775,0,125746
34776,0,125747
34777,0,125748
34778,0,125749
34779,0,125750
34780,0,125751
34781,0,125752
34782,0,125753
34783,0,125754
34784,0,125755
34785,0,125756
34786,0,125757
34871,0,86908
34872,0,86909
34873,0,86910
34874,0,86911
34875,0,86912
34876,0,86913
34877,0,86914
34878,0,86915
34879,0,86916
34880,0,86917
34881,0,86918
34882,0,86919
34883,0,86920
34884,0,86921
34885,0,86922
34886,0,86923
34887,0,86924
34888,0,86925
34889,0,86926
34890,0,86927
34891,0,86928
34892,0,86929
34893,0,86930
34894,0,86931
34895,0,86932
34896,0,86933
34897,0,86934
34898,0,86935
34899,0,86936
34900,0,86937
34901,0,86938
34902,0,86939
34903,0,86940
34904,0,86941
34905,0,86942
34906,0,86943
34907,0,86944
34908,0,86945
34909,0,86946
34951,0,60016
34977,0,130272
35011,1,22440
35012,1,22441
35045,1,117955
35050,4,147182
35054,4,90313
35055,0,164658
35064,4,14938
35094,2,65020
35097,0,121058
35099,4,45071
35120,0,150477
35121,0,150478
35122,0,150479
35136,0,178811
35137,0,178812
35138,0,178813
35139,0,178814
35140,0,178815
35141,0,178816
35142,0,178817
35143,0,178818
35146,4,173973
35147,4,173974
35148,4,173975
35149,4,173976
35228,4,173925
35262,0,62997
35263,0,62998
35264,0,62999
35265,0,63000
35266,0,63001
35360,0,145463
35361,0,145464
35385,4,165400
35386,4,161237
35424,4,108016
35426,0,54044
35440,4,32127
35487,0,75593
35496,4,72019
35553,4,147608
35554,0,45181
35557,4,167081
35559,0,136457
35560,0,136458
35561,0,136459
35562,0,136460
35563,0,136461
35564,0,136462
35565,0,136463
35566,0,136464
35567,0,136465
35568,0,136466
35569,0,136467
35570,0,136468
35571,0,136469
35572,0,136470
35573,0,136471
35613,1,32214
35636,4,45013
35656,0,168387
35657,0,168388
35658,0,168389
35659,0,168390
35660,0,168391
35661,0,168392
35662,0,168393
35664,0,168395
35665,0,168396
35666,0,168397
35683,5,58450
35684,4,58453
35685,4,58454
35711,1,146066
35712,1,146067
35720,2,123123
35736,2,184783
35737,2,184784
35738,2,184785
35780,0,68811
35797,0,21639
35798,4,21640
35801,4,159882
35816,0,34049
35817,0,34050
35818,0,34051
35819,0,34052
35840,0,34073
35841,0,34074
35842,0,34075
35843,0,34076
35844,0,34077
35845,0,34078
35846,0,34079
35847,0,34080
35848,0,34081
35849,0,34082
35850,0,34083
35851,0,34084
35852,0,34085
35853,0,34086
35854,0,34087
35855,0,34088
35856,0,34089
35857,0,34090
35858,0,34091
35859,0,34092
35863,4,63214
35864,4,63215
35937,0,92216
35938,0,92217
35975,4,171203
35976,4,171204
36023,0,46906
36029,4,44672
36039,4,16092
36046,2,182232
36047,2,182233
36048,2,182234
36106,4,66591
36114,1,22523
36119,4,103733
36129,0,61903
36130,0,61904
36131,0,61905
36132,0,61906
36141,0,61915
36142,0,61916
36143,0,61917
36144,0,61918
36145,0,61919
36162,2,61936
36163,2,61937
36164,2,61938
36165,2,61939
36166,2,61940
36167,2,61941
36168,2,61942
36169,2,61943
36170,2,61944
36171,2,61945
36172,2,61946
36173,0,61947
36174,0,61948
36175,0,61949
36176,0,61950
36177,0,61951
36178,0,61952
36179,0,61953
36243,4,169757
36244,4,169758
36249,4,103910
36339,4,125037
36340,4,155106
36342,4,155108
36343,4,155109
36377,0,51454
36386,0,51463
36390,2,72744
36439,4,36917
36452,4,105374
36456,0,22503
36459,4,86809
36489,0,91757
36490,0,91758
36491,1,170306
36504,0,129947
36529,0,106224
36560,0,56007
36571,2,176022
36572,0,176023
36587,4,184849
36594,4,9608
36608,0,108266
36623,4,63517
36642,0,106769
36643,0,106770
36644,0,22298
36645,4,42371
36696,0,25251
36751,0,133784
36757,0,178724
36763,0,16740
36764,0,16741
36765,0,16742
36766,0,16743
36767,0,16744
36768,0,16745
36769,0,16746
36770,0,16747
36771,0,16748
36772,0,16749
36773,0,16750
36774,0,16751
36775,0,16752
36776,0,16753
36777,0,16754
36778,0,16755
36779,0,16756
36780,0,16757
36781,0,16758
36782,0,16759
36783,0,16760
36784,0,16761
36785,0,16762
36786,0,16763
36787,0,16764
36788,0,16765
36789,0,16766
36790,0,16767
36791,0,16768
36792,0,16769
36793,0,16770
36794,0,16771
36795,0,16772
36796,0,16773
36797,0,16774
36798,0,16775
36799,4,16776
36800,0,16777
36801,0,16778
36802,4,16779
36804,0,16781
36805,0,16782
36806,0,16783
36807,0,16784
36808,0,16785
36809,0,16786
36810,0,16787
36811,0,16788
36812,0,16789
36813,0,16790
36814,0,16791
36815,0,16792
36816,0,16793
36817,0,16794
36818,0,16795
36886,0,35584
36898,0,35596
36899,0,35597
36900,0,35598
36910,0,35608
36911,0,35609
36912,0,35610
36913,0,35611
36914,0,35612
36915,0,35613
36916,0,35614
36917,0,35615
36918,0,35616
36919,0,35617
36920,0,35618
36921,0,35619
36922,0,35620
36923,0,35621
36924,0,35622
36925,0,35623
36967,0,106740
37000,0,90042
37001,0,90043
37006,1,172422
37037,0,125369
37039,0,125371
37040,0,125372
37041,0,125374
37042,0,125373
37043,0,125375
37044,0,125376
37045,0,125377
37046,0,125378
37047,0,125379
37048,0,125380
37061,2,125393
37062,2,125394
37063,2,125395
37064,2,125396
37065,2,125397
37066,0,125398
37067,0,125399
37068,0,125400
37069,0,125401
37070,0,125402
37071,0,125403
37072,0,125404
37073,0,125405
37074,0,125406
37109,1,118640
37125,0,118656
37137,4,166080
37148,4,51552
37154,2,132220
37173,0,54083
37203,0,55808
37218,0,139885
37264,0,153489
37285,4,133767
37290,0,141678
37291,0,141679
37292,0,141680
37293,0,141681
37294,0,141682
37295,0,141683
37296,0,141684
37297,0,141685
37298,0,141686
37299,0,141687
37300,0,141688
37301,0,141689
37302,0,141690
37310,4,146477
37364,0,112178
37365,0,112179
37366,0,112180
37367,0,112181
37368,0,112182
37369,0,112183
37370,0,112184
37371,0,112185
37372,0,112186
37373,0,112187
37374,0,112188
37375,0,112189
37384,0,62799
37385,0,62800
37386,0,62801
37387,0,62802
37389,1,62804
37390,1,62805
37391,1,62806
37409,4,86581
37410,4,86580
37425,4,22814
37426,1,22815
37465,4,134373
37469,4,31667
37477,4,27373
37490,0,134221
37491,0,134222
37492,0,134223
37493,0,134224
37494,0,134225
37495,0,134226
37496,0,134227
37497,0,134228
37498,0,134229
37499,0,134230
37500,0,134231
37501,0,134232
37502,0,134233
37503,0,134234
37504,0,134235
37505,0,134236
37507,0,134238
37508,0,134239
37509,0,134240
37511,2,134242
37512,2,134243
37513,2,134244
37514,0,134245
37515,0,134246
37516,0,134247
37517,0,134248
37518,0,134249
37519,0,134250
37520,0,134251
37521,0,134252
37522,0,134253
37523,0,134254
37524,0,134255
37525,0,134256
37526,0,134257
37527,0,134258
37528,0,134259
37529,0,134260
37530,0,134261
37531,0,134262
37532,0,134263
37533,0,134264
37534,0,134265
37535,0,134266
37536,0,134267
37537,0,134268
37538,0,134269
37539,0,134270
37546,0,134277
37547,0,134278
37558,0,134968
37576,0,149272
37577,0,149273
37578,0,149274
37579,0,149275
37580,0,149276
37581,0,149277
37582,0,149278
37583,0,149279
37584,0,149280
37585,0,149281
37586,0,149282
37587,0,149283
37590,1,149286
37603,0,149299
37604,0,149300
37605,0,149301
37606,0,149302
37607,0,149303
37608,0,149304
37609,0,149305
37610,0,149306
37611,0,149307
37612,0,149308
37613,0,149309
37614,0,149310
37615,0,149311
37616,0,149312
37618,0,149314
37619,0,149315
37620,0,149316
37635,4,106649
37663,5,8512
37673,4,116889
37677,0,67375
38274,4,2804
38292,0,91217
38299,0,152881
38300,0,152882
38326,1,139781
38336,4,15647
38343,0,114118
38349,1,74013
38350,1,74014
38351,1,74015
38352,1,74016
38356,1,138155
38397,0,98065
38398,0,98066
38399,0,98067
38400,0,98068
38401,0,98069
38402,0,98070
38403,0,98071
38404,0,98072
38405,0,98073
38406,0,98074
38407,0,98075
38408,0,98076
38409,0,98077
38410,0,98078
38411,0,98079
38412,0,98080
38413,0,98081
38417,0,96434
38418,0,96435
38419,0,96436
38427,1,96444
38430,0,96447
38431,0,96448
38432,0,96449
38433,0,96450
38434,0,96451
38435,0,96452
38436,0,96453
38437,0,96454
38438,0,96455
38439,0,96456
38440,0,96457
38441,0,96458
38442,0,96459
38443,0,96460
38444,0,96461
38445,0,96462
38446,0,96463
38447,0,96464
38448,0,96465
38449,0,96466
38450,0,96467
38451,0,96468
38452,0,96469
38453,0,96470
38454,0,96471
38458,2,96475
38465,0,93698
38466,2,93699
38467,0,93700
38468,1,33614
38493,0,66775
38494,0,66776
38502,4,133259
38508,0,26363
38509,0,26364
38521,4,154419
38571,4,601
38573,0,137417
38582,1,137426
38644,4,58851
38654,0,181983
38655,0,181984
38656,0,181985
38657,0,181986
38658,0,181987
38659,1,7998
38660,1,7999
38672,0,2353
38685,0,28876
38686,0,28877
38780,0,41497
38781,0,41498
38785,0,41502
38786,0,41503
38787,0,41504
38788,0,41505
38812,0,185366
38813,0,185367
38814,0,185368
38838,4,118921
38839,4,118922
38861,4,25157
38924,4,96903
38957,0,63613
39009,0,182740
39010,0,182741
39056,1,106153
37678,0,67376
37679,0,67377
37680,0,67378
37681,0,67379
37688,1,157459
37689,1,157460
37690,2,157461
37691,2,157462
37692,2,157463
37693,2,157464
37694,1,157465
37695,2,157466
37696,2,157467
37744,4,102613
37746,4,1871
37757,0,131389
37791,4,50736
37820,0,94367
37821,0,94368
37822,0,94369
37823,0,94370
37824,0,94371
37825,0,94372
37826,0,94373
37827,0,94374
37828,0,94375
37829,0,94376
37830,0,94377
37831,0,94378
37832,0,94379
37833,0,94380
37834,0,94381
37835,0,94382
37836,0,94383
37837,0,94384
37838,0,94385
37839,0,94386
37840,0,94387
37841,0,94388
37842,0,94389
37857,1,143260
37860,0,143263
37861,2,143264
37862,2,143265
37863,2,143266
37864,2,143267
37865,0,143268
37866,0,143269
37867,0,143270
37868,0,143271
37869,0,143272
37889,0,17346
37902,1,63878
37910,1,63886
37913,0,63889
37914,0,63890
37915,0,63891
37916,0,63892
37917,0,63893
37918,0,63894
37919,0,63895
37920,0,63896
37921,0,63897
37922,0,63898
37923,0,63899
37924,0,63900
37925,0,63901
37926,0,63902
37927,0,63903
37928,0,63904
37929,0,63905
37930,0,63906
37931,0,63907
37932,0,63908
37933,0,63909
37934,0,63910
37935,0,63911
37936,0,63912
37937,0,63913
37938,0,63914
37939,0,63915
37940,0,63916
37941,2,63917
37942,4,63918
37943,4,63919
37944,4,63920
37945,4,63921
38014,2,150430
38028,4,173116
38055,0,139124
38085,4,135859
38118,4,112766
38142,4,85992
38143,4,85993
38149,0,109931
38150,0,109932
38151,0,109933
38254,4,134289
38255,4,134290
38273,4,2803
39059,1,130759
39061,1,130760
39072,0,162879
39105,4,100510
39164,4,124523
39185,0,4458
39186,0,4459
39187,0,4460
39188,0,4461
39189,0,4462
39190,0,4463
39191,0,4464
39192,0,4465
39193,0,4466
39194,0,4467
39195,0,4468
39196,0,4469
39199,0,15006
39212,0,167321
39213,0,167322
39214,0,167323
39215,0,167324
39216,0,167325
39217,0,167326
39218,0,167327
39289,4,125368
39290,0,23034
39311,4,177097
39313,4,177099
39319,4,177105
39320,4,177106
39344,1,45964
39352,2,184895
39388,0,124442
39389,0,124443
39390,0,124444
39392,0,124446
39408,0,124462
39409,0,124463
39411,0,124465
39417,0,124471
39429,2,130171
39434,4,152832
39472,4,98885
39502,1,24359
39539,4,8685
39542,2,143006
39589,0,72087
39591,0,72089
39592,0,72090
39602,4,128753
39606,4,170603
39638,4,169789
39671,0,113650
39672,0,113651
39673,0,113652
39674,2,113653
39675,2,113654
39714,0,176572
39715,0,176573
39716,0,176574
39717,0,176575
39718,0,176576
39719,0,176577
39720,0,176578
39721,0,176579
39722,0,176580
39723,0,176581
39724,0,101223
39725,0,101224
39726,0,101225
39727,0,101226
39728,0,101227
39729,0,101228
39730,0,101229
39731,0,101230
39732,0,101231
39761,2,10855
39762,0,10856
39763,0,10857
39764,0,10858
39765,0,10859
39810,4,30621
39845,4,130765
39860,0,16432
39861,0,16431
39876,4,138959
39879,0,34474
39880,0,34475
39881,0,34476
39882,0,34477
39883,0,34478
39884,0,34479
39885,0,34480
39886,0,34481
39887,0,34482
39888,0,34483
39891,5,56223
39894,0,104540
39895,0,104541
39929,0,56569
39930,0,56570
39963,0,21532
39964,0,21533
39970,4,24092
39974,2,90797
39975,2,90798
39976,2,90799
39977,2,90800
39978,2,90801
39979,2,90802
39980,2,90803
39981,2,90804
39982,2,90805
39983,4,130788
39985,0,130790
39986,0,130791
39987,0,130792
39988,0,130793
39989,0,130794
39998,4,50851
40010,4,164895
40048,4,22906
40052,0,160088
40064,0,18530
40154,0,20261
40165,0,151899
40166,0,151900
40169,0,174284
40223,1,47637
40224,1,47638
40225,2,47639
40226,1,47640
40227,0,47641
40228,0,47642
40229,0,47643
40230,0,47644
40231,0,47645
40232,0,47646
40233,0,47647
40234,0,47648
40235,0,47649
40236,0,47650
40237,0,47651
40238,0,47652
40239,2,47653
40256,0,83082
40257,0,83083
40258,4,188
40265,0,56888
40267,0,56890
40274,0,56897
40293,4,41365
40307,0,179847
40308,0,179848
40310,0,179850
40354,1,105979
40355,1,105980
40356,2,105981
40357,2,105982
40416,1,169113
40417,1,169114
40427,1,163021
40428,1,163022
40429,1,163023
40430,1,163024
40431,1,163025
40432,1,163026
40447,4,178795
40450,4,178798
40459,0,42793
40460,0,42794
40461,0,42795
40468,4,167029
40470,4,167031
40475,0,114436
40541,0,26406
40553,4,94328
40556,0,105064
40557,0,105065
40558,1,105066
40565,1,105073
40599,5,150357
40600,5,150358
40604,5,109398
40619,0,155358
40636,0,877
40651,2,119838
40698,0,134864
40699,0,134865
40705,4,102397
40724,1,141537
40725,1,141538
40797,4,84251
40812,0,79849
40813,0,79850
40814,0,79851
40815,0,79852
40816,0,79853
40817,0,79854
40818,0,79855
40819,0,79856
40820,0,79857
40821,0,79858
40822,0,79859
40823,0,79860
40824,0,79861
40825,0,79862
40826,0,79863
40827,0,79864
40828,0,79865
40829,0,79866
40830,0,79867
40831,0,79868
40832,0,79869
40833,0,79870
40834,0,79871
40835,0,79872
40836,0,79873
40837,0,79874
40838,0,79875
40839,0,79876
40840,0,79877
40841,0,79878
40842,0,79879
40843,0,79880
40844,0,79881
40845,0,79882
40846,0,79883
40847,0,79884
40848,0,79885
40849,0,79886
40850,0,79887
40851,0,79888
40852,0,79889
40853,0,79890
40854,0,79891
40855,0,79892
40856,0,79893
40857,0,79894
40858,0,79895
40859,0,79896
40860,0,79897
40861,0,79898
40862,0,79899
40863,0,79900
40864,0,79901
40865,0,79902
40866,0,79903
40867,0,79904
40868,0,79905
40869,0,79906
40910,1,14846
40911,1,14847
40958,0,96294
40985,4,112072
40986,4,112073
41002,4,47955
41005,1,176992
41006,1,176993
41007,1,176994
41008,0,176996
41009,0,176995
41054,4,18054
41066,0,134294
41067,0,134295
41068,0,134296
41069,0,134297
41088,1,58746
41100,0,119397
41140,0,44928
41141,0,44929
41142,0,44930
41143,0,44931
41144,0,44932
41145,0,44933
41146,0,44934
41147,0,44935
41148,0,44936
41209,4,3712
41210,4,114204
41273,4,802
41274,4,801
41276,2,160911
41277,4,160912
41311,1,11897
41325,2,75071
41326,2,75072
41344,4,84799
41365,0,153836
41366,0,153837
41390,0,5468
41391,0,5469
41438,0,8278
41439,0,8279
41440,0,8280
41441,0,8281
41442,0,8282
41443,0,8283
41444,0,8284
41445,0,8285
41446,0,8286
41447,0,8287
41448,0,8288
41449,0,8289
41450,0,8290
41451,0,8291
41452,0,8292
41453,0,8293
41469,0,67545
41471,0,67547
41481,2,10952
41524,0,159708
41544,1,9225
41551,4,158258
41560,0,38360
41561,0,38361
41562,0,38362
41563,0,38363
41564,0,38364
41565,0,38365
41566,0,38366
41567,0,38367
41568,0,38368
41569,0,38369
41570,0,38370
41571,0,38371
41572,0,38372
41573,0,38373
41574,0,38374
41575,0,38375
41576,0,38376
41577,0,38377
41578,0,38378
41579,0,38379
41580,0,38380
41581,0,38381
41582,0,38382
41592,0,151163
41593,0,151164
41594,0,151165
41595,0,151166
41596,0,151167
41597,0,151168
41598,0,151169
41599,0,151170
41600,0,151171
41601,0,151172
41602,0,151173
41603,0,151174
41604,0,151175
41605,0,151176
41606,0,151177
41607,0,151178
41608,0,151179
41616,0,144807
41623,1,15581
41624,1,15582
41625,1,15583
41643,1,126216
41662,0,149470
41671,0,98428
41680,0,98437
41681,0,98438
41682,0,98439
41683,0,98440
41684,0,98441
41685,0,98442
41686,0,98443
41687,0,98444
41688,0,98445
41689,0,98446
41690,0,98447
41691,0,98448
41692,0,98449
41693,0,98450
41694,0,98451
41695,0,98452
41696,0,98453
41697,0,98454
41716,0,131072
41724,2,47760
41730,1,57110
41748,1,82490
41749,1,82491
41752,0,164708
41797,4,130870
41818,1,28634
41820,1,28636
41827,0,28643
41828,0,28644
41829,0,28645
41830,0,28646
41831,0,28647
41832,0,28648
41833,0,28649
41834,0,28650
41835,0,28651
41850,4,87076
41873,0,79956
42362,1,119598
42390,1,88037
42411,0,119022
42448,4,7271
42449,4,7272
42463,0,178460
42520,0,30214
42521,0,30215
42526,4,18882
42527,4,18883
42548,2,64074
42550,0,176306
42551,0,176307
42552,0,176308
42553,0,176309
42611,0,127540
42612,0,127541
42613,0,127542
42615,0,127543
42616,0,127545
42617,0,127546
42625,5,169387
42626,4,169388
42627,4,169389
42628,4,169390
42629,4,169391
42630,4,169392
42631,4,169393
42632,4,169394
42633,4,169395
42634,4,169396
42635,4,169397
42636,4,169398
42637,4,169399
42638,4,169400
42647,0,169409
42648,2,169410
42649,2,169411
42650,0,169412
42651,1,169413
42652,0,169414
42653,2,169415
42654,0,169416
42655,0,169417
42656,0,169418
42657,0,169419
42658,0,169420
42659,0,169421
42660,0,169422
42722,0,102594
42732,0,181736
42741,4,7717
42778,0,181526
42779,0,181527
42780,0,181528
42781,0,181529
42782,0,181530
42783,0,181531
42784,0,181532
42785,0,181533
42786,0,181534
42787,0,181535
42788,0,181536
42789,0,181537
42790,0,181538
42791,0,181539
42792,0,181540
42793,0,181541
42794,0,181542
42795,0,181543
42796,0,181544
42797,0,181545
42798,0,181546
42799,0,181547
42800,0,181548
42801,0,181549
42802,0,181550
42803,0,181551
42804,0,181552
42805,0,181553
42806,0,181554
42807,0,181555
42808,0,181556
42809,0,181557
42810,0,181558
42811,0,181559
42812,0,181560
42813,0,181561
42814,0,181562
42815,0,181563
42816,0,181564
42819,4,163370
42830,0,112979
42893,1,120175
42894,1,120176
42895,1,120177
42896,1,120178
42897,1,120179
42898,1,120180
42899,1,120181
41874,0,79957
41875,0,79958
41876,0,79959
41877,0,79960
41878,0,79961
41879,0,79962
41880,0,79963
41881,0,79964
41882,0,79965
41883,0,79966
41884,0,79967
41885,0,79968
41886,0,79969
41887,0,79970
41888,0,79971
41889,0,79972
41890,0,79973
41891,0,79974
41892,0,79975
41893,0,79976
41894,0,79977
41895,0,79978
41896,0,79979
41897,0,79980
41898,0,79981
41899,0,79982
41900,0,79983
41904,0,79987
41905,0,79988
41906,0,79989
41907,0,79990
41908,0,79991
41909,0,79992
41910,0,79993
41911,0,79994
41912,0,79995
41913,0,79996
41914,0,79997
41915,0,79998
41916,0,79999
41917,0,80000
41918,0,80001
41919,0,80002
41920,0,80003
41921,0,80004
41922,0,80005
41923,0,80006
41924,0,80007
41925,0,80008
41926,0,80009
41927,0,80010
41928,0,80011
41929,0,80012
41968,0,166523
41969,0,166524
41970,0,120002
41971,0,120003
41972,0,120004
41973,0,120005
41974,0,120006
41975,0,120007
41976,0,120008
41977,0,120009
41987,0,17743
41988,0,17744
42010,0,771
42012,0,124917
42013,0,124918
42014,0,124919
42015,0,124920
42016,0,124921
42017,0,124922
42019,4,105299
42022,1,105302
42035,4,63447
42063,0,80833
42079,0,173137
42080,0,173138
42084,0,185394
42097,4,109578
42098,4,109579
42099,4,109580
42101,4,109582
42102,4,109583
42160,4,144423
42172,1,7105
42177,0,7110
42187,0,88500
42188,0,88501
42189,0,88502
42260,4,94592
42261,4,94593
42262,4,94594
42263,4,94595
42277,0,92942
42283,4,50277
42302,5,104678
42303,5,104679
42308,4,51811
42334,0,181385
42900,1,120182
42934,0,36036
42937,4,132890
42952,1,47176
42953,0,47177
42955,0,47178
42956,0,47180
42969,0,166835
42981,0,65602
42982,0,65603
42983,0,65604
42984,0,65605
42985,0,65606
42986,0,65607
42987,0,65608
42988,0,65609
42989,0,65610
42990,1,165644
43008,0,167261
43076,4,20327
43080,0,2644
43094,0,9198
43096,4,165045
43097,4,165046
43098,5,165047
43125,0,103933
43126,0,103934
43127,0,103935
43128,0,103936
43132,4,116053
43133,4,116054
43135,4,116056
43137,4,116058
43146,1,116067
43163,0,114172
43220,0,35297
43223,0,156923
43227,0,14468
43228,0,14469
43229,0,14470
43230,0,14471
43231,0,14472
43232,0,14473
43233,0,14474
43234,0,14475
43237,0,131819
43245,4,108412
43268,0,1614
43289,0,20694
43298,4,94321
43299,4,94322
43300,0,94323
43302,1,4216
43313,4,60972
43329,0,102303
43331,4,166677
43332,2,146790
43340,0,98147
43341,0,98148
43353,1,29100
43354,1,29101
43355,1,29102
43358,0,29105
43359,0,29106
43360,0,29107
43361,0,29108
43362,0,29109
43395,0,183069
43397,0,183071
43400,0,183074
43401,0,183075
43402,0,183076
43413,4,9895
43424,1,185191
43425,1,185192
43434,0,60771
43436,0,60773
43446,1,93968
43447,1,93969
43448,1,93970
43449,1,93971
43483,0,30640
43496,4,170663
43529,0,25362
43559,0,55454
43560,0,55455
43562,0,97223
43564,0,97225
43565,0,97226
43566,0,97227
43609,4,154099
43617,4,48374
43619,1,50767
43635,4,34028
43652,1,126550
43657,0,108081
43658,0,108082
43665,4,144786
43691,0,86392
43692,0,86393
43693,0,86394
43694,0,86395
43695,0,86396
43696,0,86397
43697,0,86398
43698,0,86399
43699,0,86400
43700,0,86401
43701,0,86402
43702,0,86403
43703,0,86404
43704,0,86405
43705,0,86406
43706,0,86407
43707,0,86408
43708,0,86409
43709,0,86410
43710,0,86411
43711,0,86412
43712,0,86413
43713,0,86414
43714,0,86415
43737,0,60950
43791,4,54036
43823,2,43077
43824,2,43078
43825,2,43079
43827,0,43081
43828,0,43082
43884,0,69043
43885,0,69044
43939,0,176665
43940,0,176666
43941,0,176667
43943,0,176669
43944,0,176670
43945,0,137434
43971,4,151295
43978,1,137345
43979,5,137346
43989,0,137356
43990,0,137357
43991,0,137358
43992,0,137359
43993,0,137360
43994,0,137361
43995,0,137362
43996,0,137363
44006,0,12232
44023,0,124895
44025,0,124897
44026,0,124898
44027,0,124899
44028,0,124900
44029,0,124901
44030,0,137992
44042,1,10424
44044,1,10426
44046,1,10428
44090,1,32650
44140,4,124524
44158,1,115722
44175,4,28197
44178,1,28199
44180,1,138720
44210,1,75662
44220,0,41935
44226,0,20161
44229,0,27156
44230,0,27157
44231,4,27158
44232,2,27159
44233,0,27160
44234,0,27161
44235,0,27162
44236,0,27163
44237,0,27164
44238,0,27165
44239,0,27166
44240,0,27167
44241,0,27168
44242,0,27169
44243,0,27170
44244,0,27171
44261,4,32586
44286,0,93596
44287,0,93597
44288,4,38504
44289,4,38505
44290,4,38506
44310,4,101903
44374,0,35210
44375,0,35211
44376,0,35212
44377,0,35213
44386,0,102145
44431,4,11351
44458,4,136276
44460,0,129176
44464,4,105601
44470,0,35901
44471,0,35902
44492,4,83892
44507,0,179866
44508,0,179867
44509,0,179868
44510,0,179869
44511,0,179870
44512,0,179871
44513,0,179872
44514,0,179873
44515,0,179874
44516,0,179875
44517,0,179876
44518,0,179877
44519,0,179878
44520,0,179879
44521,0,179880
44522,0,179881
44523,0,179882
44524,0,179883
44525,0,179884
44526,0,179885
44527,0,179886
44528,0,179887
44529,0,179888
44532,0,179891
44533,0,179892
44534,0,179893
44535,0,179894
44536,0,179895
44537,0,179896
44538,0,179897
44539,0,179898
44540,0,179899
44541,0,179900
44542,0,179901
44543,0,179902
44544,0,179903
44601,4,145832
44610,4,32740
44628,4,53792
44630,1,135457
44631,1,135458
44632,1,135459
44638,1,135465
44670,2,139748
44671,2,139749
44672,2,139750
44673,2,139751
44674,2,139752
44675,2,139753
44676,0,139754
44677,0,139755
44678,0,139756
44679,0,139757
44680,0,139758
44681,0,139759
44700,0,63656
44708,0,184147
44709,0,184148
44710,0,184149
44711,0,184150
44725,0,163537
44726,0,163538
44728,0,163540
44729,0,163542
44737,0,163549
44738,0,163550
44739,0,163551
44740,0,163552
44752,1,31826
44795,1,144515
44796,1,144516
44797,1,144517
44798,1,144518
44799,1,144519
44800,1,144520
44801,1,144521
44802,1,144522
44803,1,144523
44804,1,144524
44818,0,140164
44819,0,140165
44820,0,140166
44821,0,140167
44848,0,73538
44856,4,136920
44859,4,136923
44879,0,95312
44880,0,95313
44881,0,95314
44882,0,95315
44883,0,95316
44884,0,95317
44885,0,95318
44886,0,95319
44887,0,95320
44888,0,95321
44889,0,95322
44890,0,95323
44891,0,95324
44913,4,82452
44939,4,39471
44946,4,172773
44964,1,123756
44965,1,123757
44966,1,123758
44972,5,117132
44973,2,117133
45001,4,27590
45023,0,34351
45024,0,34352
45025,0,34353
45026,0,34354
45027,0,34355
45028,0,34356
45029,0,34357
45030,0,34358
45032,4,12013
45065,0,145030
45066,0,145031
45067,0,145032
45068,0,145033
45069,0,145034
45070,0,145035
45071,0,145036
45072,0,145037
45074,0,33736
45078,0,168607
45132,1,88879
45169,1,35696
45175,1,35702
45176,1,35703
45177,1,35704
45205,0,99377
45206,0,99378
45207,0,99379
45208,0,99380
45249,0,34416
45250,0,34417
45251,0,34418
45252,0,34419
45253,0,34420
45254,0,34421
45255,0,34422
45256,0,34423
45257,0,34424
45258,0,34425
45259,0,34426
45260,0,34427
45261,0,34428
45262,1,34429
45263,1,34430
45264,1,34431
45265,1,34432
45272,4,107494
45274,4,91509
45340,4,99691
45347,0,77718
45348,0,77719
45349,0,77720
45350,0,77721
45351,0,77722
45352,0,77723
45353,0,77724
45354,0,77725
45362,4,42995
45380,0,111879
45387,1,54060
45413,0,74733
45424,0,102113
45425,0,102114
45433,4,31172
45459,1,66292
45460,1,66293
45461,1,66294
45462,1,66295
45463,1,66296
45464,1,66297
45465,1,66298
45466,1,66299
45467,2,66300
45468,2,66301
45481,0,102652
45482,0,102653
45483,0,102654
45484,0,102655
45485,0,102656
45486,2,102657
45509,4,89028
45512,0,23427
45513,0,23428
45514,0,23429
45515,0,23430
45516,0,23431
45517,0,23432
45518,0,23433
45519,0,23434
45520,0,23435
45521,0,23436
45522,0,23437
45523,0,23438
45524,0,23439
45525,0,23440
45526,0,23441
45527,0,23442
45528,0,23443
45529,0,23444
45533,0,23448
45566,1,165753
45606,4,5358
45623,4,64630
45624,4,64631
45661,0,78475
45664,0,78478
45665,0,78479
45688,0,161150
45711,4,46480
45712,4,46481
45819,0,71607
45820,0,71608
45821,0,97963
45822,0,97964
45825,1,37032
45829,0,2128
45830,0,2129
45831,0,2130
45832,0,2131
45833,0,2132
45834,0,2133
45835,0,2134
45836,0,2135
45837,0,2136
45838,0,2137
45839,0,2138
45840,0,2139
45841,0,2140
45842,0,2141
45843,0,2142
45866,0,56645
45874,0,151259
45875,0,124631
45876,0,124632
45877,0,124633
45878,0,124634
45879,0,124635
45880,0,124636
45881,0,124637
45882,0,124638
45883,0,124639
45884,0,124640
45885,0,124641
45886,0,124642
45887,0,124643
45888,0,124644
45889,0,124645
45890,0,124646
45891,0,124647
45892,0,124648
45898,0,124654
45899,0,124655
45900,0,124656
45901,0,124657
45904,4,97032
45921,4,153710
45922,4,153711
45923,4,153712
46005,4,103117
46028,0,97679
46029,0,97680
46030,0,97681
46031,0,97682
46032,0,97683
46033,0,97684
46034,0,97685
46035,0,97686
46036,0,97687
46040,0,97691
46041,0,97692
46042,0,97693
46043,0,97694
46047,2,97698
46055,0,133544
46056,0,133545
46058,0,133547
46079,1,61385
46080,1,61386
46081,1,61387
46088,4,55183
46091,0,79719
46126,4,126517
46134,1,107446
46177,0,114967
46178,0,114968
46179,0,114969
46180,0,114970
46181,0,114971
46185,0,77426
46190,1,19058
46248,4,56359
46262,0,61987
46283,0,21642
46302,4,54075
46309,0,36070
46313,0,36074
46329,0,184065
46349,0,54563
46362,1,12721
46373,5,162862
46375,1,65032
46376,1,65033
46378,1,65035
46380,1,65037
46386,0,65043
46387,0,65044
46388,0,65045
46389,0,65046
46390,0,65047
46391,0,65048
46392,0,65049
46393,0,65050
46394,0,65051
46395,0,65052
46396,0,65053
46397,0,65054
46400,0,65057
46418,1,77664
46419,1,77665
46420,0,77666
46421,0,77667
46422,0,77668
46423,0,77669
46424,0,77670
46425,0,77671
46426,0,77672
46427,0,77673
46428,0,77674
46429,0,77675
46430,0,77676
46431,0,77677
46432,1,77678
46433,1,77679
46434,1,77680
46435,1,77681
46436,0,77682
46437,0,77683
46438,0,77684
46439,0,77685
46440,0,77686
46441,0,77687
46442,0,77688
46443,0,77689
46450,0,141276
46451,0,141277
46452,2,141278
46453,0,141279
46454,2,141280
46455,2,141281
46456,2,141282
46457,0,141283
46522,0,144773
46550,0,182684
46571,1,96246
46572,1,96247
46573,1,96248
46611,4,117078
46647,4,183556
46666,0,137070
46667,0,137071
46669,0,137073
46670,0,137074
46671,0,137075
46672,0,137076
46682,0,9512
46712,4,102024
46771,1,97210
46805,4,48289
46806,5,48290
46807,5,48291
46808,5,48292
46809,5,48293
46810,4,44178
46829,1,40624
46830,0,40625
46831,0,40626
46832,0,40627
46833,0,40628
46834,0,40629
46835,0,40630
46836,0,40631
46837,0,40632
46838,0,40633
46839,0,40634
46840,0,40635
46841,0,40636
46842,0,40637
46843,0,40638
46844,0,40639
46845,0,40640
46846,0,40641
46847,0,40642
46848,0,40643
46861,2,27712
46862,2,27713
46863,2,27714
46864,2,27715
46865,2,27716
46866,0,27717
46867,0,27718
46868,0,27719
46869,0,27720
46870,0,27721
46871,0,27722
46881,1,9995
46882,1,9996
46883,1,9997
46884,1,9998
46885,1,9999
46886,1,10000
46887,1,10001
46888,1,10002
46889,1,10003
46891,0,27142
46892,0,27143
46929,0,117315
46930,0,117316
46931,0,117317
46932,0,117318
46933,0,117319
46934,0,117320
46935,0,117321
46936,0,117322
46937,0,117323
46938,0,117324
46939,0,117325
46941,0,117327
46942,0,117328
46943,0,117329
46944,0,117330
46945,0,117331
46946,0,117332
46947,0,117333
46948,0,117334
46949,0,117335
46950,0,117336
46962,2,149847
46963,2,149848
46964,2,149849
46966,2,149851
47030,4,142128
47031,4,142129
47032,4,142130
47068,1,112602
47069,1,112603
47070,1,112604
47071,1,112605
47072,1,112606
47073,1,112607
47074,1,112608
47075,1,112609
47099,4,78248
47112,0,51149
47113,0,51150
47114,0,51151
47115,0,51152
47116,0,51153
47117,0,51154
47118,0,51155
47119,0,51156
47120,0,51157
47121,0,51158
47122,0,51159
47123,0,51160
47124,0,51161
47180,0,67553
47181,0,67554
47182,0,67555
47183,0,67556
47184,0,67557
47185,0,67558
47186,0,67559
47197,0,178308
47204,0,176557
47217,0,4559
47218,0,4560
47219,0,4561
47220,0,4562
47221,0,4563
47222,0,4564
47223,0,4565
47224,0,4566
47225,0,4567
47226,0,4568
47227,0,4569
47228,0,4570
47229,0,4571
47230,0,4572
47231,0,4573
47232,0,4574
47233,0,4575
47234,0,4576
47235,0,4577
47236,0,4578
47237,0,4579
47238,0,4580
47239,0,4581
47240,0,4582
47241,0,4583
47242,0,4584
47243,0,4585
47244,0,4586
47245,0,4587
47246,0,4588
47247,0,4589
47248,0,4590
47249,0,4591
47250,0,4592
47251,0,4593
47252,0,4594
47253,0,4595
47286,1,68310
47287,1,68311
47291,0,68315
47292,0,68316
47293,0,68317
47294,0,68318
47295,0,68319
47296,0,68320
47297,0,68321
47298,0,68322
47299,0,68323
47300,0,68324
47301,0,68325
47302,0,68326
47303,0,68327
47304,0,68328
47305,0,68329
47306,0,68330
47307,0,68331
47308,0,68332
47309,0,68333
47310,0,68334
47311,0,68335
47312,0,68336
47313,0,68337
47314,0,68338
47315,0,68339
47316,2,68340
47317,2,68341
47363,0,97877
47368,1,56973
47398,4,161676
47450,2,53530
47454,0,16711
47455,0,16712
47456,0,16713
47457,0,16714
47458,0,16715
47459,0,16716
47460,0,16717
47461,0,16718
47462,0,16719
47463,0,16720
47464,0,16721
47465,0,16722
47466,0,16723
47467,0,16724
47468,0,16725
47474,0,9091
47475,0,9092
47476,0,9093
47490,4,94210
47491,4,94211
47493,4,94213
47494,4,94214
47495,4,94215
47553,4,182336
47574,0,23399
47575,0,23400
47576,0,23401
47577,0,23402
47578,0,23403
47579,0,23404
47580,0,23405
47581,0,23406
47582,0,23407
47583,0,23408
47584,0,23409
47585,0,23410
47586,0,23411
47587,0,23412
47588,0,23413
47589,0,23414
47590,0,23415
47591,0,23416
47592,0,23417
47593,0,23418
47594,0,23419
47630,0,45082
48024,4,28028
48083,1,102283
48086,2,102286
48087,1,102287
48088,1,102288
48089,1,102289
48090,1,102290
48091,1,102291
48092,1,102292
48118,1,163152
48119,2,141984
48120,2,141985
48121,2,141986
48122,2,141987
48123,2,141988
48124,0,141989
48125,2,141990
48126,2,141991
48127,2,141992
48128,2,141993
48130,2,141995
48131,2,141996
48132,2,141997
48133,2,141998
48135,2,142000
48136,2,142001
48137,2,142002
48138,2,142003
48139,0,142004
48140,0,142005
48141,0,142006
48157,0,142022
48158,0,142023
48159,0,142024
48160,0,142025
48161,0,142026
48162,0,142027
48163,0,142028
48190,2,130725
48191,2,130726
48192,2,130727
48193,0,22102
48194,4,22103
48197,4,143026
48200,0,40890
48225,4,12576
48242,0,18520
48243,0,18521
48293,0,105927
48294,0,105928
48295,0,105929
48296,0,105930
48297,0,105931
48298,0,105932
48299,0,105933
48300,0,105934
48306,0,105940
48307,0,105941
48308,0,105942
48309,0,105943
48310,0,105944
48311,0,105945
48312,0,105946
48313,0,105947
48314,0,105948
48315,0,105949
48316,0,105950
48317,0,105951
48318,0,105952
48335,2,105969
48336,2,105970
48337,2,105971
48338,2,105972
48339,0,105973
48340,0,105974
48341,0,105975
48342,0,105976
48343,0,105977
48344,0,105978
48356,2,62108
48357,2,62109
48377,4,121911
48434,0,15171
48461,0,34454
48477,4,110062
48494,0,63825
48532,4,147044
48533,4,147045
48535,0,100097
48542,4,177460
48560,1,137146
48561,1,137147
48562,1,137148
48563,1,137149
48564,1,137150
48565,1,137151
48566,1,137152
48567,1,137153
48568,0,137154
48577,0,82873
47637,0,159806
47639,0,159808
47644,4,6233
47660,1,122840
47665,2,137930
47681,0,141636
47687,0,67592
47713,1,154611
47742,2,154640
47746,0,161327
47751,0,92751
47752,0,92752
47753,0,92753
47754,0,92754
47755,0,92755
47756,0,92756
47757,0,92757
47758,0,92758
47759,0,92759
47760,0,92760
47761,0,92761
47762,0,92762
47763,0,92763
47764,0,92764
47765,0,92765
47767,4,100979
47768,4,100980
47774,4,100986
47775,4,100987
47776,4,100988
47777,4,100989
47793,0,24505
47817,1,68670
47842,2,109694
47853,4,9040
47859,0,60147
47861,0,184139
47862,0,184140
47919,0,39587
47921,0,39589
47922,0,39590
47944,4,141478
47945,4,141479
47947,4,141481
47951,0,116292
47952,0,116293
47953,0,116294
47954,0,116295
47955,0,116296
47956,0,116297
47957,0,116298
47958,0,116299
47959,0,116300
47960,0,116301
47961,0,116302
47962,0,116303
47963,0,116304
47964,0,116305
47965,0,116306
47966,0,116307
47967,0,116308
47968,0,116309
47969,0,116310
47970,0,116311
47971,0,116312
47972,0,116313
47973,0,116314
47974,0,116315
47976,0,116317
47977,0,116318
47978,2,116319
47979,2,116320
47980,2,116321
47981,2,116322
47982,2,116323
47983,2,116324
47984,0,116325
47985,0,116326
47986,0,116327
47987,0,116328
47988,0,116329
47989,0,116330
47990,0,116331
47991,0,116332
47992,0,116333
47993,0,116334
47994,0,116335
47995,0,116336
47996,0,116337
47997,0,116338
47998,0,116339
47999,0,116340
48000,0,116341
48001,0,116342
48002,0,116343
48003,0,116344
48004,0,116345
48005,0,116346
48006,0,116347
48007,0,116348
49164,0,78421
49165,0,78422
49166,0,78423
49167,0,78424
49168,0,78425
49169,0,78426
49170,0,78427
49171,0,78428
49172,0,78429
49173,0,78430
49174,0,78431
49175,0,78432
49205,0,84009
49206,2,84010
49207,2,84011
49208,2,84012
49209,0,84013
49210,0,84014
49211,0,84015
49212,0,84016
49213,0,84017
49214,0,84018
49215,0,84019
49216,0,84020
49217,0,84021
49218,0,84022
49219,0,84023
49220,0,84024
49221,0,84025
49222,0,84026
49223,0,84027
49224,0,84028
49225,0,84029
49226,0,84031
49228,0,84032
49229,0,84033
49230,0,84034
49231,0,84035
49232,0,84036
49233,0,84037
49234,0,84038
49235,0,84039
49236,0,84040
49238,0,84042
49239,0,84043
49240,0,84044
49241,0,84045
49242,0,84046
49243,0,84047
49251,0,84055
49252,0,84056
49253,0,84057
49255,0,84059
49256,0,84060
49257,0,84061
49258,0,84062
49259,0,84063
49260,0,84064
49261,0,84065
49262,0,84066
49265,4,178907
49275,0,179845
49317,4,49124
49321,0,178020
49322,0,178021
49323,0,178022
49326,0,136089
49327,0,136090
49328,0,136091
49329,0,136092
49337,4,171320
49385,0,162005
49386,0,162006
49387,0,162007
49388,0,162008
49389,0,162009
49390,0,162010
49391,0,162011
49392,0,180461
49394,0,180463
49402,4,110200
49404,4,110202
49518,4,127658
49545,0,160439
49546,0,160440
49547,0,160441
49616,0,83760
49618,4,85811
49631,4,153991
49652,4,33535
49655,5,13143
49656,0,13144
49657,0,13145
49658,4,110717
49672,0,92015
49695,0,115125
49696,0,115126
49723,1,124118
49767,4,92816
49787,0,163956
48586,4,3835
48587,4,3836
48595,2,69461
48615,0,69481
48646,4,7935
48648,2,7937
48660,1,101467
48661,1,101468
48662,1,101469
48663,1,101470
48664,1,101471
48665,1,101472
48666,1,101473
48698,4,74047
48724,1,67790
48725,1,67791
48726,1,67792
48741,5,67807
48792,2,9200
48793,2,9201
48794,2,9202
48860,1,75510
48931,1,180883
48932,1,180884
48951,0,107153
48952,0,107154
48954,0,107156
48969,4,165953
48970,0,165954
48971,0,165955
48972,0,165956
48973,0,165957
48974,0,165958
48975,0,165959
48976,0,165960
48977,0,165961
48978,0,165962
48979,0,165963
48980,0,165964
48981,0,165965
48982,0,165966
48983,0,165967
48984,0,165968
48985,0,165969
48986,0,165970
48987,0,165971
49050,4,88411
49051,4,88412
49052,4,88413
49094,4,60205
49095,4,60206
49096,4,60207
49097,4,60208
49098,4,60209
49099,4,60210
49100,4,60211
49101,4,60212
49102,4,60213
49103,4,60214
49104,4,60215
49105,4,60216
49106,4,60217
49107,4,60218
49108,4,60219
49109,4,60220
49110,4,60221
49111,4,60222
49112,4,60223
49113,4,60224
49114,4,60225
49131,0,16733
49135,1,78392
49136,1,78393
49137,1,78394
49138,1,78395
49139,1,78396
49140,1,78397
49141,1,78398
49142,1,78399
49143,1,78400
49144,1,78401
49145,1,78402
49146,1,78403
49147,1,78404
49148,1,78405
49149,0,78406
49150,0,78407
49151,2,78408
49152,2,78409
49153,2,78410
49154,0,78411
49155,0,78412
49156,0,78413
49157,0,78414
49158,0,78415
49159,0,78416
49160,0,78417
49161,0,78418
49162,0,78419
49163,0,78420
50349,4,20182
50350,4,20183
50352,4,20185
50353,4,20186
50358,1,102886
50359,1,102887
50401,0,121377
50402,2,97119
50470,0,81787
50471,0,81788
50513,0,150460
50539,1,7687
50545,1,7693
50546,1,7694
50547,1,7695
50556,1,149048
50560,0,46839
50561,0,46840
50562,0,46841
50563,0,46842
50564,0,46843
50565,0,46844
50566,0,46845
50567,0,46846
50568,0,46847
50569,0,46848
50570,0,46849
50571,0,46850
50572,0,46851
50573,0,46852
50574,0,46853
50575,0,46854
50576,0,46855
50577,0,46856
50578,0,46857
50579,0,46858
50580,0,46859
50581,0,46860
50582,0,46861
50583,0,46862
50584,0,46863
50585,0,46864
50586,0,46865
50587,0,46866
50588,0,46867
50589,0,46868
50590,0,46869
50591,0,46870
50592,0,46871
50593,0,46872
50594,0,46873
50595,0,46874
50600,4,31952
50609,4,94188
50663,2,134789
50671,0,8238
50673,1,40705
50685,4,163137
50687,4,125207
50688,4,125208
50689,4,125209
50726,4,102050
50788,0,16593
50789,0,16594
50790,0,16595
50791,0,16596
50792,0,16597
50793,0,16598
50794,0,16599
50795,0,16600
50799,4,143866
50826,0,67703
50829,0,173607
50874,4,37539
50884,4,37549
50895,1,15990
50896,1,15991
50897,1,15992
50898,1,15993
50899,1,15994
50921,4,10997
50977,4,172879
50984,0,101162
51012,4,45902
51031,4,134410
51036,0,147597
51085,0,102997
51086,4,102998
51087,4,102999
51088,4,103000
51089,4,103001
51112,0,116758
51113,0,116759
51114,0,116760
51115,0,116761
51116,0,116762
51117,0,116763
51118,0,116764
51119,0,116765
51120,0,116766
49788,0,163957
49789,0,163958
49790,0,163959
49836,0,92231
49837,0,92232
49838,0,92233
49839,0,92234
49840,0,92235
49842,0,92236
49843,0,92238
49844,0,92239
49845,0,92240
49846,0,92241
49847,0,92242
49848,0,92243
49849,0,92244
49850,0,92245
49851,0,92246
49852,2,92247
49853,2,92248
49854,2,92249
49855,0,92250
49856,0,92251
49857,0,92252
49858,0,92253
49859,0,92254
49860,0,92255
49861,0,92256
49862,0,92257
49863,0,92258
49864,0,92259
49865,0,92260
49866,0,92261
49867,0,92262
49868,0,92263
49869,0,92264
49870,0,92265
49871,0,92266
49872,0,92267
49873,0,92268
49874,0,92269
49875,0,92270
49876,0,92271
49877,0,92272
49878,0,92273
49879,0,92274
49880,0,92275
49882,0,92277
49883,0,92278
49884,0,92279
49885,0,92280
49886,0,92281
49887,0,92282
49888,0,92283
49889,0,92284
49890,0,92285
49891,0,92286
49892,0,92287
49893,0,92288
49894,0,92289
49895,0,92290
49896,0,92291
49897,0,92292
49913,4,11283
49922,4,36019
49930,0,50082
49932,0,50084
49933,0,50085
49934,0,50086
49938,0,40319
49939,0,40320
49940,2,40321
49941,2,40322
49984,0,56764
49993,4,184689
49994,4,184690
49995,4,147274
49996,4,147275
49997,2,147276
50000,4,69805
50017,0,119967
50020,0,119970
50046,4,53868
50048,2,53870
50141,0,65259
50142,0,65260
50209,2,129694
50210,2,129695
50211,0,129696
50212,0,129697
50213,0,129698
50214,0,129699
50215,0,129700
50258,1,1955
50298,4,39106
50335,4,164116
50339,4,20172
50340,4,20173
50341,4,20174
50348,4,20181
51318,0,91971
51319,0,91972
51326,0,65021
51328,0,65023
51334,0,81587
51335,0,64319
51345,4,172584
51346,4,172585
51383,0,170220
51384,0,170221
51385,0,170222
51386,0,170223
51387,0,170224
51388,0,170225
51389,0,170226
51390,0,170227
51391,0,170228
51392,0,170229
51438,1,14749
51461,4,118469
51462,4,118470
51515,2,72358
51517,0,83817
51535,4,140235
51605,0,145555
51606,0,145556
51607,0,145557
51608,0,145558
51609,0,145559
51610,0,145560
51611,0,145561
51612,0,145562
51613,0,145563
51614,0,145564
51615,0,145565
51616,0,145566
51618,0,145568
51619,0,145569
51620,0,145570
51621,0,145571
51622,0,145572
51623,0,145573
51624,0,145574
51625,0,145575
51626,0,145576
51627,0,145577
51628,0,145578
51629,0,145579
51630,0,145580
51631,0,145581
51632,0,145582
51633,0,145583
51634,0,145584
51669,2,121198
51672,0,121201
51673,0,121202
51674,0,121203
51675,0,121204
51686,0,181626
51687,0,181627
51688,0,181628
51689,0,181629
51690,0,181630
51691,0,181631
51692,0,181632
51693,0,181633
51694,0,181634
51695,0,181635
51696,0,181636
51697,0,181637
51698,0,181638
51699,0,181639
51700,0,181640
51701,0,181641
51702,0,181642
51703,0,181643
51704,0,181644
51705,0,181645
51706,0,181646
51707,0,181647
51709,0,40944
51744,4,179046
51765,0,106526
51766,0,106527
51767,0,106528
51768,0,106529
51769,0,106530
51770,0,106531
51771,0,106532
51772,0,106533
51810,1,75117
51811,1,75118
51816,0,75123
51817,0,75124
51818,0,75125
51819,0,75126
51820,0,75127
51821,0,75128
51822,0,75129
51823,0,75130
51121,0,116767
51122,0,116768
51132,0,59691
51133,0,59692
51147,5,23460
51148,5,23461
51149,4,23462
51151,4,163310
51161,0,130311
51164,2,130313
51165,0,130315
51166,2,130316
51168,2,130318
51169,2,130319
51170,2,130320
51171,1,130321
51172,2,130322
51174,2,130324
51175,2,130325
51176,5,130327
51177,1,130326
51180,2,130330
51181,2,130331
51199,4,22162
51200,4,22164
51201,0,78555
51211,4,131552
51214,1,147066
51228,0,106979
51229,0,106980
51230,0,106981
51231,0,106982
51232,0,106983
51239,4,173274
51240,0,173275
51241,0,173276
51243,4,173278
51244,4,173279
51245,4,173280
51246,0,173281
51247,0,173282
51248,4,173283
51249,4,173284
51250,4,173285
51251,4,173286
51252,4,173287
51253,4,173288
51254,4,173289
51256,0,173291
51257,0,173292
51258,0,173293
51259,0,173294
51260,0,173295
51261,0,173296
51262,0,173297
51263,0,173298
51264,0,173299
51265,0,173300
51266,0,173301
51267,0,173302
51268,0,173303
51269,0,173304
51270,0,173305
51271,0,173306
51272,0,173307
51273,0,173308
51274,0,173309
51275,0,173310
51276,0,173311
51277,0,173312
51278,0,173313
51280,1,173315
51281,1,173316
51282,0,173317
51283,2,173318
51284,0,173319
51285,0,173320
51287,1,173322
51288,1,173323
51289,1,173324
51290,1,173325
51291,0,36330
51292,0,36331
51293,0,36332
51294,0,36333
51295,0,36334
51296,0,36335
51297,0,36336
51298,0,36337
51299,0,36338
51300,0,36339
51301,0,36340
51302,0,36341
51303,0,36342
51304,0,36343
51305,0,36344
51306,0,36345
51307,0,36346
51308,0,36347
51309,4,139566
52514,0,87390
52515,0,87391
52516,0,87392
52517,0,87393
52518,0,87394
52519,0,87395
52520,0,87396
52569,0,63552
52570,0,63553
52571,0,63554
52572,0,63555
52573,0,63556
52574,0,63557
52575,0,63558
52576,0,63559
52577,0,63560
52578,0,63561
52579,0,63562
52580,0,63563
52581,0,63564
52582,0,63565
52647,0,33392
52649,1,33394
52664,2,109255
52696,4,56140
52698,4,56142
52760,0,17433
52761,0,17434
52762,0,17435
52763,0,17436
52768,2,19743
52769,2,19744
52812,1,88066
52843,0,107172
52856,0,92820
52857,0,92821
52858,0,154045
52868,4,181378
52898,4,22888
52909,4,111690
52916,4,121013
52932,1,82809
53017,4,134965
53021,4,162182
53034,0,149266
53035,0,149267
53068,0,84452
53069,0,84453
53070,0,84454
53071,0,84455
53072,0,84456
53073,0,84457
53074,0,84458
53075,0,84459
53076,0,84461
53077,0,84460
53078,0,84462
53079,0,84463
53080,0,84464
53081,0,84465
53082,0,84466
53083,0,84467
53084,0,84468
53085,0,84469
53086,0,84470
53087,0,84471
53138,0,177030
53139,0,177031
53140,0,177032
53141,0,177033
53142,0,177034
53143,0,177035
53144,0,177036
53192,4,154679
53221,4,11465
53222,4,11466
53233,0,11558
53234,0,11559
53235,0,11560
53236,0,11561
53237,0,11562
53238,0,11563
53239,0,11564
53240,0,11565
53241,0,11566
53242,0,11567
53277,1,111701
53278,0,111702
53281,4,87409
53283,4,87411
53286,4,87414
53289,4,87417
53290,4,87418
53337,0,761
53381,0,59770
53382,0,59771
53384,0,59773
53385,0,59774
53386,2,59775
53387,0,59776
51838,0,151138
51849,1,145542
51851,2,145543
51855,0,3261
51873,1,155701
51890,4,185291
51892,4,185293
51900,0,77353
51901,0,77354
51902,0,77355
51903,0,77356
51904,0,77357
51905,0,77358
51906,0,77359
51916,4,34996
51921,4,50518
51935,1,62786
51937,0,34277
51938,0,34278
51939,0,34279
51940,0,34280
51941,0,34281
51942,0,34282
51943,0,34283
51944,0,34284
51945,0,34285
51946,0,34286
51947,0,34287
51948,0,34288
51987,4,91136
52031,4,82247
52058,4,154262
52060,0,154264
52061,0,154265
52115,1,177964
52144,4,151913
52145,4,151914
52170,0,178887
52204,0,88575
52205,4,88576
52206,0,88577
52207,0,88578
52208,0,88579
52209,0,88580
52210,0,88581
52211,0,88582
52212,0,88583
52213,2,88584
52214,2,88585
52218,0,88589
52219,0,88590
52220,0,88591
52225,0,88596
52226,0,88597
52227,0,88598
52228,0,88599
52229,0,88600
52230,0,88601
52231,0,88602
52232,0,88603
52233,0,88604
52234,0,88605
52235,0,88606
52236,0,88607
52237,0,88608
52371,4,126711
52414,1,40884
52415,0,71298
52416,0,71299
52417,0,71300
52418,0,71301
52441,4,81786
52448,0,2945
52454,1,177847
52469,4,107400
52471,0,138397
52490,0,87366
52491,0,87367
52492,0,87368
52493,0,87369
52494,0,87370
52495,0,87371
52496,0,87372
52497,0,87373
52498,0,87374
52499,0,87375
52500,0,87376
52501,0,87377
52502,0,87378
52503,0,87379
52504,0,87380
52505,0,87381
52506,0,87382
52507,0,87383
52508,0,87384
52509,0,87385
52510,0,87386
52511,0,87387
52512,0,87388
52513,0,87389
53670,0,28021
53671,0,28022
53672,0,28023
53673,0,28024
53702,2,153487
53739,4,115638
53809,0,50050
53810,0,50051
53811,0,50052
53814,4,115276
53840,0,25094
53841,4,71433
53843,4,27314
53855,1,95776
53869,1,149695
53907,4,69115
53952,1,146013
53970,0,2480
53971,0,2481
53972,0,2482
53973,0,2483
53981,2,166480
53982,0,166481
53983,0,166482
53984,0,166483
53985,0,166484
53986,0,166485
53987,0,166486
53988,0,166487
54022,0,80491
54036,0,37238
54051,0,149730
54089,1,164634
54137,0,92793
54138,0,92794
54139,0,92795
54140,0,92796
54141,0,92797
54142,0,92798
54143,0,92799
54144,0,92800
54145,0,92801
54146,0,92802
54147,0,92803
54148,0,92804
54149,0,92805
54168,4,54517
54176,0,105393
54177,0,105394
54178,0,105395
54179,0,105396
54190,1,17619
54195,4,15392
54197,4,102451
54198,4,102452
54199,4,102453
54200,0,102454
54205,0,172111
54206,0,172112
54207,0,172113
54208,0,172114
54209,0,172115
54210,0,172116
54211,0,172117
54212,0,172118
54213,0,172119
54214,0,172120
54215,0,172121
54216,0,172122
54217,0,172123
54218,0,172124
54219,0,172125
54220,0,172126
54221,0,172127
54222,0,172128
54223,0,172129
54224,0,172130
54225,0,172131
54226,0,172132
54227,0,172133
54228,0,172134
54229,0,172135
54230,0,172136
54231,0,172137
54232,0,172138
54233,0,172139
54234,0,172140
54235,0,172141
54236,0,172142
54237,0,172143
54238,0,172144
54239,0,172145
54240,0,172146
54241,0,172147
54242,0,172148
54243,0,172149
54244,0,172150
54245,0,172151
54246,0,172152
54247,0,172153
53388,0,59777
53389,0,59778
53390,0,59779
53391,0,59780
53392,0,59781
53393,0,59782
53394,0,59783
53395,0,59784
53396,0,59785
53397,0,59786
53398,0,59787
53399,0,59788
53400,0,59789
53401,0,59790
53402,0,59791
53403,0,59792
53404,0,59793
53405,0,59794
53406,0,59795
53407,0,59796
53408,0,59797
53409,0,59798
53410,0,59799
53411,0,59800
53412,0,59801
53413,0,59802
53414,0,59803
53415,0,59804
53416,0,59805
53417,0,59806
53418,0,59807
53419,0,59808
53420,0,59809
53421,0,59810
53422,0,59811
53423,0,59812
53424,0,59813
53425,0,59814
53452,4,48830
53461,0,133858
53462,0,133859
53467,4,87127
53542,0,59512
53543,0,33536
53557,0,80638
53567,0,99101
53573,1,174386
53593,2,787
53594,0,788
53595,0,789
53596,0,790
53597,0,791
53598,0,792
53599,0,793
53614,1,103024
53615,1,103025
53616,1,103026
53622,0,27973
53623,0,27974
53624,0,27975
53630,0,27981
53631,0,27982
53632,0,27983
53633,0,27984
53634,0,27985
53635,0,27986
53636,0,27987
53637,0,27988
53638,0,27989
53639,0,27990
53640,0,27991
53641,0,27992
53642,0,27993
53643,0,27994
53644,2,27995
53645,2,27996
53646,2,27997
53647,2,27998
53648,2,27999
53649,2,28000
53650,2,28001
53651,2,28002
53652,2,28003
53653,0,28004
53654,0,28005
53655,0,28006
53656,0,28007
53657,0,28008
53658,0,28009
53659,0,28010
53660,0,28011
53661,0,28012
53662,0,28013
53663,0,28014
53664,0,28015
53665,0,28016
53666,0,28017
53667,0,28018
53668,0,28019
53669,0,28020
54841,4,18892
54842,4,18893
54843,4,18894
54844,4,18895
54845,5,18896
54846,4,18897
54847,4,18898
54858,0,27623
54859,0,27624
54860,0,27625
54861,0,27626
54862,0,27627
54903,0,75559
54904,1,75560
54905,0,75561
54906,2,75562
54907,2,75563
54911,0,62267
54920,0,127664
54921,0,127665
54922,0,127666
54923,0,127667
54924,0,127668
54925,0,127669
54926,0,127670
54927,0,127671
54928,0,127672
54929,0,127673
54930,0,127674
54931,0,127675
54932,0,127676
54933,0,127677
54934,0,127678
54935,0,127679
54936,0,127680
54937,0,127681
54938,0,127682
54939,0,127683
54940,0,127684
54941,0,127685
54942,0,127686
54943,0,127687
54944,0,127688
54945,0,127689
54976,0,173734
55020,1,131864
55021,1,131865
55022,1,131866
55030,4,148587
55047,0,157078
55048,0,157079
55049,2,157080
55050,2,157081
55051,0,157082
55052,0,157083
55053,0,157084
55054,0,157085
55055,0,157086
55056,2,157087
55069,0,45911
55070,4,45912
55072,4,9781
55076,0,148461
55077,0,148462
55079,0,148464
55237,0,155810
55257,1,174824
55258,1,174825
55259,1,174826
55260,1,174827
55267,1,159218
55333,4,164971
55357,0,104264
55381,1,112259
55387,4,51205
55388,4,51206
55389,4,51207
55390,4,51208
55393,4,16441
55402,4,69269
55403,4,69270
55420,0,101722
55447,1,153410
55473,0,141796
55490,1,48782
55491,1,48783
55520,0,113974
55521,4,90227
55547,0,169222
55549,0,169224
55554,4,140176
55555,4,140177
55568,0,102730
55569,0,102731
55570,4,102732
55593,0,110045
55603,1,33583
55632,0,108588
55646,0,150636
55647,0,150637
54248,0,172154
54249,0,172155
54250,0,172156
54251,0,172157
54252,0,172158
54253,0,172159
54254,0,172160
54255,0,172161
54256,0,172162
54257,0,172163
54258,0,172164
54259,0,172165
54260,0,172166
54261,0,172167
54315,2,48506
54316,0,48507
54317,0,48508
54318,0,48509
54319,0,48510
54320,0,48511
54321,0,48512
54322,0,48513
54323,0,48514
54324,0,48515
54325,0,48516
54326,0,48517
54327,0,48518
54328,0,48519
54329,0,48520
54330,0,48521
54331,0,48522
54385,0,119196
54386,0,119197
54387,0,119198
54388,0,119199
54389,0,119200
54390,0,119201
54391,0,119202
54392,0,119203
54393,0,119204
54394,0,119205
54395,0,119206
54396,0,119207
54397,0,119208
54398,0,119209
54399,0,119210
54400,0,119211
54426,0,161731
54427,0,161732
54428,0,161733
54429,0,161734
54430,0,161735
54431,0,161736
54432,0,161737
54433,0,161738
54434,0,161739
54435,0,161740
54436,0,161741
54437,0,161742
54438,0,161743
54439,0,161744
54440,0,161745
54441,0,161746
54442,0,161747
54443,0,161748
54444,0,161749
54445,0,161750
54446,0,161751
54447,0,161752
54448,0,161753
54449,0,161754
54450,0,161755
54451,0,161756
54452,0,161757
54453,0,161758
54454,0,161759
54455,0,161760
54456,0,161761
54457,0,161762
54458,0,161763
54459,0,161764
54489,2,19003
54511,5,51010
54514,4,162735
54515,2,162736
54516,4,162737
54541,4,98846
54546,2,36496
54564,0,174237
54566,0,169309
54587,0,171008
54651,1,161540
54676,2,44795
54692,4,151719
54833,4,120766
54834,0,18885
54835,0,18886
54836,0,18887
54839,4,18890
54840,4,18891
55648,0,150638
55649,0,150639
55650,0,150640
55651,0,150641
55652,0,150642
55653,0,150643
55666,0,123329
55674,4,5504
55713,4,12263
55755,4,172655
55756,4,172656
55757,4,172657
55768,1,86489
55769,1,86490
55770,2,86491
55771,1,86492
55772,2,86493
55780,0,86501
55781,0,86502
55782,2,86503
55783,2,86504
55784,2,86505
55785,2,86506
55786,2,86507
55810,4,131304
55841,0,172228
55865,0,55776
55866,0,55777
55867,0,55778
55868,0,55779
55869,0,55780
55870,0,55781
55871,0,55782
55872,0,55783
55873,0,55784
55874,0,55785
55875,0,55786
55876,0,55787
55877,0,55788
55878,0,55789
55879,0,55790
55880,0,55791
55881,0,55792
55882,0,55793
55883,2,55794
55887,2,55798
55888,2,55799
55895,0,47354
55941,0,160504
55946,2,85645
55947,2,85646
55952,0,62742
55953,0,62743
55984,4,125964
56002,2,56677
56017,4,140153
56071,0,84764
56073,0,84766
56074,0,84767
56084,0,175351
56085,0,175352
56086,0,175353
56087,0,175354
56146,0,38554
56147,0,38555
56148,0,38556
56149,0,38557
56153,0,125812
56154,0,125813
56155,0,125814
56156,0,125815
56157,0,125816
56159,0,125818
56160,0,125819
56161,0,125820
56162,0,125821
56260,0,14172
56261,0,14173
56262,0,14174
56263,0,14175
56264,0,14176
56265,0,14177
56266,0,14178
56267,0,14179
56268,0,14180
56269,0,14181
56270,0,14182
56271,0,14183
56272,0,14184
56273,0,14185
56274,0,14186
56275,0,14187
56279,0,14191
56280,0,14192
56281,0,14193
56282,0,14194
56283,0,14195
56284,0,14196
56285,0,14197
56286,0,14198
56287,0,14199
56288,0,14200
56289,0,14201
56290,0,14202
56291,0,14203
56292,0,14204
56293,0,14205
56294,0,14206
56295,0,14207
56296,0,14208
56297,0,14209
56298,0,14210
56299,0,14211
56300,0,14212
56301,0,14213
56302,4,14214
56303,4,14215
56304,4,14216
56305,4,14217
56306,4,14218
56307,4,14219
56308,4,14220
56309,4,14221
56311,4,14223
56312,4,14224
56313,4,14225
56314,4,14226
56315,4,14227
56316,0,14228
56332,4,45346
56333,4,45347
56334,4,45348
56335,4,45349
56339,4,75411
56360,1,154836
56362,1,154838
56414,0,27533
56415,0,27534
56416,0,27535
56417,0,27536
56418,0,27537
56419,0,27538
56420,0,27539
56421,0,27540
56422,0,27541
56423,0,27542
56424,0,27543
56450,0,74548
56451,0,74549
56452,0,332
56453,0,333
56454,2,334
56455,0,335
56474,0,23622
56477,0,23625
56478,0,23626
56488,0,23636
56489,0,23637
56490,0,23639
56491,0,23638
56492,0,23640
56493,0,23641
56494,0,23642
56495,0,23643
56496,0,23644
56497,0,23645
56498,0,23646
56499,0,23647
56500,0,23648
56501,0,23649
56502,0,23650
56503,0,23651
56505,4,155988
56508,1,165323
56512,0,10994
56603,0,91878
56604,0,91879
56605,0,91880
56606,0,91881
56607,0,91882
56608,0,91883
56609,0,91884
56610,0,91885
56611,0,91886
56612,0,91887
56613,0,91888
56614,0,91889
56615,0,91890
56616,0,91891
56617,0,91892
56618,0,91893
56619,0,91894
56620,0,91895
56621,0,91896
56623,0,91897
56624,0,91899
56625,0,91900
56658,2,89005
56659,0,89006
56660,0,89007
56661,0,89008
56663,0,89011
56665,0,89012
56666,0,89013
56674,0,171874
56675,0,171875
56677,1,171877
56678,1,171878
56679,1,171879
56681,1,171880
56682,1,171882
56683,1,171883
56684,1,171884
56685,1,171885
56686,1,171886
56692,1,171892
56693,1,171893
56694,1,171894
56695,1,171895
56696,1,171896
56697,1,171897
56698,1,171898
56699,0,171899
56700,0,171900
56702,0,171902
56703,0,171903
56704,2,171904
56705,2,171905
56713,0,138574
56714,0,138575
56715,0,138576
56716,0,138577
56717,0,138578
56718,0,138579
56719,0,138580
56720,0,138581
56721,0,138582
56722,0,138583
56723,0,138584
56724,0,138585
56725,0,138586
56727,0,138588
56778,4,597
56792,0,169302
56793,0,169303
56794,0,169304
56795,0,169305
56796,0,169306
56816,4,60701
56817,4,60702
56822,4,21523
56933,4,131940
56935,2,131942
56936,2,131943
56937,2,131944
56953,0,72368
56954,0,72369
56955,0,72370
56962,4,79231
56963,4,79232
56974,4,172734
56985,1,119540
56986,1,119541
56988,2,119543
56989,2,119544
56990,0,119545
56991,2,119546
56993,0,119547
56994,0,119549
56995,0,119550
56996,0,119551
56997,0,119552
56998,0,119553
56999,0,119554
57036,0,136573
57037,2,136574
57038,1,136575
57039,1,136576
57056,2,158241
57057,2,158242
57119,2,122158
57120,2,122159
57121,2,122160
57122,2,122161
57123,2,122162
57124,2,122163
57125,0,122164
57126,4,122165
57127,4,122166
57128,4,122167
57129,4,122168
57130,4,122169
57132,0,122171
57140,1,106308
57194,4,175403
57212,4,105743
57226,0,85494
57227,0,85495
57228,0,85496
57229,4,85497
57242,4,146513
57243,4,146514
57258,4,38886
57259,4,38887
57272,0,110093
57274,0,110095
57277,0,110098
57278,0,110099
57279,0,110100
57280,0,110101
57281,0,110102
57282,4,104288
57283,4,9792
57301,0,157133
57302,0,157134
57303,0,157135
57304,0,157136
57305,0,157137
57306,0,157138
57307,0,157139
57308,0,157140
57309,0,157141
57310,0,157142
57311,0,157143
57312,0,157144
57313,0,157145
57314,1,157146
57321,1,157153
57322,0,157154
57323,0,157155
57324,0,157156
57325,0,157157
57326,0,157158
57327,0,157159
57328,0,157160
57329,0,157161
57343,2,172718
57345,1,172720
57351,4,172892
57361,4,76695
57362,4,76696
57409,4,157678
57411,0,23109
57412,2,23110
57489,4,136928
57508,4,132763
57515,0,159181
57516,0,159182
57517,0,159183
57518,0,159184
57519,0,159185
57520,0,159186
57521,0,159187
57528,0,159194
57529,0,159195
57530,0,159196
57531,0,159197
57533,2,159199
57534,2,159200
57535,2,159201
57536,0,159202
57537,0,159203
57538,0,159204
57539,0,159205
57540,0,159206
57541,0,159207
57542,0,159208
57543,0,159209
57555,4,78935
57556,4,78936
57583,4,140400
57589,1,100381
57594,0,100386
57595,0,100387
57596,0,100388
57597,0,100389
57598,0,100390
57599,0,100391
57600,0,100392
57601,0,100393
57602,0,100394
57603,0,100395
57604,0,100396
57605,0,100397
57606,0,100398
57607,0,100399
57608,0,100400
57609,0,100401
57610,0,100402
57611,0,100403
57612,0,100404
57613,0,100405
57614,0,100406
57615,0,100407
57616,0,100408
57617,0,100409
57618,0,100410
57619,0,100411
57620,0,100412
57627,2,154688
58073,0,105906
58074,0,105907
58075,0,105908
58076,0,105909
58081,0,176081
58082,0,176082
58083,0,176083
58084,0,176084
58085,0,176085
58086,0,176086
58087,0,176087
58088,0,176088
58090,2,176090
58091,2,176091
58094,0,176094
58095,0,176095
58096,0,176096
58097,0,176097
58098,0,176098
58138,0,18239
58139,0,18240
58140,0,18241
58141,0,18242
58142,0,18243
58143,0,18244
58144,0,18245
58182,4,23395
58247,0,4696
58248,0,4697
58249,0,4698
58250,0,4699
58251,0,4700
58252,0,4701
58253,0,4702
58254,0,4703
58255,0,4704
58256,0,4705
58257,0,4706
58258,0,4707
58259,0,4708
58260,0,4709
58261,0,4710
58262,0,4711
58263,0,4712
58264,0,4713
58265,0,4714
58266,0,4715
58267,0,4716
58268,0,4717
58269,0,4718
58270,0,4719
58271,0,4720
58272,0,4721
58273,0,4722
58274,0,4723
58275,0,4724
58276,0,4725
58277,0,4726
58278,0,4727
58279,0,4728
58280,0,4729
58281,0,4730
58282,0,4731
58283,0,4732
58284,0,4733
58285,0,4734
58286,0,4735
58287,0,4736
58288,0,4737
58289,0,4738
58290,0,4739
58291,0,4740
58292,0,4741
58293,0,4742
58294,0,4743
58295,0,4744
58296,0,4745
58297,0,4746
58298,0,4747
58299,0,4748
58300,0,4749
58301,0,4750
58302,0,4751
58303,0,4752
58304,0,4753
58305,0,4754
58306,0,4755
58307,0,4756
58308,0,4757
58359,2,140699
58360,2,140700
58368,0,136226
58400,4,17328
58498,2,28419
58499,0,28420
58500,0,28421
58501,0,28422
58502,0,28423
58503,2,28424
58504,0,28425
57629,0,154690
57634,0,118021
57654,2,153693
57655,2,153694
57656,0,153695
57657,0,153696
57736,4,139531
57749,4,111255
57780,0,121426
57781,0,121427
57782,2,121428
57783,2,121429
57784,2,121430
57785,2,121431
57786,2,121432
57787,2,121433
57788,0,121434
57789,0,121435
57790,0,121436
57791,0,121437
57792,0,121438
57793,2,121439
57794,0,121440
57795,0,121441
57796,0,121442
57797,0,121443
57798,0,121444
57799,0,121445
57800,0,121446
57801,0,121447
57802,0,121448
57803,0,121449
57804,0,121450
57805,0,121451
57806,0,121452
57807,0,121453
57808,0,121454
57809,0,121455
57810,0,121456
57811,0,121457
57812,0,121458
57813,0,121459
57814,0,121460
57815,0,121461
57816,0,121462
57817,0,121463
57818,0,121464
57819,0,121465
57830,0,114786
57855,0,162029
57856,0,162030
57857,0,162031
57877,1,77300
57878,1,77301
57883,2,127931
57900,0,82134
57910,0,99743
57921,2,80548
57922,2,80549
57959,4,96981
57961,4,115407
57986,4,67908
58002,2,71432
58007,4,57409
58036,0,105869
58037,0,105870
58038,0,105871
58039,0,105872
58040,0,105873
58041,0,105874
58042,0,105875
58044,2,105877
58045,0,105878
58046,0,105879
58047,0,105880
58048,0,105881
58049,0,105882
58050,0,105883
58051,0,105884
58052,0,105885
58053,0,105886
58054,0,105887
58055,0,105888
58056,0,105889
58057,0,105890
58058,0,105891
58059,0,105892
58060,0,105893
58061,0,105894
58062,0,105895
58063,0,105896
58064,0,105897
58065,0,105898
58066,0,105899
58067,0,105900
58068,0,105901
58069,0,105902
58070,0,105903
58071,0,105904
58072,2,105905
59123,0,60630
59203,0,19373
59204,0,19374
59205,0,19375
59206,0,19376
59218,0,137726
59221,4,162375
59237,2,125413
59241,4,64729
59244,4,64732
59245,4,165739
59263,1,54635
59276,4,78264
59292,4,117792
59300,1,125180
59310,0,85196
59315,4,24412
59317,0,12998
59320,4,130646
59326,0,62984
59412,0,84585
59413,0,84586
59417,4,67895
59421,4,2234
59465,0,60959
59466,0,60960
59474,0,115616
59475,0,115617
59476,0,115618
59477,0,115619
59478,0,115620
59483,1,171270
59484,0,171271
59485,0,171272
59486,0,171273
59487,0,171274
59488,0,171275
59489,0,171276
59490,0,171277
59491,0,171278
59492,0,171279
59493,0,171280
59494,0,171281
59495,0,171282
59496,0,171283
59497,0,171284
59498,0,171285
59499,0,171286
59500,0,171287
59501,0,171288
59502,0,171289
59503,0,171290
59504,0,171291
59505,0,171292
59523,2,171310
59534,0,178095
59590,4,164749
59591,4,164750
59607,1,49974
59609,4,112311
59635,2,80959
59672,0,184053
59674,4,64913
59679,0,41267
59695,1,110302
59696,1,110303
59697,1,110304
59698,1,110305
59699,1,110306
59700,0,174526
59721,0,123977
59724,0,31120
59730,4,141719
59743,4,721
59744,4,722
59749,0,727
59774,4,134697
59777,0,34582
59783,1,47127
59784,1,47128
59785,1,47129
59794,4,160232
59795,1,171445
59796,1,171446
59797,1,171447
59798,1,171448
59813,4,1766
59829,0,124948
59830,2,124949
59831,2,124950
59832,2,124951
59878,1,167787
59913,4,111304
59916,4,74522
59918,4,74524
59919,4,74525
59920,4,74526
59921,4,74527
59923,0,169575
59924,0,169576
58505,0,28426
58527,4,10345
58533,4,12996
58593,2,184921
58594,1,184922
58595,1,184923
58675,0,66048
58713,0,93138
58714,0,93139
58733,0,11888
58738,4,4157
58740,1,57805
58745,0,57810
58746,0,57811
58747,0,57812
58748,0,57813
58749,0,57814
58750,0,57815
58783,4,146533
58799,1,43288
58800,1,43289
58802,1,43290
58803,1,43292
58804,2,43293
58806,2,43295
58813,0,43302
58814,0,43303
58815,0,43304
58816,0,43305
58817,0,43306
58818,0,43307
58819,0,43308
58820,0,43309
58821,0,43310
58822,2,43311
58823,0,43312
58824,2,43313
58825,0,43314
58826,0,43315
58827,0,43316
58832,0,128003
58833,0,128004
58834,0,128005
58835,4,79809
58909,0,26748
58910,0,26749
58911,0,26750
58912,0,26751
58913,0,26752
58914,0,26753
58915,0,26754
58916,0,26755
58917,0,26756
58919,0,26758
58920,0,26759
58921,0,26760
58922,0,26761
58923,0,26762
58924,0,26763
58925,2,26764
58926,2,26765
58929,2,26768
59085,0,60592
59086,0,60593
59087,0,60594
59088,0,60595
59089,0,60596
59090,0,60597
59091,0,60598
59092,0,60599
59093,0,60600
59094,0,60601
59095,0,60602
59096,0,60603
59097,0,60604
59098,0,60605
59099,0,60606
59100,0,60607
59101,0,60608
59102,0,60609
59103,0,60610
59104,0,60611
59105,0,60612
59106,0,60613
59107,0,60614
59108,0,60615
59109,0,60616
59110,0,60617
59111,0,60618
59112,0,60619
59113,0,60620
59114,0,60621
59115,0,60622
59116,0,60623
59117,0,60624
59118,0,60625
59119,0,60626
59120,0,60627
59121,0,60628
59122,0,60629
60569,0,97665
60570,0,97666
60571,0,97667
60626,0,107105
60638,0,40411
60640,4,35401
60663,4,125858
60684,1,41353
60685,1,41354
60726,0,5512
60727,0,5513
60728,0,5514
60729,0,5515
60730,0,5516
60731,0,5517
60732,0,5518
60733,0,5519
60734,0,5520
60735,0,5521
60736,0,5522
60738,0,5524
60739,0,5525
60740,0,5526
60741,0,5527
60742,0,5528
60743,0,5529
60744,0,5530
60745,0,5531
60746,0,5532
60747,0,5533
60748,0,5534
60749,0,5535
60750,0,5536
60751,0,5537
60752,0,5538
60753,0,5539
60754,0,5540
60755,0,5541
60756,0,5542
60757,0,5543
60758,0,5544
60759,0,5545
60760,0,5546
60761,0,5547
60762,0,5548
60763,0,5549
60783,1,90175
60786,0,90179
60788,2,90180
60789,2,90181
60794,4,164686
60820,4,117815
60831,0,174527
60832,1,174528
60893,0,67956
60894,0,67957
60895,0,67958
60896,0,67959
60904,4,650
60905,4,651
60924,4,170869
60925,4,170870
60985,0,48398
60990,0,48403
60991,0,48404
60993,0,48406
60997,0,48410
60998,0,48411
60999,0,48412
61000,0,48413
61001,0,48414
61002,0,48415
61003,0,48416
61004,0,48417
61005,0,48418
61006,0,48419
61007,0,48420
61008,0,48421
61009,0,48422
61010,0,48423
61011,0,48424
61012,1,48425
61013,1,48426
61014,1,48427
61015,1,48428
61016,1,48429
61017,1,48430
61018,1,48431
61019,0,48432
61020,0,48433
61021,0,48434
61022,0,48435
61023,0,48436
61024,0,48437
61025,0,48438
61026,0,48439
61027,0,48440
61028,0,48441
61029,0,48442
61030,0,48443
59925,0,169577
59926,0,169578
59951,1,169603
59958,0,169610
59959,0,169611
59960,0,169612
59961,0,169613
59962,0,169614
59963,0,169615
59964,0,169616
59965,0,169617
59966,0,169618
59967,0,169619
59968,0,169620
59969,0,169621
59970,0,169622
59971,0,169623
59972,0,169624
59973,0,169625
59974,0,169626
59975,0,169627
59976,0,169628
59977,0,169629
59978,0,169630
59979,0,169631
59996,0,49346
59997,0,49347
59998,0,49348
59999,0,49349
60000,0,49350
60001,0,49351
60002,0,49352
60004,0,49354
60006,0,49356
60007,0,49357
60008,0,49358
60009,0,49359
60010,0,49360
60011,0,49361
60012,0,49362
60013,0,49363
60014,0,49364
60015,0,49365
60016,0,49366
60017,0,49367
60018,0,49368
60019,0,49369
60020,0,49370
60154,0,155098
60155,0,155099
60156,0,155100
60157,0,155101
60158,0,155102
60159,0,155103
60172,4,19645
60173,4,19646
60174,4,19647
60175,4,19648
60176,4,19649
60251,4,37904
60304,0,13340
60305,0,13341
60307,0,13343
60312,0,116677
60330,0,122755
60331,0,122756
60332,0,122757
60333,0,122758
60334,0,122759
60335,0,122760
60336,0,122761
60348,2,129677
60350,0,129678
60352,4,174239
60370,4,122893
60371,4,122894
60383,4,171932
60390,4,106462
60427,0,56327
60428,0,56328
60429,0,56329
60430,0,56330
60431,0,56331
60455,4,79217
60461,4,79223
60462,4,79224
60463,4,79225
60466,1,113670
60467,1,113671
60468,1,113672
60469,1,113673
60480,4,170035
60481,4,170036
60482,4,170037
60483,4,170038
60493,0,143661
60494,0,143662
60521,1,147471
60545,0,22572
60568,0,97664
61031,0,48444
61032,0,48445
61033,0,48446
61034,0,48447
61035,0,48448
61037,4,24165
61038,4,24166
61039,4,24167
61058,4,82834
61098,0,24936
61099,0,24937
61149,0,2851
61179,0,36191
61180,0,36192
61181,0,36193
61182,0,36194
61183,0,36195
61184,0,36196
61185,0,36197
61186,0,36198
61216,4,2639
61217,4,2640
61218,4,2641
61219,4,2642
61225,0,115599
61228,0,115602
61229,0,115603
61234,4,149941
61248,5,7823
61249,1,7824
61253,0,7828
61255,0,146198
61256,0,146199
61257,0,146200
61258,0,146201
61259,0,146202
61260,0,146203
61261,0,146204
61323,0,140184
61344,4,29898
61352,4,167865
61353,4,167866
61358,4,145084
61415,0,7287
61418,4,103487
61419,4,103488
61433,2,92441
61435,0,92443
61436,0,92444
61437,0,92445
61438,0,92446
61439,0,92447
61440,0,92448
61441,0,92449
61442,0,92450
61466,1,92474
61468,0,144622
61470,0,120025
61471,0,120026
61472,0,120027
61529,0,2978
61530,0,2979
61531,0,2980
61532,0,2981
61533,0,2982
61534,0,2983
61535,0,2984
61536,0,2985
61537,0,2986
61538,0,2987
61539,0,2988
61540,1,65
61565,0,167432
61566,0,167433
61567,0,167434
61568,0,167435
61569,0,167436
61570,0,167437
61571,0,167438
61572,0,167439
61573,0,167440
61574,0,167441
61575,0,167442
61576,0,167443
61577,0,167444
61578,0,167445
61579,0,167446
61580,0,167447
61581,0,167448
61582,0,167449
61583,0,167450
61584,0,167451
61585,0,167452
61586,0,167453
61587,0,167454
61588,0,167455
61589,0,167456
61596,1,84501
61598,1,84503
61603,0,126172
61607,0,158822
61608,0,158823
61609,0,158824
61610,0,158825
61611,0,158826
61612,0,158827
61613,0,158828
61614,0,158829
61615,0,158830
61616,0,158831
61627,2,158842
61628,0,158843
61629,0,158844
61630,0,158845
61631,0,158846
61632,0,158847
61633,0,158848
61634,0,158849
61635,0,158850
61636,0,158851
61637,0,158852
61638,0,158853
61640,0,158855
61641,0,158856
61646,4,35458
61689,4,14686
61695,0,68998
61718,0,20858
61719,0,20859
61720,0,20860
61721,0,20861
61722,0,20862
61723,0,20863
61724,0,20864
61725,0,20865
61726,0,20866
61727,0,20867
61728,0,20868
61729,0,20869
61730,0,20870
61731,0,20871
61732,0,20872
61733,0,20873
61734,0,20874
61735,0,20875
61736,0,20876
61748,0,109751
61749,0,109752
61750,0,109753
61751,0,109754
61752,0,109755
61753,0,109756
61754,0,109757
61755,0,109758
61756,0,109759
61757,0,109760
61758,0,109761
61759,0,109762
61760,2,109763
61761,2,109764
61762,2,109765
61763,1,109766
61764,1,109767
61765,1,109768
61797,0,82093
61798,0,82094
61799,0,82095
61800,1,82096
61801,0,82097
61802,0,82098
61803,0,82099
61804,0,82100
61805,0,82101
61806,0,82102
61807,0,82103
61808,0,82104
61809,0,82105
61810,0,82106
61811,0,82107
61812,0,82108
61816,0,39794
61821,1,39799
61822,1,39800
61827,0,39805
61828,0,39806
61829,0,39807
61830,0,39808
61831,0,39809
61832,0,39810
61833,0,39811
61834,0,39812
61835,0,39813
61836,0,39814
61837,0,39815
61838,0,39816
61839,0,39817
61840,0,39818
61841,0,39819
61842,0,39820
61843,0,39821
62274,0,31354
62275,0,31355
62276,0,31356
62277,0,31357
62278,0,31358
62279,0,31359
62280,0,31360
62281,0,31361
62282,0,31362
62283,0,31363
62284,0,31364
62285,0,31365
62286,0,31366
62287,0,31367
62288,0,31368
62289,0,31369
62290,0,31370
62291,0,31371
62292,0,31372
62293,0,31373
62294,0,31374
62295,0,31375
62296,0,31376
62297,0,31377
62298,0,31378
62299,0,31379
62300,0,31380
62301,0,31381
62302,0,31382
62303,0,31383
62304,0,31384
62305,0,31385
62306,0,31386
62307,0,31387
62308,0,31388
62309,1,31389
62310,1,31390
62311,1,31391
62369,4,51987
62406,0,113548
62407,1,113549
62408,1,113550
62436,1,159850
62437,1,159851
62438,1,159852
62439,1,159853
62440,1,159854
62441,1,159855
62442,1,159856
62443,1,159857
62444,2,159858
62445,2,159859
62480,1,126976
62523,0,47267
62570,0,7637
62571,0,7638
62572,0,7639
62573,0,7640
62574,0,7641
62575,0,7642
62576,2,7643
62577,2,7644
62578,2,7645
62579,2,7646
62580,0,7647
62581,0,7648
62582,0,7649
62583,0,7650
62584,0,7651
62585,0,7652
62586,0,7653
62587,0,7654
62588,0,7655
62589,0,7656
62599,0,109363
62600,0,109364
62635,0,172090
62645,4,65533
62681,0,171868
62728,0,70075
62779,4,49774
62795,1,81860
62861,4,83661
62865,0,153633
62866,0,153634
62867,0,153635
62868,0,153636
62869,0,153637
62870,0,153638
62871,0,153639
62874,1,10765
62918,2,64334
62919,0,64335
62920,0,64336
62921,0,64337
62922,0,64338
62923,0,64339
62924,0,64340
62925,0,64341
62926,0,64342
61844,0,39822
61845,0,39823
61846,0,39824
61847,0,39825
61848,0,39826
61849,0,39827
61850,0,39828
61851,0,39829
61852,0,39830
61853,0,39831
61854,0,39832
61867,0,76287
61871,0,180661
61872,0,180662
61880,1,180670
61881,2,180671
61884,1,180674
61899,0,180689
61900,0,180690
61901,0,180691
61902,0,180692
61903,0,180693
61904,0,180694
61905,0,180695
61906,0,180696
61907,0,180697
61915,2,90437
61919,0,90441
61920,0,90442
61934,2,92133
61935,2,92134
61936,2,92135
61943,0,90857
61950,1,67636
61960,0,87460
61961,0,87461
61962,0,87462
61963,0,87463
61964,0,87464
61965,0,87465
61966,0,87466
61967,0,87467
61968,0,87468
61969,0,87469
61970,0,87470
61973,4,9907
61994,0,70849
62005,0,88223
62037,2,147933
62048,0,165216
62049,0,165217
62050,0,165218
62051,0,165219
62052,0,165220
62071,1,165239
62085,2,165253
62086,2,165254
62087,2,165255
62101,1,43974
62104,0,28025
62105,0,28026
62116,4,180069
62201,1,35134
62202,1,35135
62203,1,35136
62204,1,35137
62215,4,180737
62219,0,14109
62220,0,14110
62221,0,14111
62222,0,14112
62223,0,14113
62224,0,14114
62225,0,14115
62226,0,14116
62227,0,14117
62228,0,14118
62229,0,14119
62230,0,14120
62231,0,14121
62232,0,14122
62233,0,14123
62234,0,14124
62235,0,14125
62236,0,14126
62243,4,181738
62245,0,85564
62246,0,85565
62262,0,31342
62263,0,31343
62264,0,31344
62265,0,31345
62266,0,31346
62267,0,31347
62268,0,31348
62269,0,31349
62270,0,31350
62271,0,31351
62272,0,31352
62273,0,31353
62927,0,64343
62928,0,64344
62929,0,64345
62930,0,64346
62931,0,64347
62932,0,64348
62933,0,64349
62934,0,64350
62936,1,64352
62937,1,64353
62938,1,64354
62939,1,64355
62940,1,64356
62941,1,64357
62942,1,64358
62943,1,64359
62944,1,64360
62945,1,64361
62946,1,64362
62947,1,64363
62948,1,64364
62949,1,64365
62950,1,64366
62951,1,64367
62952,1,64368
62953,1,64369
62969,4,179086
62983,0,2890
62996,1,69739
62997,0,85955
63032,0,69024
63033,0,69025
63035,0,69027
63036,0,69028
63037,0,69029
63038,0,69030
63039,0,69031
63040,0,69032
63041,0,69033
63042,0,69034
63043,0,69035
63044,0,69036
63045,0,69037
63046,0,69038
63047,0,69039
63051,1,174537
63052,2,174538
63053,1,174539
63054,1,174540
63055,0,174541
63056,0,174542
63057,0,174543
63058,0,174544
63059,0,174545
63060,0,174546
63061,0,174547
63062,0,174548
63063,0,174549
63064,0,174550
63065,0,174551
63066,0,174552
63067,0,174553
63068,0,174554
63069,0,174555
63070,0,174556
63071,0,174557
63093,1,113034
63099,0,113040
63100,0,113041
63101,0,113042
63127,2,38832
63128,4,50979
63137,0,110446
63138,0,110447
63179,4,178464
63186,1,57429
63187,1,57430
63189,1,57431
63191,1,57433
63193,1,57435
63211,0,42159
63218,4,1798
63219,4,1799
63220,4,1800
63221,0,1801
63222,0,1802
63223,0,1803
63224,0,1804
63225,0,1805
63226,0,1806
63243,2,1823
63244,2,1824
63245,2,1825
63246,0,1826
63247,0,1827
63248,0,1828
63249,0,1829
63250,0,1830
63251,0,1831
63252,0,1832
63253,0,1833
63254,0,1834
63255,0,1835
63256,0,1836
63257,0,1837
63258,0,1838
63259,0,1839
63260,0,1840
63265,0,119522
63266,0,119523
63267,0,119524
63268,0,119525
63269,0,119526
63270,0,119527
63271,0,119528
63272,0,119529
63273,0,119530
63274,0,119531
63275,0,119532
63276,0,119533
63277,0,119534
63278,0,119535
63279,0,119536
63280,0,119537
63281,0,119538
63282,0,119539
63283,4,119251
63300,0,97410
63301,0,97411
63302,0,97412
63303,0,97413
63304,0,97414
63305,0,97415
63306,0,97416
63307,0,97417
63308,0,97418
63309,0,97419
63310,0,97420
63311,0,97421
63312,0,97422
63313,0,97423
63314,0,97424
63327,0,97437
63328,0,97438
63329,4,97439
63330,2,97440
63331,2,97441
63332,2,97442
63333,2,97443
63334,2,97444
63335,2,97445
63336,2,97446
63337,2,97447
63338,2,97448
63339,2,97449
63363,4,11784
63383,2,81700
63384,2,81701
63385,2,81702
63386,2,81703
63387,2,81704
63388,2,81705
63389,0,81706
63390,0,81707
63391,0,81708
63392,0,81709
63393,0,81710
63394,0,81711
63433,2,81750
63434,2,81751
63435,0,61342
63436,0,61343
63485,4,12914
63486,4,12915
63578,0,132231
63628,1,48892
63629,1,48893
63631,1,48894
63632,1,48896
63633,1,48897
63634,1,48898
63646,4,78082
63652,4,181479
63655,4,131307
63662,4,20169
63681,0,169301
63690,4,43158
63693,1,151334
63695,0,26935
63721,4,64819
63740,0,129634
63741,0,129635
63742,0,129636
63743,0,129637
63744,1,129638
63751,0,114701
63752,0,114702
63753,0,114703
63754,0,114704
63755,0,114705
64275,1,120561
64278,0,120564
64279,0,120565
64280,0,120566
64281,0,120567
64282,0,120568
64283,0,120569
64284,0,120570
64285,0,120571
64286,0,120572
64287,0,120573
64288,0,120574
64289,0,120575
64290,0,120576
64291,0,120577
64294,4,175571
64302,0,28079
64303,0,28080
64304,0,28081
64305,0,28082
64306,0,28083
64307,0,28084
64308,0,28085
64309,0,28086
64310,0,28087
64311,0,28088
64312,0,28089
64313,0,28090
64314,0,28091
64315,0,28092
64316,0,28093
64317,0,28094
64318,0,28095
64319,0,28096
64320,0,28097
64321,0,28098
64322,0,28099
64323,0,28100
64324,0,28101
64325,0,28102
64326,0,28103
64327,0,28104
64328,0,28105
64329,0,28106
64330,0,28107
64331,0,28108
64332,0,28109
64333,0,28110
64334,0,28111
64335,0,28112
64336,0,28113
64337,0,28114
64338,0,28115
64339,0,28116
64340,0,28117
64341,0,28118
64342,0,28119
64343,0,28120
64344,0,28121
64346,0,28123
64347,0,28124
64354,2,88654
64364,4,149388
64365,5,149389
64366,4,149390
64367,4,149391
64368,4,149392
64369,4,149393
64370,4,149394
64371,4,149395
64372,4,149396
64373,4,149397
64374,4,149398
64375,4,149399
64377,4,149401
64378,4,149402
64379,4,149403
64386,2,72697
64388,0,72699
64389,4,72700
64390,4,72701
64400,0,11259
64479,4,87157
64480,0,87158
64481,0,87159
64482,0,87160
64494,0,87172
64495,0,87173
64496,0,87174
64497,0,87175
64498,0,87176
64499,0,87177
64500,0,87178
64501,0,87179
64502,0,87180
64503,0,87181
64504,0,87182
64505,0,87183
64506,0,87184
64507,0,87185
63756,0,114706
63757,0,114707
63758,0,114708
63759,0,114709
63760,0,114710
63761,0,114711
63762,0,114712
63767,0,2153
63768,0,2154
63780,4,65142
63794,0,143789
63808,0,135689
63809,0,135690
63810,0,135691
63816,1,142309
63817,2,142310
63818,2,142311
63820,0,142313
63821,0,142314
63822,0,142315
63824,1,142317
63825,1,142318
63826,1,142319
63827,1,142320
63828,2,142321
63844,0,161679
63845,0,161680
63846,0,161681
63847,0,161682
63854,0,161689
63855,0,161690
63856,0,161691
63890,2,145446
63952,1,55402
63966,1,55416
63967,1,55417
63971,0,55421
63972,2,55422
63973,2,55423
63974,2,55424
63975,2,55425
63976,2,55426
63977,2,55427
63978,2,55428
63979,2,55429
63980,2,55430
63981,2,55431
63982,2,55432
63983,2,55433
63984,2,55434
63985,2,55435
63986,2,55436
63987,0,55437
63988,0,55438
64009,2,95447
64041,0,111585
64070,2,27323
64071,2,27324
64072,0,27325
64073,0,27326
64074,0,27327
64075,2,27328
64076,0,27329
64077,0,27330
64082,0,27335
64103,1,90849
64104,1,90850
64106,0,20256
64107,0,20257
64113,0,168932
64135,4,78487
64137,4,78489
64138,4,78490
64158,0,149497
64159,0,149498
64160,0,149499
64161,0,149500
64162,0,149501
64163,0,149502
64164,0,149503
64165,0,149504
64166,0,149505
64169,1,149508
64170,1,149509
64171,1,149510
64172,1,149511
64173,1,149512
64174,1,149513
64175,1,149514
64183,1,149522
64184,0,149523
64185,0,149524
64186,0,149525
64194,1,65768
64262,1,120548
64263,1,120549
64271,1,120557
64272,1,120558
64273,1,120559
64274,1,120560
64508,0,87186
64509,0,87187
64510,0,87188
64511,0,87189
64512,0,87190
64513,0,87191
64514,0,87192
64515,0,87193
64516,0,87194
64517,0,87195
64518,0,87197
64519,0,87196
64520,0,87198
64521,0,87199
64522,0,87200
64523,0,87201
64524,0,87202
64525,0,87203
64526,0,87204
64527,0,87205
64532,0,87210
64533,0,87211
64534,1,87212
64549,4,8688
64581,4,137767
64618,4,97928
64663,0,80258
64669,0,74032
64670,0,74033
64671,0,74034
64672,0,74035
64673,0,74036
64674,0,74037
64675,0,74038
64676,0,74039
64677,2,74040
64678,2,74041
64705,0,30995
64706,0,30996
64742,0,106173
64744,0,95348
64745,0,95349
64746,0,95350
64748,0,95352
64749,0,95353
64750,0,95354
64751,0,95355
64752,0,95356
64753,0,95357
64754,0,95358
64755,0,95359
64756,0,95360
64757,0,95361
64758,0,95362
64759,0,95363
64760,0,95364
64761,0,95365
64762,0,95366
64763,0,95367
64764,0,95368
64775,1,145123
64776,1,145124
64777,1,145125
64837,0,41399
64838,0,41400
64842,4,77321
64849,4,19118
64859,4,174674
64872,0,120780
64873,0,120781
64874,0,120782
64875,0,120783
64876,0,120784
64877,0,120785
64883,4,97336
64890,0,97636
64892,4,97638
64895,0,117691
64896,0,117692
64901,0,19465
64902,0,19466
64903,2,19467
64907,1,19471
64908,1,19472
64909,1,19473
64910,1,19474
64911,1,19475
64912,1,19476
64925,0,19489
64926,0,19490
64927,0,19491
64928,0,19492
64929,0,19493
64930,0,19494
64931,0,19495
64932,0,19496
64933,0,19497
64934,0,19498
64935,0,19499
64936,0,19500
64937,0,19501
64938,0,19502
64939,0,19503
64940,2,19504
64944,1,19508
64949,1,19513
64950,2,19514
64951,2,19515
64952,2,19516
64953,2,19517
64954,0,19518
64955,0,19519
64956,0,19520
64959,0,173436
64960,0,173437
64961,0,173438
64963,0,79913
64964,0,79914
64965,0,79915
64977,1,84102
64992,0,35544
64993,0,35545
64994,0,35546
64995,0,35547
64996,0,35548
64997,0,35549
64998,5,35550
64999,0,35551
65002,0,35554
65003,0,35555
65004,0,35556
65038,4,64574
65089,1,155089
65097,4,6311
65119,0,126771
65146,0,65908
65147,0,65909
65148,0,65910
65149,0,65911
65150,0,65912
65151,0,65913
65152,0,65914
65153,0,65915
65178,2,52941
65179,2,52942
65180,1,52943
65181,0,52944
65182,0,52945
65183,0,52946
65184,0,52947
65185,0,52948
65186,0,52949
65187,0,52950
65206,0,136878
65214,4,116580
65215,4,116581
65223,4,66954
65293,0,76230
65294,0,76231
65315,4,182589
65325,0,80175
65326,0,80176
65327,0,80177
65328,0,80178
65329,0,80179
65330,0,80180
65331,0,80181
65332,0,80182
65345,0,115549
65357,1,174963
65388,1,89280
65389,1,89281
65390,1,89282
65399,4,17170
65437,0,36300
65438,0,36301
65439,0,36302
65440,0,36303
65441,0,36304
65442,0,36305
65443,0,36306
65444,0,36307
65445,0,36308
65446,0,36309
65447,0,36310
65448,0,36311
65449,0,36312
65450,0,36313
65451,0,36314
65452,0,36315
65453,0,36316
65454,0,36317
65455,0,36318
65488,1,116156
65501,4,94617
65528,4,66406
65542,1,39071
65602,4,42065
65605,0,133411
65609,5,133415
66201,0,173180
66202,0,173181
66203,0,173182
66204,0,173184
66206,0,173185
66207,0,173186
66208,0,173187
66209,0,173188
66210,0,173189
66211,0,173190
66212,0,173191
66213,0,173192
66237,4,30792
66245,4,43900
66261,4,84098
66291,4,147078
66331,1,347
66354,0,139439
66355,0,139440
66356,0,139441
66357,0,139442
66358,0,139443
66359,0,139444
66360,0,139445
66361,0,139446
66362,0,139447
66363,0,139448
66364,0,139449
66365,0,139450
66366,0,139451
66367,0,139452
66368,0,139453
66369,0,139454
66370,0,139455
66371,0,139456
66372,0,139457
66373,0,139458
66399,4,93128
66400,4,109027
66401,4,109028
66402,4,109029
66404,4,109031
66490,4,47328
66506,0,185080
66507,2,185081
66508,1,185082
66509,2,185083
66510,0,185084
66511,2,185085
66512,0,185086
66513,2,185087
66514,0,185088
66515,0,185089
66516,2,185090
66517,0,185091
66519,0,185093
66520,0,185094
66521,0,185095
66522,0,185096
66523,0,185097
66524,0,185098
66525,0,185099
66526,0,185100
66527,0,185101
66528,0,185102
66529,0,185103
66568,4,130540
66569,4,76553
66585,1,128925
66586,1,128926
66588,0,128928
66589,0,128929
66590,0,128930
66591,0,128931
66592,0,128932
66593,0,128933
66594,0,128934
66595,0,128935
66596,0,128936
66597,0,128937
66598,0,128938
66599,0,128939
66600,0,128940
66601,0,128941
66602,0,128942
66603,0,128943
66604,0,128944
66605,0,128945
66606,0,128946
66607,0,128947
66608,2,128948
66609,2,128949
66610,2,128950
66611,1,128951
66612,1,128952
66613,1,128953
66614,1,128954
66615,1,128955
66616,1,128956
66617,1,128957
65610,0,133416
65611,0,133417
65612,1,133418
65613,1,133419
65614,1,133420
65616,1,133422
65617,1,133423
65618,1,133424
65619,1,133425
65620,1,133426
65622,1,133428
65645,2,81662
65649,2,138179
65650,4,1016
65674,4,91742
65684,0,116390
65685,0,116391
65686,0,116392
65687,0,116393
65688,0,116394
65689,0,116395
65696,4,54161
65718,4,75724
65765,2,179289
65766,2,179290
65768,4,179292
65769,4,179293
65770,4,179294
65771,4,179295
65772,4,179296
65773,4,179297
65774,4,179298
65775,4,179299
65776,4,179300
65777,4,179301
65825,0,28505
65826,0,28506
65835,4,41425
65847,1,79499
65931,1,12454
65932,1,12455
65933,1,12456
65937,4,35812
65938,4,35813
65943,1,179449
65945,1,179451
65946,1,179452
65948,1,179454
66010,4,81066
66030,2,184607
66031,2,184608
66032,4,184609
66038,4,150161
66039,4,150162
66054,0,112314
66061,1,19990
66073,1,170813
66076,0,61558
66077,0,61559
66103,2,67229
66117,0,42088
66118,0,42089
66119,0,42090
66120,0,42091
66121,0,42092
66123,0,104743
66124,0,104744
66125,0,104745
66126,0,104746
66127,0,104747
66128,0,104748
66129,0,104749
66130,0,104750
66159,1,70661
66168,1,173147
66169,1,173148
66176,0,173154
66177,0,173156
66178,0,173158
66179,0,173157
66180,0,173159
66182,0,173161
66183,0,173162
66184,0,173163
66185,0,173164
66186,0,173165
66187,0,173166
66188,0,173167
66189,0,173168
66190,0,173169
66191,0,173170
66192,0,173171
66193,0,173172
66194,0,173173
66195,0,173174
66196,0,173175
66197,0,173176
66198,0,173177
66199,0,173178
66200,0,173179
67186,0,55676
67187,0,55677
67188,0,55678
67189,0,55679
67190,0,55680
67191,0,55681
67192,0,55682
67194,0,55684
67195,0,55685
67196,0,55686
67197,0,55687
67198,0,55688
67199,0,55689
67200,0,55690
67201,0,55691
67202,0,55692
67203,0,55693
67220,0,171843
67235,0,119779
67236,0,119780
67237,0,119781
67242,0,169676
67249,0,109161
67282,4,73625
67308,0,25682
67357,5,62263
67358,4,62264
67376,5,117895
67377,4,117896
67378,4,117897
67384,4,29228
67395,0,64844
67396,0,64845
67397,0,64846
67398,0,64847
67399,0,64848
67400,0,64849
67412,1,107672
67465,0,179640
67466,0,179641
67467,0,179642
67468,0,179643
67469,0,179644
67470,0,179645
67471,0,179646
67472,0,179647
67473,0,179648
67474,0,179649
67475,0,179650
67476,0,179651
67477,0,179652
67478,4,179653
67479,4,179654
67480,4,179655
67481,0,179656
67482,0,179657
67483,0,179658
67484,0,179659
67485,0,179660
67486,0,179661
67487,0,179662
67488,0,179663
67489,0,179664
67490,0,179665
67491,0,179666
67492,0,179667
67493,0,179668
67494,0,179669
67495,0,179670
67496,0,179671
67497,0,179672
67498,0,179673
67499,0,179674
67500,0,179675
67501,0,179676
67502,0,179677
67503,0,179678
67504,0,179679
67505,0,179680
67506,0,179681
67507,0,28046
67517,4,129958
67523,0,25679
67620,1,9159
67648,4,33766
67649,4,33767
67669,1,43043
67670,1,43044
67672,1,43046
67673,1,43047
67674,1,43048
67697,0,166726
67704,4,166644
67705,4,166645
67708,2,37552
67713,0,178684
67714,0,178685
67715,0,178686
67716,0,178687
67784,4,5265
66618,1,128958
66619,1,128959
66620,1,128960
66621,1,128961
66622,2,128962
66623,0,128963
66624,0,128964
66625,0,128965
66626,0,128966
66627,0,128967
66628,0,128968
66629,0,128969
66630,0,128970
66631,0,128971
66632,0,128972
66633,0,128973
66634,0,128974
66640,0,12292
66647,4,141005
66668,0,40232
66673,4,133430
66674,4,133431
66690,0,1563
66711,4,8086
66712,0,31230
66713,0,31231
66714,0,31232
66715,0,31233
66716,0,31234
66717,0,31235
66718,0,31236
66719,0,31237
66720,0,31238
66721,0,31239
66722,0,31240
66723,0,31241
66724,0,31242
66725,0,31243
66727,0,31245
66728,0,31246
66729,1,31247
66765,4,101538
66784,4,124689
66799,2,130031
66823,1,156652
66824,1,156651
66825,1,156653
66826,1,156654
66828,1,156656
66829,1,156657
66837,1,156665
66853,1,151680
66868,0,178870
66874,4,19588
66876,1,97539
66877,1,97540
66878,1,97541
66879,1,97542
66880,1,97543
66881,1,97544
66882,1,97545
66883,1,97546
66884,1,97547
66885,1,97548
66886,1,97549
66887,1,97550
66888,1,97551
66902,1,76783
66928,4,86326
66929,0,176342
66934,0,7763
66981,0,7810
66982,0,7811
66983,0,7812
66984,0,7813
66999,0,14001
67036,0,42919
67037,0,42920
67038,0,42921
67039,0,42922
67040,0,42923
67048,4,111737
67108,0,108166
67109,0,108167
67110,0,108168
67111,0,108169
67112,0,108170
67136,1,27491
67161,4,86433
67175,0,69567
67176,0,69568
67177,0,69569
67178,0,69570
67179,0,69571
67180,0,69572
67181,0,55671
67182,0,55672
67183,0,55673
67184,0,55674
67185,0,55675
67817,4,127132
67832,4,97992
67855,5,124621
67860,4,149770
67872,4,103118
67887,4,60903
67936,1,76699
67950,0,135106
67965,0,10787
67967,0,10789
67968,0,10790
67969,2,10791
67970,0,10792
67971,2,10793
67986,0,10808
67987,0,10809
67988,0,10810
67989,0,10811
67990,0,10812
67991,2,10813
67992,0,10814
67993,2,10815
67994,2,10816
67995,2,10817
68000,0,119259
68001,0,119260
68002,0,31889
68054,0,76404
68055,0,76405
68056,0,76406
68057,0,76407
68058,0,76408
68059,0,76409
68060,0,76410
68061,0,76411
68062,0,76412
68063,0,76413
68064,0,76414
68065,0,76415
68066,0,76416
68067,0,76417
68068,0,76418
68070,4,120647
68128,5,44175
68148,4,119020
68155,1,51679
68164,4,51688
68165,4,51689
68166,4,51690
68167,4,51691
68169,4,51693
68170,4,51694
68171,4,51695
68198,0,127083
68199,0,127084
68200,0,127085
68201,0,127086
68202,0,127087
68203,0,127088
68204,0,127089
68205,1,180156
68218,0,180169
68219,0,180170
68220,0,180171
68221,0,180172
68222,0,180173
68223,0,180174
68224,0,180175
68225,0,180176
68226,0,180177
68227,0,180178
68228,0,180179
68229,0,180180
68230,0,180181
68231,0,180182
68232,0,180183
68233,0,180184
68234,0,180185
68235,0,180186
68236,0,180187
68284,4,89122
68314,4,147246
68370,1,108756
68371,1,108757
68372,0,108758
68373,2,108759
68374,2,108760
68375,0,108761
68376,2,108762
68377,2,108763
68378,2,108764
68379,2,108765
68380,2,108766
68386,1,72511
68406,4,9761
68407,4,9762
68416,4,97817
68454,1,80682
68476,0,7888
68477,0,7889
68478,0,7890
68479,0,7891
68480,0,7892
68481,0,7893
68482,0,7894
68483,0,7895
68484,0,7896
68485,0,7897
68486,0,7898
68487,0,7899
68488,0,7900
68504,2,7916
68510,2,7922
68511,0,7923
68512,0,7924
68513,0,7925
68514,0,7926
68515,0,7927
68516,0,7928
68517,0,7929
68520,0,132995
68524,0,134553
68525,0,134554
68526,0,134555
68527,0,134556
68528,0,134557
68529,0,134558
68530,0,134559
68531,0,134560
68532,0,134561
68533,0,134562
68534,0,134563
68535,0,134564
68536,0,134565
68537,0,134566
68538,0,134567
68539,0,134568
68540,0,134569
68541,0,134570
68542,0,134571
68543,0,134572
68544,2,134573
68545,2,134574
68546,2,134575
68547,2,134576
68605,0,121820
68606,0,121821
68607,0,121822
68608,0,121823
68609,0,121824
68610,0,121825
68611,0,121826
68612,0,121827
68613,0,121828
68614,0,121829
68615,0,121830
68616,0,121831
68617,0,121832
68618,0,121833
68619,0,121834
68620,0,121835
68621,0,121836
68622,0,121837
68623,0,121838
68624,0,121839
68625,0,121840
68626,0,121841
68627,0,121842
68646,2,160491
68648,4,160493
68688,0,182520
68689,0,182521
68729,0,100920
68767,0,47567
68768,0,47568
68769,0,47569
68770,0,47570
68771,0,47571
68772,0,47572
68773,0,47573
68774,0,47574
68775,0,47575
68776,0,47576
68777,0,47577
68778,0,47578
68779,0,47579
68780,0,47580
68781,0,47581
68795,4,87885
68796,4,87886
68830,0,170797
68844,4,62924
68850,4,106162
68852,1,22679
68858,4,48584
68862,4,104368
68876,4,71806
68952,0,89340
68958,0,89346
68959,0,89347
68983,0,49186
68984,0,118488
68995,0,10971
68996,0,10972
68997,0,10973
68998,0,10974
68999,0,10975
69000,0,10976
69001,0,10977
69002,0,10978
69003,0,10979
69004,0,10980
69005,0,10981
69006,0,10982
69007,0,10983
69008,0,10984
69009,0,10985
69010,0,10986
69011,0,10987
69012,0,10988
69013,0,10989
69014,0,10990
69031,4,364
69041,4,156244
69079,0,123352
69094,0,168302
69095,0,168303
69112,1,62974
69140,0,183575
69230,0,53292
69231,0,53293
69232,0,53294
69233,0,53295
69234,0,53296
69239,0,37707
69240,0,37708
69241,0,37709
69242,0,37710
69243,0,37711
69244,0,37712
69245,0,37713
69246,0,37714
69247,0,37715
69248,0,37716
69249,0,37717
69250,0,37718
69269,4,52208
69292,0,108795
69293,0,108796
69294,0,108797
69312,4,78701
69341,4,184655
69394,0,114093
69395,0,114094
69396,0,114095
69397,0,114096
69398,0,114097
69399,0,114098
69400,0,114099
69401,0,114100
69402,0,114101
69403,0,114102
69404,0,114103
69405,0,114104
69406,0,114105
69407,0,114106
69408,0,114107
69409,0,114108
69410,0,114109
69411,0,114110
69412,0,114111
69413,0,114112
69427,4,1885
69444,0,148886
69445,0,148887
69446,0,148888
69447,0,64318
69478,0,73550
69479,0,73551
69480,0,73552
69483,0,19217
69490,0,125001
69512,4,172895
69513,5,172896
69514,0,172897
69515,0,172898
69522,0,111534
69523,0,111535
69524,0,111536
69527,0,111539
69528,0,111540
69529,0,111541
69530,0,111542
69531,0,111543
69532,0,111544
69533,0,111545
69534,0,111546
69535,0,111547
69536,0,111548
69537,0,111549
69538,0,111550
69539,0,111551
69540,0,111552
69541,0,111553
69542,0,111554
69543,0,111555
69544,0,111556
69545,0,111557
69546,0,111558
69547,0,111559
69548,0,111560
69549,0,111561
69550,0,111562
69552,0,111564
69553,0,111565
69554,0,111566
69604,4,33521
69617,4,56230
69618,1,85754
69619,1,85755
69620,1,85756
69645,0,96320
69718,4,167364
69719,4,167365
69745,0,82744
69785,2,155774
69786,2,155775
69826,4,147886
69854,0,978
69855,0,979
69862,4,143537
69885,0,31453
69906,0,38320
69907,4,38321
69908,4,38322
69994,4,183666
70004,4,111570
70021,0,130296
70022,0,130297
70023,0,130298
70024,0,130299
70039,1,144317
70098,4,50428
70102,4,50432
70108,4,10748
70110,1,81441
70116,4,171060
70127,1,149883
70133,1,108989
70149,1,109005
70150,4,19554
70151,4,19555
70153,0,19557
70154,0,19558
70155,0,19559
70156,0,19560
70157,0,19561
70158,0,19562
70159,0,19563
70160,0,19564
70161,0,19565
70162,0,19566
70163,0,19567
70164,0,19568
70165,0,19569
70166,0,19570
70167,0,19571
70168,0,19572
70169,0,19573
70170,0,19574
70171,0,19575
70172,0,19576
70173,0,19577
70174,0,19578
70175,0,19579
70176,0,19580
70177,0,19581
70178,0,19582
70179,0,19583
70180,0,19584
70181,0,19585
70182,0,19586
70183,0,19587
70198,0,94415
70203,0,76379
70204,0,76380
70209,0,76385
70235,2,49397
70236,2,49398
70245,0,49407
70246,0,49408
70247,0,49409
70248,0,49410
70249,0,49411
70250,0,49412
70251,2,49413
70252,2,49414
70253,2,49415
70254,4,49416
70255,2,49417
70598,0,64057
70599,0,64058
70600,0,64059
70601,0,64060
70602,0,64061
70603,0,64062
70604,0,64063
70605,0,64064
70606,0,64065
70607,0,64066
70608,0,64067
70611,2,133152
70612,2,133153
70613,2,133154
70614,2,133155
70615,2,133156
70616,2,133157
70617,2,133158
70618,2,133159
70619,2,133160
70706,4,78757
70707,4,78758
70709,4,78760
70735,4,165758
70743,4,82397
70749,1,38444
70750,1,38445
70776,0,38471
70782,0,38477
70783,0,38478
70784,0,38479
70785,2,38480
70794,4,73033
70797,1,16349
70812,1,58084
70874,4,166117
70886,0,167139
70887,0,167140
70888,0,167141
70889,0,167142
70890,0,167143
70892,0,167145
70894,0,167147
70895,0,167148
70896,0,167149
70897,0,167150
70898,0,167151
70899,0,167152
70900,0,167153
70901,0,167154
70902,0,167155
70903,0,167156
70904,0,167157
70905,0,167158
70906,0,167159
70907,0,167160
70908,0,167161
70909,0,167162
70910,0,167163
70911,0,167164
70912,0,167165
70913,0,167166
70925,0,13508
70963,0,51989
70964,0,51990
70968,4,60956
70995,4,29469
71000,1,14014
71003,1,67528
71015,4,97561
71019,0,138801
71020,0,138802
71026,0,6129
71027,0,6130
71028,0,6131
71029,0,6132
71030,2,6133
71042,0,136165
71048,4,46437
71065,1,13326
71075,1,66374
71076,1,66375
71122,0,61735
71129,0,118815
71130,0,118816
71131,0,118817
71132,0,118818
71133,0,118819
71134,0,118820
71135,0,118821
71136,0,118822
71137,0,118823
71138,0,118824
71139,0,118825
71140,0,118826
71141,0,118827
71142,0,118828
71143,0,118829
71144,0,118830
71145,0,118831
70256,4,49418
70257,4,49419
70258,4,49420
70259,4,49421
70260,4,49422
70261,4,49423
70262,4,49424
70263,4,49425
70264,4,49426
70265,4,49427
70266,4,49428
70267,4,49429
70268,4,49430
70269,4,49431
70270,4,49432
70271,4,49433
70272,4,49434
70273,4,49435
70274,4,49436
70275,4,49437
70276,4,49438
70277,4,49439
70278,4,49440
70279,4,49441
70280,4,49442
70281,4,49444
70282,4,49443
70283,4,49445
70284,4,49446
70285,4,49447
70286,4,49448
70288,2,61306
70335,0,90929
70336,0,90930
70337,0,90931
70338,0,90932
70339,0,90933
70340,0,90934
70341,0,90935
70342,0,90936
70343,0,90937
70344,0,90938
70345,0,90939
70346,0,90940
70347,0,90941
70348,0,90942
70349,0,90943
70350,0,90944
70412,0,174413
70414,0,78446
70415,0,78447
70416,0,78448
70417,0,78449
70418,0,78450
70425,0,110803
70452,0,151339
70474,0,158008
70487,2,71377
70496,4,44740
70524,1,76948
70537,4,56995
70546,0,53213
70547,0,53215
70559,0,64018
70560,0,64019
70561,0,64020
70562,0,64021
70563,0,64022
70564,0,64023
70565,0,64024
70566,0,64025
70567,0,64026
70568,0,64027
70569,0,64028
70570,0,64029
70571,0,64030
70572,0,64031
70573,0,64032
70576,0,64035
70577,0,64036
70578,4,64037
70579,4,64038
70580,0,64039
70581,0,64040
70582,0,64041
70583,0,64042
70584,0,64043
70585,0,64044
70586,0,64045
70587,0,64046
70588,0,64047
70589,0,64048
70590,0,64049
70591,0,64050
70592,0,64051
70593,0,64052
70594,0,64053
70595,0,64054
70596,0,64055
70597,0,64056
71620,0,108130
71621,1,108131
71625,0,108135
71626,0,108136
71627,0,108137
71628,0,108138
71629,0,108139
71645,0,8983
71646,4,65395
71647,4,65396
71657,2,30976
71658,2,30977
71659,0,30978
71669,0,19965
71671,0,19966
71674,4,19969
71675,4,19970
71679,0,19974
71686,0,19981
71693,0,50636
71695,0,50638
71700,2,6977
71715,4,169034
71720,0,141068
71721,0,141069
71722,0,141070
71733,1,38561
71769,0,149087
71799,4,48711
71842,1,183642
71861,4,171238
71896,0,4403
71897,0,4404
71898,0,4405
71899,0,4406
71900,0,4407
71901,0,4408
71902,0,4409
71903,0,4410
71904,0,4411
71905,0,4412
71906,0,4413
71907,0,4414
71908,0,4415
71909,0,4416
71910,0,4417
71911,0,4418
71912,0,4419
71913,0,4420
71914,0,4421
71915,0,4422
71916,0,4423
71917,0,4424
71918,0,4425
71919,0,4426
71920,0,4427
71921,0,4428
71922,0,4429
71923,0,4430
71924,0,4431
71925,0,4432
71926,0,4433
71927,0,4434
71928,0,4435
71929,0,4436
71930,0,4437
71931,1,4438
71932,1,4439
71933,1,4440
71934,1,4441
71935,1,4442
71936,1,4443
71937,1,4444
71938,1,4445
71959,4,108974
71960,4,108975
71971,0,34757
71972,0,34758
71973,0,34759
71974,1,34760
71981,2,34767
71982,1,34768
72000,0,39867
72025,1,167404
72029,0,6467
72031,0,6469
72032,0,6470
72034,0,6472
72150,4,2181
72151,4,2182
72152,4,2183
72227,4,15033
72240,0,77606
72241,0,77607
72242,0,77608
72243,0,77609
72244,0,77610
72245,0,77611
72246,0,77612
72247,0,77613
71146,0,118832
71147,0,118833
71148,0,118834
71149,0,118835
71150,0,118836
71151,0,118837
71152,0,118838
71153,0,118839
71154,0,118840
71155,0,118841
71156,0,118842
71157,0,118843
71158,0,118844
71159,0,118845
71160,0,118846
71161,0,118847
71162,0,118848
71186,1,90471
71212,2,148291
71217,0,83050
71236,1,132464
71256,5,94087
71300,1,148892
71306,4,163798
71307,4,163797
71338,4,60115
71389,4,164411
71457,0,9866
71486,2,125781
71505,0,148066
71506,0,148067
71507,0,148068
71508,0,148069
71509,0,148070
71510,0,148071
71511,0,148072
71512,0,148073
71513,0,148074
71514,0,148075
71515,0,148076
71516,0,148077
71517,0,148078
71518,0,148079
71519,0,148080
71520,0,148081
71521,0,148082
71522,0,148083
71523,0,148084
71525,1,148086
71540,4,19281
71550,1,68217
71551,1,68218
71552,1,68219
71553,1,68220
71554,1,68221
71555,1,68222
71556,1,68223
71558,1,68225
71559,1,68226
71561,1,68228
71562,1,68229
71563,1,68230
71564,1,68231
71565,1,68232
71566,1,68233
71580,4,175216
71581,4,175217
71583,0,108093
71584,0,108094
71585,0,108095
71586,0,108096
71587,0,108097
71588,0,108098
71589,0,108099
71590,0,108100
71591,0,108101
71592,0,108102
71593,0,108103
71594,0,108104
71595,0,108105
71596,0,108106
71597,0,108107
71598,0,108108
71599,0,108109
71600,0,108110
71601,0,108111
71602,0,108112
71603,0,108113
71604,0,108114
71605,0,108115
71606,0,108116
71607,0,108117
71608,0,108118
71609,0,108119
71610,0,108120
71615,1,108125
71616,1,108126
71617,2,108127
71618,0,108128
71619,0,108129
72248,0,77614
72249,0,77615
72250,0,77616
72251,0,77617
72279,1,8127
72280,1,8128
72281,1,8129
72282,1,8130
72283,1,8131
72284,1,8132
72285,1,8133
72286,1,8134
72287,1,8135
72289,1,8137
72290,1,8138
72291,1,8139
72292,1,8140
72293,1,8141
72294,1,8142
72295,1,8143
72296,1,8144
72297,1,8145
72298,1,8146
72299,1,8147
72300,1,8148
72301,1,8149
72302,1,8150
72303,1,8151
72304,1,8152
72305,1,8153
72369,0,129623
72370,0,129624
72371,0,129625
72372,0,129626
72373,0,129627
72374,0,129628
72375,0,129629
72376,0,145675
72377,0,145676
72378,0,145677
72379,0,145678
72381,4,145680
72382,0,145681
72383,0,145682
72384,0,145683
72385,0,145684
72386,0,145685
72387,0,145686
72388,0,145687
72389,0,145688
72390,0,145689
72391,0,145690
72392,0,145691
72393,0,145692
72394,0,145694
72395,0,145693
72396,0,145695
72397,0,145696
72398,0,145697
72399,0,145698
72400,0,145699
72401,0,145700
72402,0,145701
72403,0,145702
72404,0,145703
72406,4,127064
72431,0,8384
72441,2,8394
72442,2,8395
72443,2,8396
72457,2,8410
72458,2,8411
72459,0,8412
72460,0,8413
72461,0,8414
72462,0,8415
72463,0,8416
72486,4,14979
72499,1,37683
72524,0,102180
72525,0,102181
72526,0,102182
72527,0,102183
72528,0,102184
72529,0,102185
72530,0,102186
72531,0,102187
72532,0,102188
72533,0,102189
72534,0,102190
72535,0,102191
72536,0,102192
72537,0,102193
72538,0,102194
72539,0,102195
72540,0,102196
72541,0,102197
72542,0,102198
72543,0,102199
72544,0,102200
72545,0,102201
72546,0,102202
72547,0,102203
72548,0,102204
72549,0,102205
72550,0,102206
72551,0,102207
72552,0,102208
72553,0,102209
72554,0,102210
72555,0,102211
72561,0,103459
72617,0,144439
72643,0,163228
72644,0,163230
72648,0,163233
72649,0,163234
72657,1,55933
72665,1,55941
72666,1,55942
72667,1,55943
72669,1,55945
72670,1,55946
72709,0,96290
72713,0,162768
72734,4,117853
72736,4,117855
72737,4,117856
72738,4,117857
72773,4,73027
72774,4,73028
72775,4,73029
72777,4,73031
72823,0,20605
72824,0,20606
72825,0,20607
72836,4,141911
72888,4,85283
72898,5,38935
72899,5,38936
72921,4,168921
72939,4,153641
72952,4,17387
72953,4,17388
73025,2,107271
73035,0,91632
73043,0,37181
73057,0,166679
73060,0,35011
73070,0,47818
73080,5,68488
73102,4,14678
73186,1,138449
73205,2,50156
73206,0,50157
73223,4,156765
73225,4,63721
73310,4,19900
73347,4,8967
73352,1,171026
73403,1,64497
73439,1,99744
73537,0,54123
73538,0,54124
73539,2,54125
73541,0,54127
73542,0,54128
73543,0,54129
73544,0,54130
73545,0,54131
73546,0,54132
73549,0,153992
73579,0,47503
73580,0,47504
73581,0,47505
73582,0,47506
73583,0,47507
73584,0,47508
73585,0,47509
73586,0,47510
73587,0,47511
73588,0,47512
73589,0,47513
73590,0,47514
73591,0,47515
73592,0,47516
73593,0,47517
73594,0,47518
73595,0,47519
73596,0,47520
73597,0,47521
73598,0,47522
73599,0,47523
73600,0,47524
73601,0,47525
73602,0,47526
73603,0,47527
73604,0,47528
73605,0,47529
73607,0,47531
74293,0,62114
74302,4,184049
74303,1,175312
74305,1,175314
74306,1,175315
74308,0,77964
74368,0,3449
74369,0,3450
74370,0,3451
74371,0,3452
74372,0,3453
74373,0,3454
74374,0,3455
74375,0,3456
74376,0,3457
74377,0,3458
74378,0,3459
74379,0,3460
74380,0,3461
74381,0,3462
74382,0,3463
74383,0,3464
74384,0,3465
74385,0,3466
74386,0,3467
74387,0,3468
74388,0,3469
74389,0,3470
74390,0,3471
74391,0,3472
74392,0,3473
74393,0,3474
74394,0,3475
74395,0,3476
74396,0,3477
74397,0,3478
74398,0,3479
74399,0,3480
74400,0,3481
74401,0,3482
74402,0,3483
74403,0,3484
74404,0,3485
74405,0,3486
74406,0,3487
74407,0,3488
74408,0,3489
74409,0,3490
74410,0,3491
74411,0,3492
74412,0,3493
74413,0,3494
74414,0,3495
74415,0,3496
74416,0,3497
74417,0,3498
74418,0,3499
74419,0,3500
74420,0,3501
74421,0,3502
74422,0,3503
74423,0,3504
74424,0,3505
74425,0,3506
74431,2,101737
74433,0,101739
74434,0,101740
74435,4,115030
74436,1,24513
74441,4,105288
74468,0,184107
74469,0,184108
74484,1,134383
74505,0,141739
74506,0,141740
74507,0,141741
74542,4,42664
74549,4,107964
74567,4,71463
74595,0,26548
74634,0,36904
74637,1,180109
74696,0,136685
74738,1,112828
74741,1,112831
74742,1,112832
74743,1,112833
74744,1,112834
74745,1,112835
74769,1,149018
74770,1,149019
74780,2,126584
74803,0,132842
74804,0,132843
74806,0,132845
74851,2,4343
74852,2,4344
74858,0,4350
74859,0,4351
74860,0,4352
73608,0,47532
73609,0,47533
73610,0,47534
73611,2,47535
73612,2,47536
73613,2,47537
73614,0,47538
73615,0,47539
73616,0,47540
73617,0,47541
73618,0,47542
73619,0,47543
73620,0,47544
73621,0,47545
73622,0,47546
73623,0,47547
73624,0,47548
73625,1,47549
73626,2,47550
73627,2,47551
73642,1,70948
73643,1,70949
73706,1,114874
73707,1,114875
73708,1,114876
73709,1,114877
73710,1,114878
73711,1,114879
73749,1,239
73754,0,108393
73755,0,108394
73756,0,108395
73757,0,108396
73758,0,108397
73759,0,108398
73760,0,108399
73761,0,108400
73762,0,108401
73764,4,36557
73774,1,174855
73776,4,65493
73805,0,23335
73806,0,23336
73807,0,23337
73808,0,23338
73809,0,23339
73810,0,23340
73811,0,23341
73812,0,23342
73813,0,23343
73814,0,23344
73815,0,23345
73816,0,23346
73817,0,23347
73818,0,23348
73819,0,23349
73820,0,23350
73821,0,23351
73822,0,23352
73823,0,23353
73824,0,23354
73825,0,23355
73826,0,23356
73827,0,23357
73828,0,23358
73829,0,23359
73836,4,32435
73852,1,133290
73853,1,133291
73854,1,133292
73872,0,132430
73873,0,132431
73874,0,132432
73875,0,132433
73876,0,132434
73877,0,132435
73878,0,132436
73882,0,131386
73907,4,23716
73908,4,23717
73954,0,169652
73967,2,165718
73979,4,135999
73993,0,34547
74059,4,109300
74060,4,109301
74120,4,91301
74166,4,61711
74168,2,169011
74174,0,71664
74175,0,71665
74176,0,71666
74177,0,71667
74178,0,71668
74179,0,71669
74180,0,71670
74192,4,60640
74194,4,60642
74208,4,133487
74263,0,73911
74861,0,4353
74862,0,4354
74863,0,4355
74864,0,4356
74865,0,4357
74866,0,4358
74867,0,4359
74868,0,4360
74869,0,4361
74870,0,4362
74871,0,4363
74872,0,4364
74873,0,4365
74874,0,4366
74886,2,4378
74887,2,4379
74888,2,4380
74909,0,175225
74910,0,175226
74917,0,175233
74925,4,175241
74926,4,175242
74927,4,175243
74928,4,175244
74929,4,175245
74930,4,175246
74931,4,175247
74932,4,175248
74933,4,175249
74934,4,175250
74936,4,175252
74940,0,175256
74941,4,175257
74942,4,175258
74943,4,175259
74944,4,175260
74946,0,175262
74970,0,174104
74971,0,174105
74972,0,174106
74973,0,174107
74974,0,174108
74975,0,174109
74976,0,174110
74977,0,174111
74978,0,174112
74979,0,174113
74980,0,174114
74981,0,174115
74982,0,174116
74983,0,174117
74984,0,174118
74985,0,174119
74986,1,174120
74987,0,174121
74988,0,174122
74989,0,174123
74990,0,174124
74991,0,174125
74992,0,174126
74993,0,174127
74994,0,174128
74995,0,174129
74996,0,174130
74997,0,174131
74998,0,174132
74999,0,174133
75000,0,174134
75001,0,174135
75002,0,174136
75003,0,174137
75004,0,174138
75005,0,174139
75006,0,174140
75007,0,174141
75008,0,174142
75009,0,174143
75010,0,174144
75011,0,174145
75012,0,174146
75014,4,133057
75018,4,1902
75053,2,28977
75054,2,28978
75055,4,28979
75056,0,28980
75057,0,28981
75058,0,28982
75094,0,121849
75095,0,121850
75096,0,121851
75097,0,121852
75098,0,121853
75099,0,121854
75100,0,121855
75101,0,121856
75137,0,79125
75181,4,93769
75183,4,93771
75185,4,93773
75187,4,93775
75188,4,93776
75189,4,93777
75190,4,93778
75196,4,67475
75310,0,8318
75311,0,8319
75312,0,8320
75313,0,8321
75314,0,8322
75315,2,8323
75316,2,8324
75317,2,8325
75318,2,8326
75320,0,8328
75321,0,8329
75322,0,8330
75347,5,163753
75359,0,26579
75362,0,177498
75365,0,180252
75366,0,180253
75367,0,180254
75368,0,180255
75369,0,180256
75370,0,180257
75371,0,180258
75373,0,180260
75374,0,180261
75375,0,180262
75376,0,180263
75377,0,180264
75378,0,180265
75379,0,180266
75380,0,180267
75381,0,180268
75382,0,180269
75383,0,180270
75384,0,180271
75385,0,180272
75386,0,180273
75387,0,180274
75388,0,180275
75390,0,180277
75391,0,180278
75392,0,180279
75454,1,105051
75475,0,55984
75476,0,55985
75506,0,122991
75515,1,116207
75517,5,10879
75535,4,107453
75536,4,107454
75560,0,183881
75588,0,180217
75593,0,5372
75665,0,17730
75694,0,149923
75734,4,114534
75771,0,161096
75773,0,110129
75774,0,110130
75775,0,110131
75776,0,110132
75777,0,110133
75778,0,110134
75779,0,110135
75780,0,110136
75781,0,110137
75782,0,110138
75783,0,110139
75784,4,52889
75786,2,113019
75790,0,113023
75823,4,144987
75855,0,16257
75856,0,16258
75857,0,16259
75858,0,16260
75859,0,16261
75860,0,16262
75861,0,16263
75862,0,16264
75863,0,16265
75864,0,16266
75865,0,16267
75866,0,16268
75867,0,16269
75868,0,16270
75869,0,16271
75870,0,16272
75871,0,16273
75876,4,136425
75892,4,145518
75933,0,84779
75947,4,15971
75948,4,15972
75989,0,117780
75990,4,117781
76301,0,130492
76335,4,39927
76403,2,111204
76407,4,111208
76429,1,26674
76430,1,26675
76438,0,96595
76439,0,96596
76440,2,96597
76441,2,96598
76442,2,96599
76443,2,96600
76444,2,96601
76445,2,96602
76446,2,96603
76507,0,41474
76508,0,41475
76509,0,41476
76510,0,41477
76511,0,41478
76512,0,41479
76513,0,41480
76514,0,41481
76515,0,41482
76516,0,41483
76517,0,41484
76518,0,41485
76519,0,41486
76520,0,41487
76521,0,41488
76522,0,41489
76542,1,131646
76543,1,131647
76544,1,131648
76618,1,10194
76619,1,10195
76620,1,10196
76621,1,10197
76692,1,185329
76695,4,182007
76696,4,182008
76697,4,182009
76707,4,115943
76709,0,130394
76710,0,130395
76718,4,33958
76737,0,107031
76738,0,107032
76739,0,107033
76740,0,107034
76741,0,107035
76742,0,107036
76743,0,107037
76744,0,107038
76745,0,107039
76746,0,107040
76747,0,107041
76748,0,107042
76749,0,107043
76750,0,107044
76751,0,107045
76754,1,20553
76775,4,98563
76776,4,98564
76778,4,98566
76779,4,98567
76781,4,98569
76782,4,98570
76784,2,139608
76849,1,41841
76866,0,129241
76867,0,129242
76868,0,129243
76869,0,129244
76870,0,129245
76871,0,129246
76872,0,129247
76873,0,129248
76874,0,129249
76875,0,129250
76876,0,129251
76877,0,129252
76878,0,129253
76879,0,129254
76880,0,129255
76881,0,129256
76882,0,129257
76883,0,129258
76884,0,129259
76885,0,129260
76886,0,129261
76887,0,129262
76888,0,129263
76889,0,129264
76890,0,129265
76891,0,129266
76892,0,129267
76893,0,129268
76894,0,129269
76895,0,129270
76060,1,170547
76067,2,170554
76068,2,170555
76070,0,170557
76071,0,170558
76072,0,170559
76073,0,170560
76074,0,170561
76075,0,170562
76076,0,170563
76077,0,170564
76078,0,170565
76079,0,170566
76080,0,170567
76081,0,170568
76082,0,170569
76083,0,170570
76084,0,170571
76085,0,170572
76086,0,170573
76094,0,126832
76095,0,126833
76096,0,126834
76097,0,126835
76098,0,126836
76099,0,126837
76103,4,117757
76104,1,117758
76105,0,117759
76114,0,84624
76118,0,40950
76119,0,40951
76120,0,40952
76121,0,40953
76122,0,40954
76123,0,40955
76124,0,40956
76125,0,40957
76126,0,40958
76127,0,40959
76128,0,40960
76129,0,40961
76131,0,40963
76132,0,40964
76133,0,40965
76134,0,40966
76135,0,40967
76136,0,40968
76137,0,40969
76138,0,40970
76139,0,40971
76140,0,40972
76141,0,40973
76142,0,40974
76143,0,40975
76144,0,40976
76145,0,40977
76146,0,40978
76147,0,40979
76148,0,40980
76149,0,40981
76150,0,40982
76151,0,40983
76152,0,40984
76153,0,40985
76154,0,40986
76155,0,40987
76156,0,40988
76157,0,40989
76158,0,40990
76159,0,40991
76160,0,40992
76161,0,40993
76162,0,40994
76163,0,40995
76164,0,40996
76165,0,40997
76166,0,40998
76167,0,40999
76168,0,41000
76169,0,41001
76170,0,41002
76171,0,41003
76172,0,41004
76173,0,41005
76174,0,41006
76217,0,110433
76235,0,109337
76236,0,109338
76237,0,109339
76238,0,109340
76239,0,109341
76240,0,109342
76241,0,109343
76242,0,109344
76243,2,109345
76268,4,93832
76269,4,93833
76270,4,93834
76271,4,93835
76896,0,129271
76897,0,129272
76898,0,129273
76899,0,129274
76900,0,129275
76988,0,79470
76989,0,79471
76990,0,79472
76991,0,79473
76992,0,79474
76993,0,79475
76994,0,79476
76995,0,79477
76996,0,79478
76997,0,79479
76998,0,79480
76999,0,79481
77000,0,79482
77001,0,79483
77002,0,79484
77003,0,79485
77004,0,79486
77006,1,79488
77070,0,115623
77071,0,115624
77072,0,115625
77073,0,115626
77074,0,115627
77095,2,64922
77096,2,64923
77099,1,64926
77100,1,64927
77104,0,112669
77105,4,112670
77137,0,33898
77153,2,62379
77182,0,39041
77199,1,20585
77208,0,173860
77214,2,173794
77260,0,85308
77261,0,85309
77262,0,85310
77263,0,85311
77264,0,85312
77265,0,85313
77266,0,85314
77267,0,85315
77268,0,85316
77269,0,85317
77270,0,85318
77271,0,85319
77272,0,85320
77273,0,85321
77274,0,85322
77275,0,85323
77276,0,85324
77277,0,85325
77278,0,85326
77279,0,85327
77280,0,85328
77281,0,85329
77282,0,85330
77283,0,85331
77284,0,85332
77285,0,85333
77286,0,85334
77287,0,85335
77288,0,85336
77289,0,85337
77337,4,124102
77338,4,124103
77339,4,124104
77340,4,124105
77377,2,32913
77398,4,118291
77427,4,88431
77434,1,170824
77435,1,170825
77436,1,170826
77438,0,82843
77442,0,184680
77448,4,159134
77470,0,137336
77472,0,137338
77473,0,137339
77475,5,84715
77492,1,4074
77545,4,103943
77551,0,77813
77557,4,175177
77559,0,103811
77560,0,103812
77561,0,103813
77562,0,103814
77563,0,103815
77564,0,103816
77565,0,103817
77566,0,103818
77567,0,103819
77568,0,103820
77569,0,103821
77570,0,103822
77571,0,103823
77572,0,103824
77573,0,103825
77574,0,103826
77575,0,103827
77576,0,103828
77579,2,103831
77581,0,103833
77582,0,103834
77583,0,103835
77584,0,103836
77603,0,103855
77604,0,103856
77605,0,103857
77606,0,103858
77607,0,103859
77608,0,103860
77609,0,103861
77615,1,26781
77646,1,80400
77647,1,80401
77648,1,80402
77680,0,63104
77681,4,63105
77682,4,63106
77698,5,145917
77709,4,145928
77710,4,145929
77717,4,145936
77724,4,145943
77727,4,145946
77728,4,145947
77729,4,145948
77737,4,145956
77739,1,123568
77740,1,123569
77746,4,23000
77772,0,89684
77788,4,115250
77833,0,7279
77857,0,94028
77860,2,94031
77861,2,94032
77862,0,94033
77863,0,94034
77864,0,94035
77865,0,94036
77866,0,94037
77867,0,94038
77868,0,94039
77869,0,94040
77870,0,94041
77871,0,94042
77872,1,94043
77873,1,94044
77874,1,94045
77875,1,94046
77876,1,94047
77877,1,94048
77878,1,94049
77879,1,94050
77880,1,94051
77881,1,94052
77882,1,94053
77883,1,94054
77884,1,94055
77885,1,94056
77886,1,94057
77887,1,94058
77888,1,94059
77889,0,94060
77890,0,94061
77921,0,93235
77922,0,93236
77923,0,93237
77924,0,93238
77925,0,93239
77926,2,93240
77928,4,93242
77929,4,93243
77930,4,93244
77964,2,156352
78032,4,121142
78065,4,69505
78067,4,69506
78068,0,69508
78071,0,69510
78072,0,69512
78080,0,686
78109,1,18002
78148,2,97236
78149,0,99633
78154,0,120262
78164,4,15381
78166,1,15383
78196,4,147269
78209,1,56208
78210,4,174880
78259,4,71010
78261,0,105500
78262,0,105501
78263,0,105502
78264,0,105503
78265,0,105504
78266,0,105505
78267,0,105506
78268,0,105507
78269,0,105508
78270,0,105509
78271,0,105510
78272,0,105511
78273,0,105512
78274,0,105513
78283,4,69452
78292,4,25238
78328,4,147944
78329,4,147945
78342,0,134315
78348,0,46701
78360,4,138765
78361,0,61499
78370,4,54111
78427,2,136128
78428,4,136129
78429,4,136130
78430,4,136131
78431,4,136132
78432,4,136133
78433,4,136134
78434,4,136135
78436,4,136136
78437,4,136138
78438,4,136139
78439,4,136140
78440,4,136141
78441,1,183170
78442,0,183171
78443,0,183172
78444,0,183173
78445,0,183174
78446,0,183175
78447,0,183176
78448,0,183177
78449,0,183178
78457,0,183186
78458,0,183187
78459,0,183188
78460,0,183189
78466,2,36079
78482,0,170623
78483,0,170624
78484,0,170625
78485,0,170626
78486,0,170627
78487,0,170628
78488,0,170629
78489,0,170630
78608,0,149111
78610,1,149113
78613,0,149116
78614,0,149117
78615,0,149118
78623,0,149126
78624,0,149127
78625,0,149128
78626,0,149129
78627,0,149130
78628,0,149131
78629,1,149132
78630,1,149133
78631,1,149134
78632,1,149135
78633,1,149136
78634,1,149137
78635,0,149138
78636,0,149139
78637,0,149140
78638,0,149141
78639,0,149142
78640,0,149143
78641,0,149144
78642,0,149145
78643,0,149146
78647,0,156523
78648,0,156524
78649,0,156525
78650,0,156526
78651,0,156527
78652,0,156528
78704,0,28792
78712,0,49294
78713,0,49295
78714,0,49296
78715,0,49297
78716,2,49298
78717,0,49299
78740,2,49322
78741,0,49323
78742,0,49324
78743,0,49325
78744,0,49326
78745,0,49327
78746,0,49328
78747,0,49329
78748,0,49330
78749,0,49331
78750,0,49332
78751,0,49333
78752,0,49334
78766,1,84161
78839,0,140047
78849,4,25128
78850,4,25130
78851,4,25131
78852,4,25132
78871,0,28582
78873,4,28584
78942,0,2053
78953,2,183153
78954,2,183154
78955,2,183155
78956,2,183156
78957,2,183157
78958,0,59714
78959,0,59715
78965,0,160291
79001,0,184238
79003,4,109169
79006,5,170778
79007,5,170779
79008,5,170780
79013,4,170785
79014,4,170786
79015,4,170787
79016,5,170788
79018,5,170790
79019,5,170791
79020,0,41799
79050,0,112893
79052,0,112895
79053,0,112896
79055,0,112898
79056,0,112900
79058,0,112901
79059,0,112902
79061,0,112904
79062,0,112905
79063,0,112906
79064,0,112907
79065,0,112908
79066,0,112909
79067,0,112910
79068,0,112911
79069,0,112912
79070,0,112913
79071,0,112914
79072,0,112915
79073,0,112916
79074,0,112917
79075,0,112918
79076,0,112919
79077,0,112920
79078,0,112921
79080,1,112923
79081,1,112924
79082,1,112925
79083,1,112926
79084,1,112927
79085,1,112928
79093,5,32073
79094,5,32074
79099,0,146615
79100,0,146616
79101,0,146617
79102,0,146618
79103,0,146619
79104,0,146620
79118,0,146634
79119,0,146635
79120,0,146636
79121,0,146637
79122,0,146638
79123,0,146639
79124,0,146640
79125,0,146641
79126,0,146642
79127,0,146643
79128,0,146644
79129,0,146645
79151,4,27445
79152,4,27446
79153,4,27447
79154,4,27448
79155,4,27449
79156,4,27450
79157,0,27451
79158,0,27452
79159,0,27453
79160,0,27454
79161,0,27455
79162,0,27456
79163,0,27457
79164,0,27458
79165,0,27459
79189,4,130391
79190,4,130392
79191,4,130393
79205,4,15169
79208,2,45778
79209,2,45777
79210,2,45779
79211,0,45780
79212,0,45781
79213,0,45782
79214,0,45783
79215,0,45784
79216,0,45785
79217,0,45786
79218,0,45787
79219,0,45788
79220,0,45789
79221,0,45790
79222,0,45791
79223,0,45792
79224,0,45793
79225,0,45794
79226,0,45795
79227,0,45796
79228,0,45797
79229,0,45798
79230,0,45799
79231,0,45800
79232,0,45801
79233,0,45802
79234,0,45803
79235,0,45804
79236,0,45805
79237,0,45806
79238,0,45807
79239,0,45808
79240,0,45809
79241,0,45810
79242,0,45811
79243,0,45812
79244,0,45813
79287,2,148967
79327,4,143630
79329,4,143632
79362,0,150719
79365,1,150722
79399,2,63199
79400,2,63200
79427,4,137818
79439,4,29076
79440,4,72863
79482,0,168127
79490,0,168135
79491,0,168136
79492,0,168137
79493,0,168138
79494,0,168139
79495,0,168140
79496,0,168141
79497,0,168142
79498,0,168143
79499,0,168144
79500,0,168145
79501,0,168146
79502,0,168147
79504,2,74431
79546,4,859
79553,1,81128
79566,1,13974
79571,1,13979
79584,4,29532
79601,4,52506
79607,4,53512
79608,4,53513
79633,4,122643
79649,0,130202
79650,0,130203
79651,0,130204
79671,0,156780
79672,0,156781
79673,0,156782
79674,0,156783
79675,0,156784
79676,0,156785
79677,0,156786
79678,0,156787
79679,0,156788
79680,0,156789
79681,0,156790
79682,0,156791
79683,0,156792
79684,0,156793
79685,0,156794
79686,0,156795
79687,0,156796
79688,0,156797
79689,0,156798
79690,2,156799
79708,0,105810
79712,2,105814
79713,1,105815
79714,0,105816
79750,4,36158
79751,4,36159
79752,4,36160
79753,4,36161
79764,0,147102
79765,0,147103
79766,0,147104
79767,0,147105
79768,0,147106
79769,0,147107
79770,0,147108
79771,0,147109
79775,0,147113
79776,0,147114
79777,0,147115
79778,0,147116
79779,0,147117
79780,0,147118
79781,0,147119
79782,0,147120
79783,0,147121
79784,0,147122
79785,0,147123
79786,0,147124
79787,0,147125
79788,0,147126
79789,0,147127
79790,0,147128
79791,0,147129
79792,0,147130
79793,0,147131
79800,4,6931
79824,0,76825
79825,0,76826
79826,0,76827
79829,4,18454
79854,0,176368
79855,0,176369
79856,0,176370
79858,1,153044
79946,0,7384
79961,1,109152
79967,0,159802
79968,0,159803
79969,0,159804
79970,0,159805
79994,5,134630
80056,2,164525
80057,2,164526
80058,2,164527
80059,0,164528
80061,1,164530
80062,0,164531
80063,0,164532
80069,2,164538
80070,0,164539
80071,0,164540
80072,2,164541
80073,2,164542
80074,2,164543
80075,0,164544
80076,0,164545
80077,0,164546
80078,1,164547
80087,0,35737
80088,0,35738
80089,0,35739
80090,0,35740
80091,0,35741
80092,0,35742
80099,0,65847
80105,2,97391
80106,0,97392
80107,0,97393
80124,0,157812
80125,0,157814
80126,0,157813
80128,0,157815
80129,0,157817
80130,0,157818
80131,0,157819
80132,0,157820
80133,0,157821
80134,0,157822
80135,0,157823
80136,0,157824
80137,0,157825
80138,0,157826
80143,2,157831
80144,2,157832
80145,2,157833
80155,0,157843
80156,0,157844
80157,2,157845
80158,2,157846
80159,2,157847
80160,2,157848
80161,2,157849
80162,2,157850
80163,2,157851
80164,0,157852
80165,0,157853
80166,0,157854
80167,0,157855
80182,1,51846
80184,0,51848
80186,0,51850
80187,0,51851
80188,0,51852
80210,4,111050
80226,4,145286
80238,2,164442
80239,2,164443
80240,2,164444
80241,2,164445
80242,2,164446
80243,2,164447
80244,1,164448
80250,0,164454
80251,0,164455
80252,0,164456
80253,0,164457
80254,0,164458
80255,0,164459
80256,0,164460
80259,0,164463
80260,0,164464
80261,0,164465
80262,0,164466
80263,0,164467
80264,0,164468
80265,0,164469
80266,0,164470
80267,0,164471
80268,0,164472
80278,4,117625
80317,1,119980
80333,4,162075
80359,4,18729
80363,4,6216
80366,4,6219
80370,4,6223
80388,0,181429
80389,0,181430
80390,0,181431
80391,1,181432
80400,0,129666
80401,0,129667
80403,0,129669
80404,0,129670
80405,0,129671
80406,0,129672
80409,0,144475
80433,1,116918
80434,1,116919
80435,1,116920
80456,0,63221
80457,0,63222
80478,4,131705
80549,0,17349
80550,0,17350
80591,4,106882
80592,0,8574
80593,0,8575
80595,4,18831
80615,0,82969
80629,2,142223
80683,1,85095
80684,1,85096
80685,2,85097
80686,0,85098
80687,0,85099
80688,0,85100
80689,0,85101
80690,0,85102
80691,0,85103
80692,0,85104
80693,0,85105
80694,0,85106
80695,0,85107
80699,0,85111
80700,0,85112
80701,0,85113
80702,0,85114
80703,0,85115
80704,0,85116
80705,0,85117
80706,0,85118
80707,0,85119
80708,4,85120
80709,4,85121
80710,4,85122
80711,4,85123
80712,0,85124
80713,0,85125
80714,0,85126
80715,0,85127
80716,0,85128
80717,0,85129
80718,0,85130
80719,0,85131
80720,0,85132
80721,0,85133
80722,0,85134
80731,1,27026
80765,0,14613
80766,0,14614
80767,0,14615
80768,1,14616
80769,0,14617
80770,0,14618
80771,0,14619
80772,0,14620
80773,0,14621
80775,2,14623
80776,0,14624
80777,0,14625
80778,0,14626
80779,0,14627
80780,0,14628
80781,0,14629
80782,0,14630
80785,2,14633
80796,4,14644
80797,4,14645
80798,4,14646
80799,4,14647
80800,4,14648
80801,4,14649
80802,4,14650
80803,4,14651
80804,0,14652
80805,0,14653
80806,0,14654
80807,0,14655
80808,0,14656
80809,0,14657
80810,0,14658
80811,0,14659
80812,0,14660
80814,0,14662
80815,0,14663
80816,0,14664
80820,4,72571
80910,0,119668
80911,0,119669
80912,0,119670
80913,0,119671
80914,0,119672
80915,0,119673
80916,0,119674
80917,0,119675
80918,0,119676
80919,0,119677
80920,0,119678
80921,0,119679
80922,0,119680
80923,0,119681
80924,0,119682
80925,0,119683
80926,0,119684
80927,0,119685
80928,0,119686
80929,0,119687
80930,0,119688
80931,0,119689
80932,0,119690
80933,0,119691
80934,0,119692
80935,0,119693
80936,0,119694
80937,0,119695
80938,0,119696
80939,0,119697
80940,0,119698
80960,1,174014
81017,1,154821
81049,0,158790
81050,0,158791
81051,0,158792
81052,0,158793
81053,0,158794
81054,0,158795
81055,0,158796
81056,0,158797
81057,0,158798
81058,0,158799
81059,0,158800
81060,0,158801
81061,0,158802
81062,0,158803
81063,0,158804
81064,0,158805
81065,0,158806
81066,0,158807
81067,0,158808
81068,0,158809
81069,0,158810
81087,4,36267
81088,4,36268
81090,1,36271
81091,1,36270
81092,2,36272
81093,2,36273
81094,4,36274
81095,4,36275
81096,4,36276
81119,0,156085
81122,1,156089
81123,1,156090
81126,0,156093
81127,0,156094
81128,0,156095
81129,0,156096
81130,0,156097
81131,0,156098
81132,0,156099
81133,0,156100
81134,0,156101
81135,0,156102
81136,0,156103
81137,0,156104
81138,0,156105
81139,0,156106
81143,1,17666
81157,0,47823
81169,0,164968
81170,0,164969
81171,4,82588
81177,0,20504
81184,0,36642
81200,0,58569
81201,0,58570
81202,0,58571
81219,0,58588
81220,0,58589
81221,0,58590
81222,0,58591
81223,0,58592
81224,0,58593
81225,0,58594
81226,0,58595
81227,0,58596
81228,0,58597
81229,0,58598
81230,0,58599
81231,0,58600
81232,0,58601
81233,0,58602
81234,0,58603
81235,0,58604
81305,0,21787
81306,0,21788
81307,0,21789
81311,0,21793
81339,0,106777
81341,0,106779
81342,0,106780
81343,0,106781
81344,0,106782
81345,0,106783
81346,0,106784
81347,0,106785
81348,0,106786
81349,0,106787
81350,0,106788
81351,0,106789
81352,0,106790
81353,0,106791
81354,0,106792
81355,0,106793
81356,0,106794
81357,0,106795
81358,0,106796
81359,0,106797
81380,0,128086
81390,0,65162
81394,4,8444
81395,4,8445
81397,4,34612
81401,1,106704
81408,4,5914
81414,0,183545
81425,0,159897
81459,4,61215
81495,4,62031
81496,4,62032
81522,4,13060
81540,4,116430
81562,0,117372
81563,0,117373
81592,4,8596
81638,0,60526
81651,4,116735
81652,4,116736
81653,4,116737
81654,4,116738
81678,5,15721
81688,0,158452
81702,0,165110
81705,0,138707
81785,1,180977
81786,1,180978
81828,4,96238
81837,1,2548
81850,4,52803
81851,4,136595
81858,0,33165
81930,2,32543
81954,0,130128
81978,4,160309
81991,1,70369
81992,1,70370
82032,0,102316
82034,0,105428
82038,0,62293
82051,1,21974
82056,1,166889
82148,1,71837
82153,0,148240
82154,0,148241
82156,4,41783
82157,4,41784
82158,4,41785
82160,1,76991
82161,1,76992
82172,0,77003
82173,0,77004
82174,0,77005
82175,0,77006
82176,0,77007
82177,0,77008
82178,0,77009
82179,0,77010
82180,0,77011
82181,0,77012
82182,0,77013
82183,0,77014
82184,0,77015
82185,0,77016
82186,0,77017
82187,0,77018
82188,0,77019
82189,0,77020
82190,0,77021
82191,0,77022
82192,0,77023
82193,0,77024
82194,0,77025
82195,0,77026
82196,0,77027
82197,0,77028
82198,0,77029
82199,0,77030
82200,0,77031
82201,0,77032
82202,0,77033
82203,0,77034
82204,0,77035
82205,0,77036
82206,0,77037
82207,0,77038
82208,0,77039
82209,0,77040
82210,0,77041
82211,0,77042
82212,0,77043
82213,0,77044
82214,0,77045
82244,0,183721
82258,0,87786
82259,0,87787
82268,4,166441
82269,0,166442
82283,0,8167
82284,0,8168
82285,0,8169
82296,0,112328
82297,0,112329
82298,0,112330
82299,0,112331
82300,0,112332
82301,0,112333
82302,0,112334
82303,0,112335
82304,0,112336
82305,0,112337
82306,0,112338
82307,0,112339
82308,0,112340
82309,0,112341
82310,0,112342
82381,0,116010
82382,0,116011
82383,0,116012
82384,0,116013
82385,0,116014
82386,0,116015
82387,0,116016
82388,0,116017
82389,0,116018
82390,0,116019
82391,4,116020
82392,4,116021
82393,4,116022
82394,4,116023
82395,4,116024
82396,0,116025
82409,1,130305
82426,1,195
82430,1,199
82431,1,200
82455,0,224
82456,0,225
82457,0,226
82458,0,227
82459,0,228
82460,0,229
82461,0,230
82462,0,231
82463,0,232
82464,0,233
82465,4,234
82466,0,235
82490,4,76849
82512,4,32950
82523,4,87321
82554,0,136821
82555,0,136822
82556,0,136823
82557,0,136824
82558,0,136825
82559,0,136826
82560,0,136827
82561,0,136828
82562,0,136829
82563,0,136830
82564,0,136831
82565,0,136832
82566,0,136833
82567,0,136834
82568,0,136835
82569,0,136836
82570,0,136837
82604,4,36603
82672,0,165458
82673,0,165459
82674,0,165460
82675,0,165461
82676,0,165462
82677,0,165463
82678,0,165464
82679,0,165465
82680,0,165466
82681,0,165467
82682,0,165468
82683,0,165469
82684,0,165470
82688,0,167011
82723,2,62839
82724,2,62840
82759,0,117657
82791,0,158200
82795,0,158204
82796,2,158205
82797,0,158206
82799,2,158208
82800,2,158209
82887,1,172225
82891,0,184469
82955,0,5607
82956,0,5608
82957,0,5609
82958,0,5610
82959,0,5611
82960,0,5612
82961,0,5613
82962,0,5614
82963,0,5615
82964,0,5616
82965,0,5617
82966,0,5618
82967,0,5619
82968,0,5620
82969,0,5621
82970,0,5622
82971,0,5623
82972,0,5624
82976,0,5628
82977,0,5629
82978,0,5630
82979,0,5631
82980,0,5632
82981,0,5633
82982,0,5634
82983,0,5635
82984,0,5636
82985,0,5637
82986,0,5638
82987,0,5639
82988,0,5640
82989,0,5641
82990,0,5642
82991,0,5643
82992,0,5644
82993,0,5645
82994,0,5646
82995,0,5647
82996,0,5648
82997,0,5649
82998,0,5650
83005,0,38724
83055,4,60256
83066,0,58158
83073,4,14302
83076,5,138136
83081,0,29953
83087,4,150812
83088,0,162662
83102,0,87621
83103,0,87622
83104,0,87623
83105,0,87624
83106,0,87625
83107,0,87626
83108,0,87627
83109,0,87628
83110,0,87629
83111,0,87630
83112,0,87631
83113,0,87632
83114,0,87633
83115,0,87634
83116,0,87635
83117,2,87636
83118,2,87637
83159,4,58404
83209,0,109903
83220,4,166314
83221,4,166315
83224,1,67869
83241,5,153129
83242,5,180318
83280,0,103664
83296,4,109647
83306,5,6109
83310,2,135714
83341,4,12101
83347,4,117827
83353,4,51854
83359,0,63075
83360,0,63076
83361,0,63077
83362,0,63078
83363,0,63079
83378,4,2649
83402,2,136845
83429,4,114941
83444,0,26841
83445,2,26842
83467,4,25619
83471,4,25623
83494,4,111807
83515,0,133639
83516,1,133640
83518,5,147838
83523,5,148727
83524,2,148728
83525,2,148729
83553,5,58121
83578,5,69767
83587,4,153027
83595,1,105414
83598,0,105417
83599,0,105418
83600,0,105419
83601,0,105420
83618,0,149964
83624,0,181954
83625,0,181955
83626,0,181956
83627,0,181957
83628,0,181958
83629,0,181959
83630,0,181960
83631,0,181961
83632,0,181962
83633,0,181963
83634,0,181964
83635,0,181965
83636,0,181966
83637,0,181967
83638,0,181968
83639,0,181969
83640,0,181970
83641,0,181971
83642,0,181972
83643,0,181973
83644,0,181974
83645,0,181975
83646,0,181976
83647,0,181977
83648,0,181978
83649,0,181979
83718,0,119896
83719,0,119897
83720,0,119898
83721,0,119899
83722,5,48642
83723,5,48643
83725,0,48645
83730,2,48650
83737,4,78983
83826,4,146755
83851,0,2693
83855,4,81284
83856,0,81285
83874,4,104497
83891,4,50762
83892,0,50763
83893,0,50765
83902,4,63184
83903,4,63185
83904,4,63186
83907,4,83223
83908,4,83224
83910,4,126077
83911,4,126078
83916,0,2765
83918,1,124
83919,1,125
83920,1,126
83921,1,127
83922,1,128
83923,1,129
83924,1,130
83925,1,131
83926,1,132
83938,0,144
83944,0,150
83945,0,151
83946,0,152
83947,0,153
83948,0,154
83949,0,155
83950,0,156
83951,0,157
83952,0,158
83953,0,159
83954,0,160
83955,0,161
83956,0,162
83957,0,163
83958,0,164
83959,0,165
83960,0,166
83961,0,167
83962,0,168
83963,0,169
83964,0,170
83998,4,136770
84050,0,24033
84111,2,55261
84119,0,141619
84136,0,17243
84137,0,17244
84138,0,17245
84139,0,17246
84140,0,17247
84141,0,17248
84142,0,17249
84143,0,17250
84144,0,17251
84145,0,17252
84146,0,17253
84147,0,17254
84148,0,17255
84150,0,17257
84151,0,17258
84152,1,17259
84159,4,111878
84192,2,6920
84207,0,164555
84231,4,69891
84232,4,69892
84233,4,69893
84239,0,62952
84276,0,41537
84277,0,41538
84278,0,41539
84279,0,41540
84288,0,113753
84289,0,113754
84295,4,91593
84302,4,96186
84303,4,96187
84304,4,96188
84324,4,90910
84347,0,133230
84386,4,162341
84432,4,86333
84452,0,121896
84453,0,121897
84454,0,121898
84455,0,121899
84486,4,75767
84487,4,75768
84488,4,75769
84489,4,75770
84500,4,103248
84509,4,66098
84522,1,104601
84523,1,104602
84524,1,104603
84525,1,104604
84526,1,104605
84527,1,104606
84572,4,97205
84587,4,149603
84625,5,104327
84633,1,81848
84688,0,96484
84689,0,96485
84690,0,96486
84699,0,96495
84700,0,96496
84701,0,96497
84702,0,96498
84703,0,96499
84704,0,96500
84705,0,96501
84706,0,96502
84707,0,96503
84708,0,96504
84709,0,96505
84710,0,96506
84711,0,96507
84712,0,96508
84715,4,135978
84744,4,135145
84755,4,70514
84761,1,42024
84763,1,42026
84786,0,30526
84807,1,45066
84834,1,145912
84847,0,22172
84892,1,21197
84945,4,56660
84989,1,106276
84998,0,106285
84999,0,106286
85000,0,106287
85001,0,106288
85002,0,106289
85020,0,105732
85029,0,62959
85031,2,139966
85059,0,167880
85060,0,167881
85129,4,11633
85133,4,12462
85173,4,114048
85183,4,19043
85203,4,48596
85215,0,142175
85223,4,146219
85226,1,147032
85228,1,80594
85258,0,70438
85266,1,85086
85280,4,54012
85281,4,54013
85298,0,64276
85342,0,151695
85343,0,151696
85357,1,85848
85369,0,20741
85373,0,21273
85375,0,21275
85392,1,29614
85396,0,29618
85397,0,29619
85398,0,29620
85399,0,29621
85400,0,29622
85401,0,29623
85402,0,29624
85412,1,117928
85450,0,94720
85481,1,56698
85527,0,137507
85530,0,137510
85531,0,137511
85535,1,125450
85536,1,125451
85537,1,125452
85541,0,125456
85542,0,125457
85543,0,125458
85544,0,125459
85545,0,125460
85546,0,125461
85547,0,125462
85548,0,125463
85549,0,125464
85550,0,125465
85551,0,125466
85552,0,125467
85553,0,125468
85554,0,125469
85555,0,125470
85556,0,125471
85557,0,125472
85558,0,125473
85559,0,125474
85560,0,125475
85561,0,125476
85562,0,125477
85563,0,125478
85564,0,125479
85565,0,125480
85566,0,125481
85567,0,125482
85568,0,125483
85569,0,125484
85606,4,185043
85608,2,105672
85609,2,105673
85610,2,105674
85635,4,48729
85638,0,90432
85657,0,69438
85688,0,108625
85747,5,46789
85807,0,16826
85827,4,91700
85865,0,174256
85869,1,151552
85917,1,142432
85935,4,154500
85936,4,154501
85999,2,66196
86000,2,66197
86001,0,66198
86028,4,52789
86086,4,121590
86087,4,121591
86137,2,132492
86166,1,92157
86178,4,9171
86182,0,91134
86195,4,114399
86197,0,114401
86208,1,105403
86234,0,167389
86235,0,169923
86260,4,107177
86278,1,105118
86302,1,103558
86303,1,103559
86332,0,98601
86333,0,98602
86335,0,98604
86336,0,98605
86341,0,62789
86354,0,85551
86363,4,565
86384,1,9462
86400,4,70590
86417,4,11850
86436,4,154093
86437,4,154094
86438,4,154095
86439,4,154096
86447,0,38843
86461,0,56556
86490,5,31443
86528,5,127095
86540,4,32940
86541,0,118255
86567,0,17200
86576,1,15871
86672,4,153572
86683,0,90249
86690,1,151636
86692,0,151638
86693,0,151639
86694,0,151640
86695,0,151641
86696,0,151642
86697,0,151643
86698,0,151644
86699,0,151645
86700,0,151646
86701,0,151647
86702,0,151648
86703,0,151649
86704,0,151650
86705,0,151651
86706,0,151652
86707,0,151653
86708,0,151654
86709,0,151655
86710,0,151656
86716,2,151662
86725,0,151671
86726,0,151672
86727,0,151673
86728,0,151674
86729,0,151675
86730,0,151676
86731,0,151677
86732,0,151678
86769,0,152782
86770,0,152783
86775,0,152788
86776,1,152789
86781,1,152794
86787,1,152800
86806,2,110778
86817,1,123559
86838,4,127003
86862,1,138008
86863,0,138009
86864,0,138010
86865,0,138011
86866,0,138012
86867,0,138013
86869,1,25561
86891,4,16341
86892,0,72884
86895,0,68236
86913,4,55180
86922,2,33918
86939,0,34979
86978,0,109213
86988,2,121670
86996,2,179181
86997,0,179182
86998,0,179183
86999,0,179184
87000,0,179185
87001,0,179186
87002,0,179187
87003,0,179188
87004,0,179189
87005,0,179190
87006,0,179191
87007,0,179192
87008,0,179193
87009,0,179194
87010,0,179195
87011,0,179196
87012,0,179197
87013,0,179198
87014,0,179199
87015,0,179200
87016,0,179201
87017,0,179202
87018,0,179203
87019,0,179204
87020,0,179205
87021,0,179206
87022,0,179207
87023,0,179208
87024,0,179209
87025,0,179210
87026,0,179211
87027,0,179212
87028,0,179213
87029,0,179214
87030,0,179215
87077,0,135885
87136,2,180793
87148,4,52151
87165,1,110233
87194,2,70940
87195,2,70941
87220,2,94295
87241,1,36205
87253,1,36217
87273,4,39505
87274,0,39506
87280,0,68389
87281,0,68388
87336,4,181375
87349,1,79561
87379,1,109734
87398,0,63452
87484,4,17707
89093,4,155545
89118,4,106962
89121,4,106964
89122,4,106966
89125,4,106969
89126,4,106970
89127,4,106971
89129,4,106973
89158,1,68827
89190,2,68859
89191,2,68860
89192,2,68861
89193,2,68862
89194,2,68863
89195,2,68864
89196,2,68865
89204,0,68873
89205,0,68874
89206,0,68875
89208,0,166226
89213,1,113689
89215,1,113691
89221,0,113697
89222,0,113698
89223,2,113699
89240,0,113716
89241,2,113717
89242,2,113718
89243,2,113719
89244,2,113720
89245,2,113721
89246,2,113722
89247,2,113723
89248,2,113724
89249,2,113725
89250,2,113726
89251,2,113727
89252,2,113728
89253,2,113729
89254,2,113730
89255,2,113731
89256,2,113732
89366,4,102713
89395,4,106976
89403,2,119253
89424,1,144044
89431,4,123625
89432,4,123626
89435,1,131288
89445,1,65747
89446,1,65748
89485,4,155305
89506,4,8275
89556,0,101951
89558,0,135921
89560,4,135922
89561,4,135924
89562,4,135925
89563,4,135926
89564,1,135927
89675,1,58651
89691,1,148027
89706,1,185681
89707,0,185682
89708,0,185683
89709,0,185684
89710,0,185685
89711,0,185686
89712,0,185687
89713,0,185688
89714,0,185689
89715,0,185690
89716,0,185691
89717,0,185692
89718,0,185693
89719,0,185694
89720,0,185695
89721,0,185696
89722,0,185697
89734,0,158889
89736,0,158891
89741,0,152854
89777,0,57269
89783,0,73246
89797,4,160365
89813,2,33461
89814,4,33462
89837,0,173988
89840,0,17597
89845,4,108476
89867,0,12408
89877,1,45529
89891,1,83609
89905,0,178037
89930,0,81824
89931,0,81825
89932,0,81826
89950,1,134776
89963,0,3561
89964,0,3562
87491,1,111267
87500,0,131299
87524,0,16193
87528,0,16197
87559,0,73286
87560,0,73287
87561,0,73288
87562,0,73289
87608,1,139876
87692,4,26524
87833,1,56063
87874,0,7038
87876,0,7040
87889,0,120153
87890,0,120154
87891,0,120155
87908,0,183633
87953,0,2346
87954,0,2347
88016,4,74614
88022,0,49659
88036,4,78682
88059,0,144845
88070,0,132402
88094,0,10116
88105,4,125960
88121,5,33666
88124,0,64870
88132,0,179767
88149,4,155015
88207,4,185508
88217,0,107099
88248,0,120270
88251,0,120272
88290,0,100615
88373,4,7587
88374,4,7588
88385,1,14454
88399,1,46205
88427,1,11642
88438,2,11654
88484,4,757
88508,0,16836
88547,1,135963
88578,1,76063
88585,0,158396
88586,0,158397
88597,2,69181
88620,1,64681
88634,0,64695
88635,0,64696
88636,0,64697
88637,0,64698
88638,0,64699
88639,0,64700
88640,0,64701
88641,0,64702
88642,0,64703
88643,4,64704
88644,4,64705
88645,4,64706
88646,4,64707
88647,4,64708
88648,4,64709
88649,2,64710
88650,2,64711
88651,2,64712
88652,0,64713
88653,0,64714
88654,0,64715
88655,0,64716
88656,0,64717
88657,0,64718
88658,0,64719
88659,0,64720
88660,4,64721
88661,4,64722
88662,4,64723
88663,0,64724
88664,0,64725
88665,0,64726
88666,0,64727
88670,0,107170
88681,0,74091
88696,4,78465
88760,4,88995
88761,0,118789
88781,0,88697
88818,1,24292
88866,4,136275
88883,1,37041
88955,1,81075
88994,4,119164
88995,0,119165
88997,0,113512
89000,4,168784
89001,4,168785
89016,4,156407
89067,4,6276
89068,4,6277
90996,1,33919
91004,4,82976
91013,4,103947
91032,4,158389
91061,1,172866
91137,4,175852
91147,4,11243
91153,1,183456
91168,2,95666
91198,0,46897
91208,0,114603
91210,0,114605
91309,5,173000
91311,4,173002
91312,4,173003
91320,1,85211
91332,4,101657
91334,4,101659
91378,0,70427
91398,4,175760
91404,1,69981
91417,0,69994
91418,0,69995
91419,0,69996
91420,0,69997
91421,0,69998
91422,0,69999
91423,0,70000
91424,0,70001
91425,0,70002
91426,0,70003
91427,0,70004
91428,0,70005
91429,0,70006
91430,0,70007
91431,0,70008
91432,0,70009
91433,0,70010
91434,0,70011
91435,0,70012
91466,1,121798
91467,1,121799
91518,2,158934
91534,1,65936
91548,4,67861
91561,0,115673
91568,0,58787
91592,4,63832
91609,0,29416
91616,4,166822
91631,1,28150
91653,5,62024
91656,1,62027
91677,2,150239
91678,0,150240
91680,0,150242
91681,0,150243
91682,0,150244
91684,1,150246
91685,1,150247
91686,0,150248
91687,0,150249
91688,0,150250
91689,0,150251
91690,0,150252
91691,0,150253
91692,0,150254
91693,0,150255
91694,0,150256
91695,0,150257
91696,0,150258
91697,0,150259
91698,0,150260
91699,0,150261
91700,0,150262
91701,0,150263
91702,0,150264
91703,0,150265
91704,0,150266
91705,0,150267
91706,0,150268
91707,0,150269
91708,0,150270
91709,0,150271
91710,0,150272
91711,0,150273
91712,0,150274
91713,0,150275
91714,0,150276
91715,0,150277
91716,0,150278
91724,0,39420
91725,0,39421
91726,0,39422
91727,0,39423
91728,0,39424
91729,0,39425
91730,0,39426
91739,0,39435
91740,0,39436
90015,0,125305
90018,1,45334
90019,0,45335
90023,1,10533
90100,4,116880
90112,4,97338
90130,1,91178
90197,1,164700
90282,0,169122
90284,0,169124
90309,2,72975
90310,1,72976
90315,0,50396
90353,0,51527
90378,4,133661
90403,1,48800
90431,1,36060
90437,4,43936
90468,0,138769
90470,4,138771
90471,0,138772
90482,0,11366
90483,0,11367
90484,0,11368
90485,0,11369
90486,2,11370
90490,0,11373
90491,0,11375
90492,0,11376
90493,0,11377
90494,0,11378
90495,0,11379
90496,0,11380
90497,0,11381
90498,0,11382
90499,0,11383
90500,0,11384
90501,0,11385
90502,0,11386
90503,0,11387
90504,0,11388
90505,0,11389
90506,4,11390
90507,4,11391
90508,0,11392
90509,0,11393
90510,0,11394
90511,0,11395
90512,0,11396
90513,0,11397
90514,0,11398
90515,0,11399
90516,0,11400
90517,2,11401
90518,2,11402
90519,2,11403
90520,2,11404
90521,2,11405
90522,2,11406
90523,2,11407
90524,2,11408
90525,0,11409
90526,0,11410
90527,0,11411
90528,0,11412
90529,0,11413
90530,0,11414
90531,0,11415
90532,0,11416
90533,0,11417
90534,0,11418
90608,1,32128
90615,4,69784
90680,0,113920
90681,0,113921
90682,0,113922
90683,0,113923
90686,2,113926
90687,2,113927
90688,2,113928
90689,2,113929
90701,0,113941
90702,0,113942
90746,4,155946
90751,0,116361
90754,0,104870
90778,1,36598
90803,1,157753
90813,4,132932
90816,0,82611
90835,1,184122
90903,4,99817
90905,4,99818
90917,1,5943
90932,1,165924
90933,1,165925
90949,2,51729
90967,1,163035
90992,2,104652
90993,2,104653
91762,1,160001
91774,2,2741
91783,2,2751
91814,4,4601
91845,0,45654
91856,4,27131
91860,4,37537
91871,4,16365
91872,5,124993
91873,4,124994
91887,4,33720
91901,4,55362
91911,4,145810
91941,0,15659
91957,1,75881
91989,4,74687
91990,0,129689
91993,2,72455
91998,2,72460
92066,1,24408
92088,0,72186
92105,1,157764
92127,4,129658
92132,2,2719
92143,0,38124
92144,0,38125
92192,4,34523
92217,4,56546
92240,4,139811
92241,4,139812
92263,2,67825
92264,0,67826
92272,4,125874
92273,4,125875
92274,4,125876
92277,0,46317
92287,1,43189
92291,1,14691
92345,4,115071
92346,4,115072
92366,4,14401
92370,4,97322
92372,1,182897
92396,1,65894
92408,1,102640
92445,4,118061
92493,1,18861
92501,1,105139
92513,4,161514
92529,5,143186
92545,0,110807
92549,0,152439
92564,1,19031
92575,4,15687
92577,1,6194
92580,4,2672
92591,4,112986
92595,1,50669
92641,1,147424
92664,4,115482
92702,0,119908
92718,1,110527
92763,1,25414
92766,2,154346
92768,2,154348
92809,4,85975
92832,0,141384
92834,0,141385
92835,0,141387
92836,0,141388
92837,0,141389
92838,0,141390
92839,0,141391
92840,0,141392
92841,0,141393
92842,0,141394
92843,0,141395
92844,0,141396
92845,0,141397
92846,0,141398
92847,0,141399
92848,0,141400
92849,0,141401
92850,0,141402
92851,0,141403
92852,0,141404
92853,0,141405
92854,0,141406
92855,0,141407
92856,0,141408
92858,0,141410
92859,0,141411
92860,0,141412
92861,0,141413
92862,0,141414
92863,0,141415
92864,0,141416
92865,0,141417
92866,0,141418
92867,4,141419
92868,4,141420
92869,4,141421
92870,0,141422
92871,0,141423
92872,0,141424
92873,0,141425
92874,0,141426
92875,0,141427
92876,0,141428
92877,0,141429
92878,0,141430
92879,1,141431
92880,1,141432
92881,1,141433
92882,1,141434
92883,1,141435
92884,1,141436
92885,1,141437
92886,1,141438
92887,0,141439
92888,0,141440
92889,0,141441
92890,0,141442
92896,1,40157
92903,0,40164
92923,0,17086
92924,0,17087
92937,4,159796
92938,4,159798
92940,4,159799
92946,5,185565
92947,4,185566
92964,0,148767
92965,0,148768
92966,0,148769
92967,0,148770
92968,0,148771
92969,0,148772
92970,0,148773
92971,0,148774
92975,2,148778
92976,0,148779
92977,0,148780
92978,0,148781
92979,0,148782
92980,0,148783
93036,1,101485
93044,4,122096
93049,4,116510
93050,4,116509
93080,4,22320
93094,0,45020
93096,5,78506
93132,1,137713
93160,4,48244
93169,5,140777
93170,5,140778
93171,5,140779
93172,5,140780
93192,5,17784
93227,4,177970
93239,4,20275
93252,1,23706
93253,1,23707
93254,1,23708
93255,4,20273
93282,4,33014
93286,1,27901
93287,1,27902
93288,1,27903
93289,1,27904
93290,1,27905
93291,1,27906
93297,2,27912
93298,0,27913
93299,0,27914
93300,0,27915
93301,0,27916
93302,0,27917
93304,0,27919
93305,0,27920
93306,0,27921
93307,0,27922
93308,0,27923
93309,0,27924
93310,0,27925
93311,0,27926
93312,0,27927
93313,0,27928
93332,4,110454
93344,0,65542
93345,0,65543
93354,4,162994
93355,4,162995
93372,4,114864
93389,4,141938
93390,4,141939
93395,0,88895
93416,4,118621
93418,1,18433
94498,4,37719
94499,4,22301
94500,4,22302
94501,4,22303
94503,4,41033
94515,0,183503
94516,0,183504
94518,0,183506
94519,0,183507
94524,0,183512
94526,2,183514
94543,4,83248
94544,4,83249
94560,5,106207
94572,4,179833
94573,5,179834
94578,1,126891
94592,0,140122
94625,1,158943
94626,1,158942
94647,1,57493
94653,1,109429
94661,0,109437
94662,0,109438
94663,0,109439
94664,0,109440
94665,0,109441
94666,0,109442
94667,0,109443
94686,1,109462
94699,1,109475
94700,0,109476
94701,0,109477
94702,1,50859
94714,0,13842
94715,4,131926
94732,0,140452
94737,2,166049
94738,2,166050
94766,4,48041
94767,4,48042
94790,0,20979
94791,1,175126
94799,4,153509
94800,0,82507
94803,0,48882
94807,0,184750
94808,1,184751
94831,4,107903
94833,0,127398
94858,4,24472
94864,4,116111
94873,1,15814
94879,1,28742
94890,1,140189
94901,0,166610
94902,0,166611
94904,0,166613
94917,1,51210
94920,1,51213
94921,1,51214
94927,1,30424
94940,4,36323
94948,4,49126
94956,1,173121
94958,1,173123
94959,1,173124
94965,0,40652
94971,4,78744
94974,1,34650
94978,1,34654
94986,0,34662
94987,0,34663
94988,0,34664
94989,0,34665
94990,0,34666
94991,0,34667
94992,0,34668
94993,0,34669
94994,0,34670
94995,0,34671
94996,0,34672
94997,0,34673
94998,0,34674
94999,0,34675
95000,0,34676
95001,0,34677
95002,0,34678
95003,0,34679
95004,0,34680
95005,0,34681
95006,0,34682
95007,0,34683
95008,0,34684
95009,0,34685
95010,0,34686
95011,0,34687
95012,0,34688
95013,0,34689
95014,0,34690
93426,1,16044
93438,4,81351
93444,1,62191
93445,4,62192
93447,0,62194
93459,0,65963
93472,4,171846
93473,4,171847
93492,4,184158
93499,4,179175
93504,4,67563
93540,4,96699
93545,4,66221
93546,4,66222
93547,4,66223
93609,1,107419
93619,1,100549
93647,1,109007
93648,1,109006
93651,4,180218
93657,4,73479
93673,1,106248
93677,0,149438
93685,1,94924
93709,4,81657
93739,4,181455
93772,0,180349
93776,2,92178
93777,0,92179
93787,1,53266
93792,1,106431
93805,1,45089
93876,4,172219
93883,4,153986
93886,0,93759
93923,4,12898
93952,4,40403
93984,0,109618
93985,0,184825
93987,0,184827
93988,0,184828
93989,0,184829
93990,0,184830
93991,0,184831
93992,0,184832
94015,1,95883
94029,3,162127
94036,0,116653
94050,1,48127
94062,1,74963
94063,1,74964
94128,4,162032
94132,0,136805
94148,0,20463
94163,4,82005
94165,4,82007
94169,0,82011
94193,4,102746
94205,4,142499
94215,4,60574
94220,1,99138
94221,1,99139
94222,0,99140
94223,0,99141
94224,0,99142
94225,0,99143
94229,1,3017
94232,0,3020
94233,0,3021
94243,0,3031
94253,0,3041
94254,0,3042
94255,0,3043
94256,0,3044
94257,0,3045
94258,0,3046
94259,0,3047
94260,0,3048
94261,0,3049
94262,0,3050
94263,0,3051
94264,0,3052
94265,0,3053
94266,0,3054
94267,0,3055
94268,0,3056
94269,0,3057
94270,0,3058
94271,0,3059
94272,0,3060
94273,0,3061
94274,0,3062
94282,0,79175
94296,1,24870
94367,4,127493
94375,4,83445
94389,1,69857
94463,4,58028
94482,1,74217
94497,4,149549
96038,0,79586
96062,0,79610
96082,4,130374
96085,0,95395
96086,4,121116
96088,0,47962
96093,4,28757
96102,4,136072
96125,5,158312
96126,5,158313
96127,5,158314
96138,0,109376
96149,0,144957
96163,4,113992
96169,0,77538
96181,0,30268
96182,0,30269
96202,0,73253
96203,4,169078
96233,4,115993
96238,4,24124
96246,4,134913
96249,4,139335
96267,1,179798
96268,1,185603
96299,0,48663
96302,0,129683
96309,0,59594
96318,0,176675
96342,0,63364
96364,4,23108
96375,4,158284
96377,1,158286
96439,4,141116
96460,0,90695
96520,0,76066
96521,0,76067
96522,0,76068
96523,0,76069
96524,0,76070
96530,0,76076
96531,0,76077
96532,0,76078
96533,0,76079
96534,0,76080
96535,0,76081
96536,0,76082
96537,0,76083
96538,0,76084
96539,0,76085
96540,0,76086
96541,0,76087
96542,0,76088
96543,0,76089
96544,0,76090
96545,0,76091
96546,0,76092
96547,0,76093
96548,0,76094
96549,0,76095
96550,0,76096
96551,0,76097
96552,0,76098
96553,0,76099
96554,0,76100
96555,0,76101
96556,0,76102
96557,0,76103
96558,0,76104
96559,0,76105
96560,0,76106
96561,0,76107
96562,0,76108
96563,0,76109
96564,0,76110
96565,0,76111
96566,0,76112
96567,0,76113
96568,0,76114
96569,0,76115
96570,0,76116
96571,0,76117
96614,0,166801
96664,4,26568
96665,4,26569
96671,0,130888
96754,4,127657
96766,4,46774
96770,1,16304
96771,1,16305
96774,4,179049
96778,1,105141
96784,2,77236
96816,2,26703
96823,1,26710
96824,1,26711
96825,1,26712
96826,1,26713
96836,0,143644
96866,4,161211
95015,0,34691
95016,0,34692
95017,0,34693
95018,0,34694
95019,0,34695
95020,0,34696
95021,0,34697
95022,0,34698
95023,0,34699
95024,0,34700
95025,0,34701
95026,0,34702
95027,0,34703
95041,1,31577
95067,1,74390
95098,0,139642
95106,1,150600
95107,0,93284
95108,4,71671
95119,4,149677
95129,4,153400
95143,4,108256
95148,4,104145
95152,4,135100
95155,1,150221
95181,4,50697
95182,4,146239
95185,1,56942
95187,1,56944
95202,0,15749
95205,1,92978
95223,0,95637
95239,0,147826
95242,1,148906
95259,0,57170
95261,0,10745
95267,4,49668
95274,0,87348
95292,0,3514
95295,1,124526
95310,4,183820
95315,4,122780
95316,4,125641
95329,4,161621
95333,4,164937
95343,4,67640
95344,4,117768
95354,0,183943
95355,4,154879
95362,4,20703
95363,0,63401
95367,4,38140
95368,4,38141
95371,1,80165
95374,4,17751
95375,4,17752
95378,4,115561
95395,0,126606
95406,4,162465
95407,4,162466
95511,0,85508
95541,2,161483
95596,0,89278
95597,0,89279
95606,0,61419
95607,4,61420
95608,4,61421
95609,4,61422
95615,0,90670
95638,4,10552
95650,0,36762
95660,4,138371
95679,4,160617
95701,0,21345
95738,0,181268
95739,0,181269
95740,0,181270
95741,0,181271
95742,0,181272
95743,0,181273
95744,0,181274
95745,0,181275
95746,0,181276
95747,0,181277
95748,0,181278
95756,4,80856
95782,0,115659
95803,4,113466
95806,4,74915
95824,1,50945
95878,1,49816
95897,0,37927
95903,4,97040
95908,2,52989
95941,0,153171
95944,4,108019
95965,1,95406
95968,1,178671
96021,1,47230
96028,1,79576
98365,0,28292
98366,0,28293
98367,0,28294
98368,0,28295
98369,0,28296
98370,0,28297
98371,0,28298
98372,0,28299
98373,0,28300
98374,0,28301
98375,0,28302
98376,0,28303
98377,0,28304
98378,0,28305
98379,0,28306
98380,0,28307
98381,0,28308
98382,0,28309
98383,0,28310
98384,0,28311
98385,0,28312
98388,4,65556
98418,4,7134
98421,4,26699
98430,4,54790
98432,4,67875
98463,1,34116
98503,1,142578
98513,0,89999
98556,0,137308
98613,0,95788
98655,0,34715
98666,1,75031
98688,0,137131
98689,0,137132
98690,4,137133
98691,0,137134
98692,0,137135
98694,0,137137
98695,0,137138
98738,4,151379
98746,0,99932
98750,4,142620
98755,4,173483
98790,1,43777
98795,4,155535
98797,2,155537
98816,4,51054
98822,2,32703
98823,2,32704
98845,1,111985
98859,4,104789
98865,0,135312
98870,1,39527
98890,4,164955
98901,1,15151
98929,4,154527
98936,4,82036
98953,2,26126
98971,0,45313
98998,0,49642
99027,4,18970
99039,4,184047
99051,2,111933
99052,0,111934
99053,0,111935
99054,0,111936
99055,0,111937
99056,2,111938
99057,0,111939
99058,0,111940
99059,0,111941
99060,0,111942
99061,0,111943
99062,0,111944
99063,0,111945
99064,0,111946
99069,2,111951
99070,2,111952
99071,2,111953
99072,2,111954
99073,2,111955
99074,2,111956
99075,2,111957
99076,2,111958
99077,2,111959
99078,2,111960
99079,2,111961
99080,0,111962
99081,0,111963
99082,0,111964
99083,2,111965
99084,2,111966
99087,1,111969
99088,1,111970
99089,1,111972
99090,1,111971
99097,4,177276
99105,0,164119
99106,0,164120
96874,1,125488
96889,0,125503
96890,0,125504
96891,0,125505
96892,0,125506
96893,0,125507
96894,0,125508
96895,0,125509
96976,1,107287
96984,0,38631
97011,0,32003
97024,1,168023
97027,1,168026
97028,1,168027
97098,4,36419
97104,0,2676
97112,0,41328
97113,0,41329
97127,4,72298
97157,4,40761
97161,1,93531
97170,0,42725
97171,0,42726
97359,4,91834
97367,2,35895
97387,4,22253
97411,0,6551
97414,0,180915
97431,1,26856
97457,2,26882
97458,0,26883
97459,0,26884
97466,4,110719
97467,4,110720
97503,4,164966
97507,0,136692
97514,4,79088
97518,1,140219
97564,1,92786
97569,4,38484
97591,0,130755
97592,0,130756
97620,0,78742
97621,0,78743
97654,1,30093
97723,4,65893
97749,4,55760
97793,0,35345
97814,1,66592
97844,0,115316
97887,4,15043
97900,0,16177
97901,0,16178
97905,0,16182
97923,1,173705
97938,0,159718
97939,1,63080
97964,0,43065
97968,1,77726
98011,1,162610
98024,1,110945
98025,1,110946
98028,1,181184
98031,1,145220
98033,0,145222
98034,0,145223
98036,0,145225
98076,4,119975
98078,1,132919
98103,4,87807
98106,0,118231
98157,4,85686
98173,4,178155
98178,1,149716
98180,1,168834
98194,1,1319
98220,1,166488
98235,1,166503
98239,0,166507
98240,0,166508
98241,0,166509
98257,1,95031
98260,0,114349
98261,4,116729
98269,4,579
98276,4,110773
98294,4,31038
98303,4,82502
98313,1,107905
98354,0,28281
98355,0,28282
98356,0,28283
98357,0,28284
98358,0,28285
98359,0,28286
98360,0,28287
98361,0,28288
98362,0,28289
98363,0,28290
98364,0,28291
99521,0,142835
99522,0,142836
99523,4,142837
99524,0,142838
99527,0,142841
99557,4,32382
99558,4,32383
99560,4,49038
99567,4,54330
99571,4,156626
99575,4,121495
99581,0,10146
99582,0,10147
99583,0,10148
99603,4,165782
99606,4,170721
99630,4,118980
99649,1,108696
99663,4,51562
99684,4,132942
99687,4,116038
99699,0,143528
99700,0,143529
99701,0,143530
99702,0,143531
99715,0,180554
99736,4,10391
99740,4,118874
99741,4,118875
99749,0,120058
99750,0,120059
99751,0,120060
99752,0,120061
99753,0,120062
99754,0,120063
99755,0,120064
99756,0,120065
99757,0,120066
99758,4,120067
99759,4,120068
99760,4,120069
99761,4,120070
99762,4,120071
99771,4,89113
99781,4,144013
99782,4,67498
99785,4,100514
99835,4,150850
99859,4,91490
99860,4,91491
99899,4,64587
99912,4,19860
99921,4,172993
99923,4,141379
99924,4,141380
99943,0,137078
99944,0,137079
99945,0,137080
99946,0,137081
99962,0,137097
99963,0,137098
99964,0,137099
99965,0,137100
99966,0,137101
99967,0,137102
99968,0,137103
99969,0,137104
99970,0,137105
99971,0,137106
99972,0,137107
99973,0,137108
99974,0,137109
99975,0,137110
99976,0,137111
99977,0,137112
99978,0,137113
99979,0,137114
99980,0,137115
99981,0,137116
99982,0,137117
99983,0,137118
99984,0,137119
99985,0,137120
99986,0,137121
100021,1,51140
100077,4,33968
100083,4,99237
100120,4,101718
100121,4,101719
100197,4,22688
100209,0,151567
100210,0,151569
100211,0,151570
100212,0,151571
100222,0,151581
100223,0,151582
100224,0,151583
100225,0,151584
100226,0,151585
100227,2,151586
99121,4,100633
99145,4,8753
99148,1,68772
99175,4,174394
99188,4,178091
99197,0,118106
99198,0,118107
99199,0,118108
99200,0,118109
99201,0,118110
99202,0,118112
99203,0,118111
99209,4,73320
99223,0,127996
99225,2,110209
99231,2,41075
99288,4,17099
99292,4,49651
99296,4,178834
99304,4,27849
99309,2,161422
99313,1,112518
99314,0,112519
99316,0,112521
99318,0,112523
99319,0,112524
99320,0,112525
99321,0,112526
99322,0,112527
99323,0,112528
99324,0,112529
99325,0,112530
99326,0,112531
99327,0,112532
99328,0,112533
99329,0,112534
99331,0,112536
99332,0,112537
99333,0,112538
99334,0,112539
99335,0,112540
99336,0,112541
99337,0,112542
99338,0,112543
99339,0,112544
99340,0,112545
99341,0,112546
99342,0,112547
99343,0,112548
99344,0,112549
99345,0,112550
99346,0,112551
99347,0,112552
99348,0,112553
99349,0,112554
99350,0,112555
99351,0,112556
99352,0,112557
99353,0,112558
99354,0,112559
99355,0,112560
99356,0,112561
99357,0,112562
99358,0,112563
99359,0,112564
99360,0,112565
99402,0,65575
99434,0,118596
99435,0,118597
99436,0,118598
99471,1,105197
99474,4,120221
99487,0,149624
99488,1,142802
99489,0,142803
99490,0,142804
99491,0,142805
99492,0,142806
99493,0,142807
99494,0,142808
99495,0,142809
99496,0,142810
99497,0,142811
99498,0,142812
99499,0,142813
99506,0,142820
99507,0,142821
99508,0,142822
99509,0,142823
99510,0,142824
99511,0,142825
99512,0,142826
99513,0,142827
99514,0,142828
99515,0,142829
99516,0,142830
99517,0,142831
99518,0,142832
99519,0,142833
99520,0,142834
100228,2,151587
100229,0,151588
100230,0,151589
100231,0,151590
100232,0,151591
100233,0,151592
100234,0,151593
100235,0,151594
100236,0,151595
100237,0,151596
100238,0,151597
100239,0,151598
100240,0,151599
100241,0,151600
100242,0,151601
100243,0,151602
100244,0,151603
100245,0,151604
100246,0,151605
100247,0,151606
100248,0,151607
100249,0,151608
100250,0,151609
100251,0,151610
100252,0,151611
100253,0,151612
100254,0,151613
100255,0,151614
100316,0,185453
100333,1,175542
100341,1,175550
100406,0,25504
100422,4,93633
100426,0,4876
100431,5,131560
100435,0,62071
100445,0,103465
100447,0,18143
100449,0,18145
100450,0,18146
100491,0,30592
100512,1,33777
100514,0,33778
100515,0,33780
100516,0,33781
100517,0,33782
100518,0,33783
100519,0,33784
100520,0,33785
100521,0,33786
100522,0,33787
100523,0,33788
100524,0,33789
100525,0,33790
100526,0,33791
100527,0,33792
100528,0,33793
100529,0,33794
100530,0,33796
100531,0,33795
100532,0,33797
100533,0,33798
100534,0,33799
100535,0,33800
100536,0,33802
100537,0,33801
100538,0,33803
100539,0,33804
100540,0,33805
100541,0,33806
100542,0,33807
100543,0,33808
100544,0,33809
100545,0,33810
100546,0,33811
100547,0,33812
100548,0,33813
100549,0,33814
100550,0,33815
100551,0,33816
100552,0,33817
100553,0,33818
100554,0,33819
100555,0,33820
100556,0,33821
100557,0,33822
100558,0,33823
100559,0,33824
100562,1,53694
100564,1,59384
100565,1,59385
100566,1,59386
100567,0,59387
100568,0,59388
100570,0,59390
100571,0,59391
100572,0,59392
100573,0,59393
100584,0,59404
100585,0,59405
100586,0,59406
100587,0,59407
100588,0,59408
100589,0,59409
100590,0,59410
100591,0,59411
100592,0,59412
100593,0,59413
100594,0,59414
100595,0,59415
100596,0,59416
100597,0,59417
100598,0,59418
100599,0,59419
100600,0,59420
100601,0,59421
100602,0,59422
100603,0,59423
100604,0,59424
100605,0,59425
100606,0,59426
100607,0,59427
100608,0,59428
100609,0,59429
100610,0,59430
100611,0,59431
100613,1,143303
100640,0,179712
100641,4,179713
100663,4,67731
100664,4,67732
100669,5,54450
100704,4,148836
100727,4,71004
100728,4,71005
100767,0,11428
100794,0,58616
100814,1,111924
100816,1,171669
100817,1,84
100867,1,48964
100919,4,33548
100936,1,180010
100973,0,177172
101011,1,142142
101026,4,148144
101038,4,64096
101088,4,15573
101091,2,15576
101123,4,254
101127,4,95534
101129,4,175324
101130,4,175325
101132,4,175326
101140,0,57125
101156,4,99012
101159,4,132110
101163,4,56163
101175,1,148785
101190,4,60461
101207,0,174589
101208,0,174590
101260,1,162068
101300,0,102934
101302,0,102935
101303,0,102936
101304,0,102937
101323,0,102956
101324,0,102957
101325,2,102958
101326,2,102959
101327,2,102960
101328,2,102961
101329,2,102962
101330,0,102963
101331,0,102964
101332,0,102965
101333,0,102966
101334,0,102967
101335,0,102968
101336,0,102969
101337,0,102970
101364,4,141749
101368,0,141753
101410,0,182810
101411,0,182811
101413,2,182812
101414,0,182814
101415,0,182815
101416,0,182816
101417,0,182817
101418,0,182818
101419,0,182819
101420,0,182820
101421,2,182821
101422,2,182822
101423,2,182823
101424,0,182824
101425,0,182825
101426,0,182826
102688,0,172358
102689,0,172359
102690,0,172360
102691,0,172361
102692,0,172362
102693,0,172363
102694,0,172364
102695,0,172365
102696,0,172366
102697,0,172367
102698,0,172368
102699,0,172369
102700,0,172370
102707,1,38489
102713,1,139517
102719,4,9704
102730,4,97705
102754,0,150955
102755,0,150956
102756,0,150957
102757,0,150958
102758,0,150959
102759,0,150960
102760,0,150961
102791,0,18200
102839,1,5229
102877,2,9963
102878,2,9964
102879,4,9965
102880,4,9966
102881,4,9967
102882,4,9968
102883,4,9969
102884,4,9970
102885,4,9971
102886,4,9972
102887,4,9973
102888,4,9974
102889,4,9975
102890,4,9976
102891,4,9977
102892,4,9978
102893,4,9979
102894,4,9980
102895,4,9981
102896,4,9982
102897,4,9983
102898,4,9984
102899,4,9985
102900,4,9986
102901,4,9987
102902,4,9988
102903,4,9989
102904,4,9990
102905,4,9991
102906,4,9992
102914,4,161721
102920,1,159873
102931,4,76147
102934,1,61002
102938,0,61006
102945,4,11278
102986,1,167836
103014,1,122432
103042,4,86025
103048,4,134680
103102,1,153202
103122,1,102683
103130,0,169368
103151,2,124739
103152,2,124740
103156,0,73989
103157,4,73990
103175,2,64744
103197,2,167052
103218,4,163973
103231,1,27394
103242,0,68992
103257,4,91552
103275,0,86237
103276,0,86238
103277,0,86239
103278,0,86240
103279,0,86241
103280,0,86242
103281,0,86243
103282,0,86244
103283,0,86245
103284,0,86246
103285,0,86247
103286,0,86248
103287,0,86249
103348,2,184022
103349,2,184023
103350,2,184024
103351,2,184025
103352,2,184026
103353,2,184027
103354,2,184028
103355,2,184029
101427,0,182827
101428,0,182828
101429,0,182829
101430,0,182830
101431,0,182831
101432,0,182832
101433,0,182833
101434,0,182834
101435,0,182835
101436,0,182836
101437,0,182837
101438,0,182838
101439,2,182839
101525,1,79934
101530,0,120406
101535,4,26304
101536,1,13601
101583,4,169525
101607,4,145338
101622,1,135180
101633,0,136563
101645,4,101821
101646,4,101822
101653,2,137976
101694,0,48551
101715,4,105260
101788,4,76962
101791,4,76965
101840,0,21083
101841,0,21084
101894,1,26359
101903,1,33244
101917,1,168323
101930,0,147288
101931,0,147289
101932,0,147290
101933,0,147291
101934,0,147292
101935,0,147293
101948,1,100739
101971,4,136267
102028,0,179244
102029,0,179245
102030,0,179246
102031,0,179247
102036,1,82180
102042,1,82186
102118,4,177462
102125,2,92605
102145,0,31702
102163,4,136539
102164,4,136540
102169,0,136545
102190,1,55449
102193,0,67132
102200,2,108210
102201,2,108211
102233,5,98116
102238,1,79616
102239,0,79617
102240,0,79618
102243,0,79621
102244,0,79622
102255,0,27752
102256,2,27753
102257,2,27754
102258,0,27755
102262,4,24133
102282,1,176746
102293,1,75013
102373,0,47676
102383,1,143981
102423,0,12174
102424,0,12175
102425,0,12176
102477,1,81238
102481,4,91088
102549,1,114440
102578,2,81991
102579,1,81992
102583,0,26392
102595,1,7668
102669,2,172339
102670,2,172340
102671,0,172341
102672,0,172342
102673,0,172343
102674,0,172344
102675,0,172345
102676,0,172346
102677,0,172347
102678,0,172348
102679,0,172349
102680,0,172350
102681,0,172351
102682,0,172352
102684,0,172354
102685,0,172355
102686,0,172356
102687,0,172357
103356,0,184030
103408,4,77622
103461,4,15832
103492,4,37700
103493,4,66538
103515,4,35063
103559,1,185599
103610,4,107125
103613,4,157359
103693,4,15772
103696,4,15775
103705,0,79264
103717,0,149639
103755,2,55280
103802,1,17294
103806,0,83116
103874,0,156416
103876,4,156418
103877,4,156419
103878,0,156420
103881,0,53490
103882,0,53491
103883,0,53492
103884,0,53493
103922,0,170427
103939,1,93095
103960,1,173110
103965,1,100356
103977,4,179436
103978,2,179437
103980,2,179439
104031,1,161875
104037,0,161881
104047,0,66449
104057,1,97122
104079,0,131191
104080,0,131192
104097,0,9152
104149,4,52287
104153,4,154375
104180,4,169925
104181,0,9582
104192,1,154522
104193,0,154523
104194,0,154524
104195,0,154525
104211,0,167626
104238,0,105220
104243,4,58105
104285,4,25756
104354,1,32574
104367,4,161866
104373,1,155482
104378,0,155487
104379,0,155488
104380,0,155489
104381,0,155490
104382,2,155491
104399,1,126569
104401,1,37384
104434,4,77285
104441,0,149260
104444,4,149263
104510,1,22034
104522,1,22046
104523,0,22047
104524,0,22048
104525,0,22049
104533,0,22057
104534,0,22058
104535,0,22059
104536,0,22060
104538,0,22061
104539,0,22063
104540,0,22064
104590,4,11708
104591,1,183241
104599,0,85298
104604,1,120636
104625,0,159910
104632,1,85852
104736,4,5313
104739,1,20459
104765,2,71196
104771,1,50261
104791,1,66955
104802,1,66966
104834,1,120967
104835,0,120968
104836,0,120969
104837,0,120970
104838,0,120971
104839,0,120972
104840,0,120973
104841,0,120974
104842,0,120975
104843,0,120976
104844,0,120977
104845,0,120978
104846,0,120979
104847,0,120980
104848,0,120981
104871,4,137739
104878,1,93741
104884,0,93747
104885,0,93748
104886,0,93749
104887,0,93750
104888,0,93751
104889,2,93752
104934,0,115220
104935,0,115221
104966,1,47464
104970,1,47468
104975,1,128820
104992,0,138894
104993,0,138895
104994,0,138896
104995,0,138897
104996,0,138898
104997,0,138899
104998,0,138900
104999,0,138901
105000,0,138902
105001,0,138903
105002,0,138904
105003,0,138905
105010,1,59213
105067,1,28453
105125,1,123581
105173,4,110120
105257,4,77892
105258,4,77893
105259,5,77894
105285,4,105092
105286,4,105093
105330,1,128037
105375,4,182746
105376,4,182747
105377,4,182748
105379,0,77779
105380,4,77780
105469,1,13230
105488,0,66768
105541,1,6289
105560,1,137171
105561,1,137172
105566,4,129567
105567,4,129568
105631,1,15748
105638,2,3995
105641,0,3998
105659,4,20433
105676,4,174083
105688,4,10374
105702,0,83265
105704,4,83267
105705,4,83268
105731,4,135246
105732,5,135247
105733,0,135249
105734,5,135248
105759,5,156826
105765,1,68180
105785,4,90573
105789,4,118729
105797,4,30990
105811,4,80802
105812,4,80803
105826,5,14741
105923,1,13528
106051,1,52072
106063,4,177190
106083,0,77976
106092,0,33374
106103,2,140498
106106,2,140501
106107,1,140502
106127,2,117812
106138,4,182432
106165,4,146294
106189,0,153613
106190,0,153614
106191,0,153615
106192,0,153616
106193,0,153617
106194,0,153618
106195,0,153619
106196,0,153620
106197,0,153621
106198,0,153622
106199,0,153623
106200,0,153624
106201,0,153625
106202,0,153626
106203,0,153627
106204,2,153628
106205,2,153629
106206,2,153630
106207,0,153631
106208,0,153632
106210,2,143043
106235,1,155584
106236,1,155586
106238,1,155587
106251,4,5151
106273,2,120325
106274,4,29303
106342,4,95928
106358,1,161358
106365,0,161365
106366,0,161366
106367,0,161367
106368,0,161368
106369,0,161369
106370,0,161370
106371,0,161371
106372,0,161372
106373,0,161373
106374,0,161374
106375,0,161375
106376,0,161376
106377,0,161377
106378,0,161378
106379,0,161379
106380,0,161380
106381,0,161381
106382,0,161382
106384,0,81361
106412,4,15063
106416,0,79387
106437,1,124752
106465,1,117801
106466,0,123587
106467,0,123588
106468,4,123589
106469,1,123590
106470,1,123591
106471,1,123592
106500,4,137692
106503,0,172425
106505,0,172427
106506,0,172428
106507,0,172429
106514,0,152340
106516,4,145870
106545,0,177309
106546,0,177310
106547,0,177311
106548,2,177312
106549,2,177313
106550,2,177314
106551,2,177315
106552,0,177316
106553,0,177317
106554,0,177318
106555,0,177319
106556,0,177320
106557,0,177321
106558,0,177322
106559,0,177323
106560,1,177324
106561,1,177325
106562,0,177326
106563,0,177327
106564,0,177328
106565,0,177329
106571,4,103606
106572,4,103607
106586,4,70163
106640,2,170750
106641,4,170751
106642,0,170752
106649,4,37268
106654,4,123178
106696,0,106844
106715,1,48787
106730,0,34645
106731,4,94750
106801,4,157548
106813,1,110623
106826,0,108436
106832,0,69645
106853,4,89386
106880,4,28839
106901,4,157791
106902,4,157792
106904,0,89133
106910,0,53205
106913,1,8720
106944,1,114593
106952,4,33292
106953,1,33293
106964,4,166359
106975,1,103958
106978,2,103961
106988,2,103971
106989,2,103972
106990,2,103973
106992,2,103975
106993,2,103976
106994,2,103977
106995,2,103978
106997,2,103980
106998,2,103981
106999,2,103982
107000,2,103983
107001,2,103984
107002,2,103985
107003,2,103986
107004,0,103987
107005,0,103988
107006,0,103989
107007,0,103990
107008,0,103991
107009,0,103992
107010,0,103993
107011,0,103994
107012,0,103995
107013,0,103996
107014,0,103997
107015,0,103998
107016,0,103999
107017,0,104000
107018,0,104001
107019,0,104002
107020,0,104003
107021,0,104004
107022,0,104005
107023,0,104006
107024,0,104007
107038,0,67489
107051,4,120827
107059,4,18788
107075,4,151517
107084,4,44427
107087,1,44430
107089,0,44432
107090,0,44433
107112,4,115792
107127,0,94297
107145,1,22852
107169,4,23856
107174,1,82222
107186,4,169989
107211,1,81130
107235,1,133582
107280,4,100214
107288,1,62229
107308,0,100116
107332,4,120887
107349,0,106891
107375,1,8861
107384,0,8870
107385,0,8871
107386,0,8872
107387,0,8873
107388,0,8874
107389,0,8875
107390,0,8876
107391,0,8877
107392,0,8878
107393,0,8879
107394,0,8880
107395,0,8881
107396,0,8882
107397,0,8883
107398,0,8884
107400,0,8886
107401,0,8887
107402,0,8888
107403,0,8889
107404,0,8890
107405,0,8891
107406,0,8892
107407,0,8893
107419,1,118113
107469,4,13347
107472,4,8800
107473,4,8801
107508,1,131486
107529,1,131507
107541,2,131519
107542,2,131520
107547,0,131525
107548,0,131526
107549,0,131527
107550,0,131528
107578,4,59205
107579,4,59206
107667,0,55638
107668,0,55639
107669,0,55640
107670,0,55641
107671,0,55642
107672,0,55643
107673,0,55644
107674,0,55645
107675,0,55646
107676,0,55647
107677,0,55648
107678,0,55649
107679,0,55650
107680,0,55651
107681,0,55652
107682,0,55653
107683,0,55654
107684,0,55655
107685,0,55656
107688,0,55659
107749,1,82060
107761,0,82072
107762,0,82073
107763,0,82074
107764,0,82075
107765,0,82076
107766,0,82077
107767,0,82078
107768,0,82079
107769,0,82080
107770,0,82081
107771,0,82082
107772,0,82083
107773,0,82084
107774,0,82085
107775,0,82086
107776,0,82087
107777,0,82088
107778,0,82089
107779,0,82090
107780,0,82091
107815,4,75899
107826,0,15295
107895,0,46487
107917,0,110382
107945,1,78878
107948,0,78881
107949,0,78882
107950,0,78883
107951,0,78884
107952,0,78885
107953,0,78886
107954,0,78887
107955,0,78888
107956,0,78889
107957,0,78890
107958,0,78891
107959,0,78892
107960,0,78893
107961,0,78894
107962,0,78895
107963,0,78896
107964,0,78897
107965,0,78898
107966,0,78899
107967,0,78900
107968,0,78901
107969,0,78902
107970,0,78903
107972,0,111317
107995,1,18316
107996,1,18317
107997,1,18318
107998,1,18319
108067,1,120865
108084,4,128490
108086,0,73278
108094,4,42495
108095,4,42496
108103,1,160061
108104,1,160062
108108,1,86559
108126,2,151185
108133,4,45761
108146,4,160231
108170,1,155870
108190,0,155890
108191,0,155891
108192,0,155892
108193,0,155893
108194,0,155894
108195,0,155895
108196,0,155896
108197,0,155897
108198,0,155898
108199,0,155899
108200,0,155900
108201,0,155901
108202,0,155902
108203,0,155903
108204,0,155904
108205,0,155905
108206,0,155906
108207,0,155907
108208,0,155908
108209,0,155909
108210,0,155910
108211,0,155911
108212,0,155912
108216,0,14389
108217,4,14390
108220,4,14393
108305,0,113611
108306,0,113612
108307,0,113613
108325,0,113631
108326,0,113632
108327,0,113633
108328,0,113634
108329,0,113635
108330,0,113636
108398,1,129506
108408,0,129516
108409,0,129517
108410,0,129518
108411,0,129519
108412,0,129520
108413,0,129521
108414,0,129522
108415,0,129523
108416,0,129524
108417,0,129525
108418,0,129526
108419,0,129527
108420,0,129528
108422,0,129530
108423,0,129531
108424,0,129532
108425,0,129533
108426,0,129534
108427,0,129535
108428,0,129536
108430,0,129538
108431,0,129539
108432,0,129540
108454,4,75928
108468,4,129720
108476,1,62480
108484,4,144376
108486,4,144377
108487,1,144379
108488,1,144380
108489,1,144381
108538,4,41835
108568,1,143369
108569,1,143370
108570,1,143371
108571,1,143372
108572,1,143373
108573,1,143374
108574,1,143375
108575,1,143376
108577,1,143378
108592,2,152026
108593,2,152027
108594,2,152028
108595,2,152029
108596,0,152030
108597,0,152031
108598,0,152032
108599,0,152033
108600,2,152034
108601,2,152035
108602,2,152036
108603,2,152037
108604,2,152038
108605,2,152039
108606,2,152040
108607,2,152041
108608,2,152042
108609,2,152043
108610,2,152044
108611,0,152045
108612,0,152046
108613,0,152047
108614,0,152048
108615,0,152049
108616,0,152050
108617,0,152051
108618,0,152052
108619,0,152053
108620,0,152054
108621,0,152055
108622,0,152056
108623,0,152057
108624,0,152058
108625,0,152059
108626,0,152060
108627,0,152061
108655,1,27009
108656,1,27010
108657,1,27011
108658,1,27012
108659,1,27013
108660,1,27014
108691,1,82729
108700,4,76454
108727,5,28532
108735,1,160980
108802,1,139900
109711,0,6433
109719,4,141975
109720,4,168605
109729,4,55491
109745,0,147353
109758,0,104888
109767,0,72928
109768,1,183822
109784,0,84691
109785,0,84692
109790,0,103003
109797,4,17060
109863,4,77901
109877,4,86997
109878,4,86998
109885,4,70734
109890,0,89274
109896,4,25748
109917,0,87820
109960,1,181944
109988,0,107558
109989,0,107560
109991,4,101505
109995,4,81883
109997,0,70534
109998,0,70535
110008,1,90117
110058,1,60290
110059,1,60291
110060,1,60292
110061,1,60293
110067,0,60299
110068,0,60300
110069,0,60301
110070,0,60302
110071,0,60303
110072,0,60304
110073,0,60305
110074,0,60306
110075,0,60307
110076,0,60308
110077,0,60309
110096,0,154234
110098,4,154236
110111,0,1538
110145,1,142735
110202,1,29551
110210,1,175363
110217,4,32081
110222,1,30544
110232,0,30554
110233,0,30555
110234,0,30556
110235,0,30557
110236,0,30558
110237,0,30559
110238,0,30560
110239,0,30561
110240,0,30562
110241,0,30563
110242,0,30564
110243,0,30565
110244,0,30566
110245,0,30567
110246,0,30568
110247,0,30569
110248,0,30570
110249,0,30571
110250,0,30572
110251,0,30573
110252,0,30574
110253,0,30575
110254,0,30576
110255,0,30577
110256,0,30578
110257,0,30579
110258,0,30580
110259,0,30581
110260,0,30582
110261,0,30583
110269,2,87683
110310,4,45885
110324,1,161955
110375,1,144525
110398,4,96229
110400,4,116515
110405,1,21100
110414,4,54721
110415,4,54722
110416,4,55623
110436,0,71600
110506,4,63743
110518,4,101463
110531,0,163398
110539,0,163406
110540,0,163407
110604,0,107711
110605,0,107712
110606,0,107713
110624,0,166935
108843,4,155974
108849,1,59037
108859,1,56784
108880,0,35938
108905,0,179813
108914,1,185283
108924,4,156151
108955,1,56956
108969,1,81445
108988,4,102779
108989,4,102780
109003,1,85447
109033,1,88330
109080,4,85152
109087,0,72136
109118,4,87735
109187,0,144759
109205,4,38622
109226,0,89725
109228,4,89727
109229,4,89728
109230,4,89729
109231,4,89730
109282,0,110217
109318,0,29589
109319,0,29590
109320,0,29591
109321,0,29592
109322,0,29593
109323,0,29594
109324,0,29595
109325,0,29596
109326,0,29597
109327,0,29598
109328,0,29599
109329,0,29600
109330,0,29601
109331,0,29602
109332,0,29603
109333,0,29604
109334,0,29605
109335,0,29606
109336,0,29607
109337,0,29608
109338,0,29609
109339,0,29610
109340,0,29611
109404,2,45661
109430,4,131811
109431,4,131813
109442,1,68799
109449,0,68806
109450,0,68807
109466,1,117257
109485,1,80807
109486,1,80808
109494,0,80816
109495,0,80817
109496,0,80818
109497,0,80819
109513,1,160153
109560,2,74605
109588,2,164236
109589,2,164237
109590,2,164238
109594,0,164242
109595,5,164243
109596,0,164244
109597,0,164245
109598,0,164246
109599,0,164247
109600,0,164248
109601,0,164249
109602,0,164250
109603,0,164251
109604,0,164252
109605,0,164253
109606,0,164254
109607,0,164255
109608,0,164256
109609,0,164257
109610,0,164258
109611,0,164259
109612,0,164260
109613,0,164261
109614,0,164262
109615,0,164263
109616,0,164264
109617,0,164265
109618,0,164266
109619,0,164267
109620,0,164268
109621,0,164269
109622,0,164270
109665,4,111847
109671,4,72624
109682,5,158433
109683,5,158434
109702,4,53236
109710,0,6432
111488,4,111492
111495,1,85609
111514,0,96608
111529,1,575
111542,4,48578
111551,4,169705
111556,4,60964
111564,4,28176
111580,4,105911
111589,1,43532
111672,1,184074
111673,1,184075
111691,2,48219
111705,4,91973
111732,2,24975
111747,0,130971
111758,2,177794
111760,4,50782
111881,0,148400
111910,4,48886
111921,2,10874
111922,2,10875
111923,5,10876
111943,1,132914
111949,2,47830
111986,4,42601
111987,4,42602
112034,2,64094
112035,0,64095
112068,4,71553
112090,0,36977
112104,4,160586
112138,1,58685
112150,2,113432
112153,2,113435
112164,1,10263
112177,4,32145
112186,4,102865
112187,0,102866
112189,4,102868
112190,4,102869
112192,0,102871
112193,0,102872
112199,1,58113
112216,4,145414
112246,4,32523
112256,4,150073
112257,4,150074
112259,0,51075
112262,4,58644
112272,0,181361
112300,4,73500
112352,4,38165
112373,4,112726
112383,4,168532
112386,1,172091
112408,4,132946
112409,4,132947
112410,4,132948
112414,0,182953
112415,0,182954
112469,0,154266
112524,0,14437
112565,4,63772
112576,0,450
112582,0,167028
112583,0,38853
112622,0,79042
112623,0,79043
112624,0,79044
112625,0,79045
112626,0,79046
112627,0,79047
112628,0,79048
112631,2,79051
112632,2,79052
112633,2,79053
112634,2,79054
112635,2,79055
112636,2,79056
112637,2,79057
112638,2,79058
112639,2,79059
112640,2,79060
112641,2,79061
112642,2,79062
112643,2,79063
112644,2,79064
112646,2,79066
112647,0,79067
112648,0,79068
112649,0,79069
112650,0,79070
112651,0,79071
112652,0,79072
112653,0,79073
112654,0,79074
112655,0,79075
112661,1,176223
112667,0,104388
110628,1,11801
110637,4,171092
110660,1,15324
110690,1,123914
110767,0,27056
110768,4,27057
110803,4,54950
110825,0,19279
110830,0,15492
110831,0,15493
110832,0,15494
110851,0,48097
110864,4,83726
110892,1,15502
110925,4,117860
110926,0,157187
110927,0,157188
110931,1,112650
110932,1,112651
110933,1,112652
110934,1,112653
110935,1,112654
110936,1,112655
110937,1,112656
110938,1,112657
110939,1,112658
110940,1,112659
110941,1,112660
110942,1,112661
110980,0,119290
110985,4,145492
110993,1,147366
110995,4,49134
110996,4,49135
111006,0,39295
111007,0,39296
111008,0,39297
111009,0,39298
111010,0,39299
111011,0,39300
111012,0,39301
111013,0,39302
111014,0,39303
111015,0,39304
111016,0,39305
111017,0,39306
111018,0,39307
111019,0,39308
111020,0,39309
111021,0,39310
111022,0,39311
111023,0,39312
111024,0,39313
111025,0,39314
111048,1,45398
111072,1,120942
111099,1,106242
111116,1,80339
111133,0,80356
111134,0,80357
111135,0,80358
111136,0,80359
111137,0,80360
111138,0,80361
111139,0,80362
111140,0,80363
111141,0,80364
111142,0,80365
111143,0,80366
111144,0,80367
111145,0,80368
111146,0,80369
111147,0,80370
111148,0,80371
111149,0,80372
111150,0,80373
111151,0,80374
111152,0,80375
111153,0,80376
111154,0,80377
111155,0,80378
111156,0,80379
111157,0,80380
111158,0,80381
111159,0,80382
111256,1,141868
111262,0,39725
111285,0,47974
111324,0,59558
111326,0,59560
111327,0,59561
111328,0,59562
111329,0,59563
111330,0,59564
111331,0,59565
111332,0,59566
111353,1,23776
111354,1,21784
111402,1,154295
111469,1,139785
113257,0,131920
113305,4,1017
113333,4,37422
113339,4,75863
113351,0,96267
113352,4,27790
113371,4,99193
113376,4,82469
113377,4,82470
113378,4,82471
113395,1,104125
113400,1,104130
113418,4,41677
113436,0,47674
113437,0,47675
113467,4,102372
113481,0,71192
113504,0,140461
113571,1,123715
113599,1,80747
113650,0,171415
113652,0,171417
113653,0,171418
113655,0,171420
113671,2,110008
113672,2,110009
113673,2,110010
113674,0,110011
113675,0,110012
113676,0,110013
113677,0,110014
113678,0,110015
113679,0,110016
113680,0,110017
113681,0,110018
113682,0,110019
113683,0,110020
113684,0,110021
113685,0,110022
113686,0,110023
113687,0,110024
113688,0,110025
113689,0,110026
113690,0,110027
113691,0,110028
113692,0,110029
113693,0,110030
113694,0,110031
113695,0,110032
113696,0,110033
113697,0,110034
113698,0,110035
113699,0,110036
113700,0,110037
113707,4,140321
113717,0,13437
113718,0,13438
113719,0,13439
113720,0,13440
113721,0,13441
113730,4,85875
113748,4,117752
113753,4,13503
113776,1,62770
113782,0,91511
113783,0,91512
113784,0,91513
113785,0,91514
113786,0,91515
113787,0,91516
113791,4,48998
113793,1,19822
113809,1,83383
113810,1,83384
113826,4,139822
113831,1,23010
113862,4,147918
113863,4,147919
113870,1,62270
113872,0,55006
113873,0,55007
113874,0,55008
113875,0,55009
113876,1,55010
113877,1,55011
113878,1,55012
113880,2,55013
113881,2,55015
113886,0,55020
113887,0,55021
113888,0,55022
113889,0,55023
113890,0,55024
113891,0,55025
113892,0,55026
113894,0,55028
113895,0,55029
113904,4,36242
113905,4,36243
113927,4,16705
112668,2,104389
112669,0,104390
112670,0,104391
112671,0,104392
112672,0,104393
112673,0,104394
112674,4,104395
112675,4,104396
112676,4,104397
112677,4,104398
112678,4,104399
112679,0,104400
112680,0,104401
112681,0,104402
112682,0,104403
112683,0,104404
112684,0,104405
112685,0,104406
112686,0,104407
112687,4,104408
112688,4,104409
112689,4,104410
112690,4,104411
112691,4,104412
112692,2,104413
112693,0,104414
112694,0,104415
112695,0,104416
112696,0,104417
112697,2,104418
112698,2,104419
112699,2,104420
112700,2,104421
112701,2,104422
112702,2,104423
112703,2,104424
112704,2,104425
112705,2,104426
112706,2,104427
112739,1,20465
112756,1,107406
112783,0,154185
112811,0,30030
112812,0,30031
112813,0,30032
112814,0,30033
112815,0,30034
112816,0,30035
112834,0,30053
112835,0,30054
112836,0,30055
112837,0,30056
112838,0,30057
112839,0,30058
112840,0,30059
112841,0,30060
112842,0,30061
112859,4,149331
112864,0,124140
112888,1,176322
112905,4,135697
112965,4,98414
112998,1,87213
113045,1,79723
113053,0,79731
113054,0,79732
113055,0,79733
113056,0,79734
113057,0,79735
113058,0,79736
113059,0,79737
113060,0,79738
113061,0,79739
113062,0,79740
113063,0,79741
113064,0,79742
113065,0,79743
113066,0,79744
113067,0,79745
113068,0,79746
113069,0,79747
113070,0,79748
113071,0,79749
113072,0,79750
113073,0,79751
113074,0,79752
113075,0,79753
113076,0,79754
113077,1,79755
113091,1,157747
113104,1,136795
113161,1,113661
113205,1,128133
113250,0,131913
113251,0,131914
113252,0,131915
113253,0,131916
113254,0,131917
113255,0,131918
113256,0,131919
114269,4,39570
114270,4,39571
114271,4,39572
114272,4,39573
114282,0,3285
114298,0,17929
114310,0,168001
114311,0,168002
114312,0,168003
114313,0,168004
114314,0,168005
114315,0,168006
114316,0,168007
114317,0,168008
114318,0,168009
114319,0,168010
114320,0,168011
114321,0,168012
114338,4,112303
114339,4,112304
114355,0,90646
114358,0,162439
114373,4,70627
114376,0,94113
114377,5,103304
114382,1,133025
114390,5,174330
114428,0,47599
114429,4,47600
114447,1,58301
114480,1,179989
114567,4,53455
114568,4,53456
114582,1,37872
114588,4,49509
114615,0,139253
114616,0,139254
114617,0,139255
114618,0,139256
114619,0,139257
114640,0,65813
114641,0,65814
114651,1,166650
114654,0,174173
114669,1,46271
114685,1,112076
114701,0,157550
114705,1,158509
114725,1,158529
114726,2,158530
114727,2,158531
114728,2,158532
114729,0,158533
114730,0,158534
114731,0,158535
114735,4,15353
114736,4,15354
114751,0,23584
114753,0,161766
114757,1,8534
114758,1,8535
114767,0,31403
114768,0,34873
114778,1,31887
114824,1,162682
114831,2,162689
114832,2,162691
114833,2,162690
114834,2,162692
114835,2,162693
114836,0,162694
114837,0,162695
114838,0,162696
114839,0,162697
114840,0,162698
114841,0,162699
114842,0,162700
114843,0,162701
114844,0,162702
114845,0,162703
114846,0,162704
114847,0,162705
114848,0,162706
114849,0,162707
114850,0,162708
114851,2,162709
114852,2,162710
114853,2,162711
114854,2,162712
114855,2,162713
114857,1,162715
114858,1,162716
114886,2,127448
114906,4,60250
114909,0,132268
114932,4,34896
115001,0,103164
115002,0,103165
115003,0,103166
115004,0,103167
113950,0,57865
113951,1,57866
113961,0,57876
113962,0,57877
113963,0,57878
113964,0,57879
113965,0,57880
113966,0,57881
113967,0,57882
113968,2,57883
113969,2,57884
113970,5,57885
113971,4,57886
113972,4,57887
113973,4,57888
113974,4,57889
113975,4,57890
113976,4,57891
113977,4,57892
113978,4,57893
113979,4,57894
113980,4,57896
113981,4,57895
113982,4,57897
113983,4,57898
113984,4,57899
113985,4,57900
113986,4,57901
113987,4,57902
113988,4,57903
113989,4,57904
113990,0,57905
113991,0,57906
113992,0,57907
113993,0,57908
113994,0,57909
113995,0,57910
113996,1,134522
114050,1,121267
114054,2,121271
114106,0,106986
114174,4,153108
114184,1,181087
114185,0,181088
114186,1,181089
114187,0,181090
114188,0,181091
114189,0,181092
114190,0,181093
114191,0,181094
114192,0,181095
114193,0,181096
114194,0,181097
114195,0,181098
114196,0,181099
114197,0,181100
114198,0,181101
114199,0,181102
114200,0,181103
114201,0,181104
114202,0,181105
114203,2,181106
114204,0,181107
114205,0,181108
114206,0,181109
114207,0,181110
114208,0,181111
114209,0,181112
114210,0,181113
114211,0,181114
114212,0,181115
114213,0,181116
114214,0,181117
114215,0,181118
114216,0,181119
114217,0,181120
114218,0,181121
114219,0,181122
114220,0,181123
114221,0,181124
114222,0,181125
114223,0,181126
114224,0,181127
114225,0,181128
114226,0,181129
114227,0,181130
114228,0,181131
114232,4,92317
114234,4,92319
114238,5,170096
114254,1,39555
114260,0,39561
114261,0,39562
114262,0,39563
114263,0,39564
114264,0,39565
114265,0,39566
114266,0,39567
114267,5,39568
114268,4,39569
115307,4,138018
115315,0,62123
115319,4,16312
115324,5,179083
115354,2,9524
115355,0,9525
115356,0,9526
115357,0,9527
115395,0,129475
115409,0,60014
115421,4,39261
115431,4,165778
115445,2,183646
115451,0,12543
115454,4,92724
115475,0,13939
115476,0,13940
115477,0,13941
115478,0,13942
115479,0,13943
115480,0,13944
115481,0,13945
115482,0,13946
115483,0,13947
115484,0,13948
115485,0,13949
115486,0,13950
115487,0,13951
115488,0,13952
115489,0,13953
115490,2,13954
115491,2,13955
115492,2,13956
115493,1,13957
115494,0,13958
115520,4,29961
115548,0,73673
115549,0,73674
115550,0,73675
115551,0,73676
115552,0,73677
115561,0,73686
115562,0,73687
115563,0,73688
115564,0,73689
115565,0,73690
115566,0,73691
115567,0,73692
115568,0,73693
115569,0,73694
115570,0,73695
115571,0,73696
115572,0,73697
115573,0,73698
115574,0,73699
115575,0,73700
115576,0,73701
115577,0,73702
115578,0,73703
115579,0,73704
115585,1,51265
115592,5,51272
115594,2,51274
115595,2,51275
115596,2,51276
115597,2,51277
115598,2,51278
115599,0,51279
115600,0,51280
115601,2,51281
115602,2,51282
115603,2,51283
115604,0,51284
115605,0,51285
115606,0,51286
115607,0,51287
115608,0,51288
115609,0,51289
115621,4,149211
115623,4,104759
115640,2,111811
115642,4,23422
115667,2,101942
115670,4,101945
115691,1,133287
115706,4,8103
115718,1,45596
115763,4,179954
115770,4,11661
115815,1,24696
115820,0,94980
115847,0,161263
115855,1,164958
115856,0,164959
115857,0,164960
115863,0,169747
115864,0,169748
115898,4,64836
115927,4,71315
115988,2,106477
115005,0,103168
115006,0,103169
115007,0,103170
115008,0,103171
115009,0,103172
115022,0,103185
115023,0,103186
115024,0,103187
115025,0,103188
115026,0,103189
115027,0,103190
115028,0,103191
115029,0,103192
115030,0,103193
115031,0,103194
115032,0,103195
115033,0,103196
115034,2,103197
115035,0,103198
115036,0,103199
115037,0,103200
115038,0,103201
115039,0,103202
115040,0,103203
115041,0,103204
115042,0,103205
115043,0,103206
115075,4,161429
115076,4,161430
115080,1,167678
115081,0,167679
115082,0,167680
115083,0,167681
115084,0,167682
115085,0,167683
115086,0,167684
115087,0,167685
115088,0,167686
115089,0,167687
115090,0,167688
115091,0,167689
115092,0,167690
115093,0,167691
115094,0,167692
115095,0,167693
115096,0,167694
115097,0,167695
115098,0,167696
115099,0,167697
115100,0,167698
115101,0,167699
115102,0,167700
115103,0,167701
115104,0,167702
115105,0,167703
115106,0,167704
115107,0,167705
115108,0,167706
115109,0,167707
115110,0,167708
115111,0,167709
115112,0,167710
115113,0,167711
115114,0,167712
115115,0,167713
115116,0,167714
115117,0,167715
115118,0,167716
115119,0,167717
115120,0,167719
115121,0,167718
115122,2,167720
115129,4,60429
115132,4,16842
115134,4,16844
115140,1,96413
115141,0,96414
115142,0,96415
115143,0,96416
115144,0,96417
115145,0,96418
115146,0,96419
115147,0,96420
115148,0,96421
115149,0,96422
115150,0,96423
115151,0,96424
115152,0,96425
115153,0,96426
115154,0,96427
115155,0,96428
115156,0,96429
115157,0,96430
115236,0,184329
115299,4,69904
115300,4,69905
115301,4,69906
115303,5,69908
115305,4,138016
115306,4,138017
117326,0,75242
117327,0,75243
117328,0,75244
117329,0,75245
117330,0,75246
117331,0,75247
117332,0,75248
117333,0,75249
117334,0,75250
117335,0,75251
117336,0,75252
117337,0,75253
117338,0,75254
117339,0,75255
117340,0,75256
117341,0,75257
117343,0,75259
117344,0,75260
117345,0,75261
117346,0,75262
117347,0,75263
117348,0,75264
117349,0,75265
117350,0,75266
117351,0,75267
117352,0,75268
117353,0,75269
117356,4,159509
117358,4,159511
117359,4,159512
117374,1,178566
117378,0,178571
117379,0,178572
117380,0,178573
117381,0,178574
117382,0,178575
117383,0,178576
117384,0,178577
117385,0,178578
117386,0,178579
117387,0,178580
117388,0,178581
117389,0,178582
117390,0,178583
117391,0,178584
117392,0,178585
117393,0,178586
117394,0,178587
117395,0,178588
117396,0,178589
117397,0,178590
117398,0,178591
117407,0,52460
117416,5,96260
117440,0,160600
117454,0,123189
117455,0,123190
117456,0,123191
117462,0,123197
117505,1,58988
117524,4,27652
117527,4,180776
117585,2,183563
117623,4,140240
117655,1,18856
117726,1,148470
117737,1,84436
117745,1,137523
117815,4,72022
117856,1,60085
117891,0,91391
117915,0,103579
117919,1,125151
117922,0,125154
117960,4,128064
117961,4,134339
117993,1,52899
117994,1,52898
118000,1,8634
118033,0,86385
118064,1,54268
118128,1,175591
118166,2,161110
118167,4,161111
118197,4,45821
118208,1,147676
118258,1,143150
118276,0,183320
118291,1,169425
118300,5,56152
118302,5,56151
118303,5,56154
118305,0,56156
118306,0,56157
118307,0,56158
118314,0,44997
118334,4,58433
118343,2,26958
118344,2,26959
118345,2,26960
115989,1,106478
116001,4,67009
116003,4,86214
116032,5,69841
116033,5,69842
116047,1,160225
116069,1,111891
116073,4,97747
116074,1,37607
116128,4,33354
116135,0,127270
116136,0,127272
116137,0,127273
116138,0,127274
116139,0,127275
116140,0,127276
116141,0,127277
116142,0,127278
116143,0,127279
116144,0,127280
116145,0,127281
116146,0,127282
116147,0,127283
116151,0,127287
116152,0,127288
116153,0,127289
116154,0,127290
116155,0,127291
116156,0,127292
116157,4,127293
116159,1,86595
116231,0,42968
116239,4,122752
116245,4,184168
116246,4,184169
116280,0,107763
116300,1,82044
116301,0,82045
116302,0,82046
116303,0,82047
116334,0,22369
116335,0,58934
116336,0,58935
116362,0,69943
116376,0,93075
116409,2,57423
116427,2,56370
116429,4,56372
116495,4,79157
116527,1,135638
116530,0,135641
116531,0,135642
116532,0,135643
116533,0,135644
116534,0,135645
116535,0,135646
116588,4,34921
116589,4,103704
116601,1,29437
116624,1,160571
116628,2,128065
116658,4,156545
116691,1,21145
116692,1,21144
116749,0,107359
116750,0,107360
116772,1,144507
116795,4,131480
116833,1,15317
116838,4,180784
116877,4,154933
116907,4,78123
116912,1,185238
116921,0,114286
116927,1,114123
116946,4,72887
116948,0,89802
116970,4,20749
116996,2,104976
116997,4,104977
117014,4,4627
117061,1,41345
117062,1,41346
117080,4,59229
117081,2,75972
117082,2,75971
117096,2,99413
117193,4,31685
117198,4,47756
117206,4,13539
117207,4,13540
117224,4,184456
117268,1,138908
117269,0,138909
117320,0,75236
117321,0,75237
117322,0,75238
117323,0,75239
117324,0,75240
117325,0,75241
119689,0,131688
119690,0,131689
119691,0,131690
119692,0,131691
119693,4,131692
119694,4,131693
119695,4,131694
119696,4,131695
119697,0,131696
119698,0,131697
119699,0,131698
119700,0,131699
119701,0,131700
119702,0,131701
119703,0,131702
119716,0,147842
119724,1,111064
119725,1,111065
119735,1,111075
119736,1,111076
119737,1,111077
119738,1,111078
119739,1,111079
119809,0,108224
119810,0,108225
119811,0,108226
119812,2,108227
119813,4,78750
119817,0,78754
119919,0,1997
119920,0,1998
119964,0,26797
119966,1,74876
119971,4,151556
120013,1,164583
120040,1,30478
120052,5,18018
120066,4,19238
120071,1,41120
120079,1,41128
120080,1,41129
120108,1,175853
120114,0,175859
120115,0,175860
120116,0,175861
120117,0,175862
120118,0,175863
120119,0,175864
120120,0,175865
120121,0,175866
120122,0,175867
120123,0,175868
120204,0,7752
120323,0,176710
120324,0,176711
120325,0,176712
120326,0,176713
120327,0,176714
120328,0,176715
120329,0,176716
120330,0,176717
120331,0,176718
120332,0,176719
120333,0,176720
120334,0,176721
120335,0,176722
120341,0,144910
120368,0,167575
120369,4,167576
120370,5,167577
120444,1,26506
120503,1,162429
120515,0,54582
120516,0,54583
120518,0,54585
120519,0,54586
120520,0,54587
120521,0,54588
120522,0,54589
120523,0,54590
120524,0,54591
120525,0,54592
120526,0,54593
120527,0,54594
120528,0,54595
120529,1,54596
120530,1,54597
120531,1,54598
120532,1,54599
120533,1,54600
120534,1,54601
120535,1,54602
120544,0,54611
120545,0,54612
120546,0,54613
120547,0,54614
120548,0,54615
120549,0,54616
120550,0,54617
120551,0,54618
118347,4,26961
118358,0,93089
118379,1,151326
118414,2,21672
118442,1,150186
118457,4,167221
118462,4,615
118465,1,17203
118497,0,131974
118498,0,131975
118499,0,131976
118500,0,131977
118501,0,131978
118502,0,131979
118503,0,131980
118504,0,131981
118505,0,131982
118506,0,131983
118507,0,131984
118509,0,131986
118550,4,144286
118556,0,179030
118597,1,60126
118616,4,121048
118674,0,106731
118675,0,106732
118676,0,106733
118726,1,16871
118794,1,89478
118797,0,89481
118798,0,89482
118799,0,89483
118800,0,89484
118801,0,89485
118802,0,89486
118803,0,89487
118804,0,89488
118805,0,89489
118806,0,89490
118807,0,89491
118808,1,89492
118809,4,89493
118810,4,89494
118811,4,89495
118812,0,89496
118813,0,89497
118814,4,89498
118815,0,89499
118816,0,89500
118817,0,89501
118818,0,89502
118819,0,89503
118820,0,89504
118822,4,102008
118824,4,102009
118825,4,102011
118831,1,95668
118848,0,70731
118906,1,15300
118916,1,122532
118918,1,122534
118919,1,122535
118920,1,122536
118921,1,122537
118953,2,11470
119013,1,140402
119032,0,140421
119044,5,100579
119074,1,141950
119113,1,33544
119123,4,18479
119230,0,181823
119231,0,181824
119232,0,181825
119309,1,85928
119314,1,85933
119334,1,166813
119404,2,63121
119405,1,63122
119406,2,63123
119407,0,63124
119408,0,63125
119409,0,63126
119410,0,63128
119411,0,63127
119412,0,63129
119413,0,63130
119414,0,63131
119420,0,147451
119448,4,50335
119535,4,128400
119550,4,128682
119564,0,15780
119612,4,146043
119662,0,104595
119666,1,19294
119682,1,131682
119683,1,131681
119687,0,131686
119688,0,131687
120552,0,54619
120553,0,54620
120554,0,54621
120555,4,128758
120573,4,66492
120574,4,66493
120619,1,110736
120620,4,110737
120621,4,110738
120622,4,110739
120623,0,110740
120629,4,64185
120667,1,10439
120700,4,30264
120708,4,114682
120709,4,114684
120721,1,136987
120727,0,136993
120778,4,54581
120798,2,127576
120811,2,58254
120813,0,58256
120825,4,119877
120840,0,5172
120858,4,69523
120860,4,168278
120875,0,701
120876,0,702
120877,0,703
120878,0,704
120879,2,705
120880,0,706
120881,0,707
120882,0,708
120883,0,709
120884,0,710
120885,0,711
120886,0,712
120887,0,713
120951,1,124071
121004,4,82590
121005,4,82591
121047,4,36804
121048,4,36805
121061,4,51544
121076,4,162366
121097,4,26204
121120,4,169961
121136,4,161266
121162,4,77953
121176,5,20705
121181,4,184040
121199,4,31670
121200,4,31671
121225,4,153794
121321,4,113484
121379,0,152410
121380,0,152411
121487,4,133443
121516,4,69209
121531,4,183725
121549,4,14364
121550,4,85509
121576,4,154917
121580,0,137850
121583,1,124040
121596,1,109230
121605,1,109239
121636,1,24811
121646,4,167017
121657,4,53724
121681,4,73855
121698,4,150740
121719,4,9195
121754,4,64421
121783,4,72667
121784,4,72668
121785,4,72669
121892,0,172430
121893,0,172431
121894,1,172432
121895,1,172433
121931,4,9632
121932,4,166938
121933,5,166939
121934,2,166940
121935,4,166941
121939,4,67656
121952,1,70015
121968,4,157626
122005,4,46159
122006,4,131841
122012,4,149223
122059,1,90325
122060,1,90326
122064,0,90330
122065,0,90331
122066,0,90332
122067,2,90333
122068,0,90334
122069,0,90335
122070,0,90336
122071,0,90337
122072,0,90338
122073,0,90339
122074,0,90340
122075,0,90341
122076,0,90342
122077,0,90343
122078,0,90344
122079,0,90345
122080,0,90346
122081,0,90347
122082,0,90348
122083,0,90349
122084,0,90350
122085,0,90351
122086,0,90352
122087,0,90353
122088,0,90354
122089,0,90355
122117,0,162855
122176,4,173596
122183,4,150364
122184,4,150365
122208,4,67585
122211,1,185546
122223,1,91566
122231,0,91574
122232,0,91575
122233,0,91576
122234,0,91577
122235,0,91578
122236,0,91579
122237,0,91580
122238,0,91581
122239,2,91582
122240,2,91583
122241,0,91584
122242,0,91585
122243,0,91586
122244,0,91587
122245,0,91588
122246,0,91589
122247,0,91590
122248,0,91591
122249,0,91592
122300,1,119630
122310,2,119640
122311,2,119641
122312,0,119642
122313,0,119643
122314,0,119644
122315,0,119645
122316,0,119646
122317,0,119647
122318,0,119648
122319,0,119649
122323,0,119653
122324,0,119654
122325,0,119655
122326,0,119656
122327,0,119657
122328,0,119658
122329,0,119659
122330,0,119660
122331,0,119661
122332,0,119662
122333,0,119663
122347,1,83514
122402,1,20754
122404,0,20756
122405,0,20757
122406,0,20758
122407,0,20759
122408,0,20760
122409,0,20761
122410,0,20762
122411,0,20763
122412,0,20764
122413,0,20765
122414,0,20766
122415,0,20767
122416,0,20768
122417,0,20769
122418,0,20770
122419,0,20771
122420,0,20772
122421,0,20773
122426,1,115
122467,4,86654
122474,4,28567
122483,4,82164
122485,4,82166
122554,1,67143
122562,4,170915
122563,4,170916
122570,4,62122
122573,4,168436
122577,4,168440
122585,4,72503
122592,4,39185
122601,4,10160
122618,4,144485
122628,4,167060
122629,4,167061
122636,4,13380
122672,4,83822
122675,1,94193
122684,1,161238
122715,1,31185
122716,1,31184
122731,4,45234
122732,4,45235
122745,4,71421
122759,4,65151
122760,4,65152
122802,4,160508
122820,1,12528
122831,4,54085
122832,4,54086
122833,4,54087
122836,0,111506
122856,4,90898
122868,4,32325
122884,1,134667
122886,0,134669
122924,1,69008
122947,4,132461
122950,4,53516
123005,4,50750
123024,4,133649
123026,4,47369
123027,4,47370
123030,4,64593
123048,4,121924
123060,4,29301
123074,1,162405
123105,4,155264
123113,1,162839
123123,4,158144
123162,4,177188
123196,1,114673
123206,0,13795
123243,4,50744
123287,0,136121
123291,4,3149
123304,4,89160
123311,4,154281
123313,4,19814
123335,4,53265
123367,1,19654
123404,0,185658
123405,0,185659
123406,0,185660
123407,0,185661
123408,0,185662
123409,0,185663
123422,1,115253
123424,0,115255
123425,0,115256
123456,4,159007
123457,4,159008
123458,4,159009
123472,1,87824
123480,1,87832
123510,4,43088
123551,1,55332
123555,1,59732
123559,1,30172
123569,1,142304
123582,4,11288
123603,0,173780
123613,4,99329
123649,1,85342
123663,1,112469
123679,0,112485
123680,0,112486
123681,0,112487
123698,4,68470
123711,0,43064
123715,1,42484
123720,4,11796
123721,4,11797
123724,0,121033
123813,0,149318
123817,4,48381
123826,0,126013
123846,4,177198
123862,0,121743
123863,0,121744
123864,0,121745
123865,0,121746
123866,4,30350
123870,4,43664
123879,1,10094
123893,0,30938
123897,1,145521
123921,0,58378
123926,1,13769
123958,4,51598
123973,4,125200
123974,4,123008
123979,5,123012
123989,0,118347
124023,4,101104
124036,1,156881
124039,0,156884
124050,2,133966
124063,2,96124
124064,2,96125
124102,4,24733
124107,4,70697
124108,4,17138
124119,5,15397
124120,5,15399
124122,0,15401
124141,4,1752
124145,4,11047
124174,4,39409
124208,1,17905
124212,1,17909
124214,1,17911
124218,1,17915
124225,0,139270
124226,0,139271
124227,0,139272
124228,0,139273
124234,0,139279
124235,0,139280
124236,0,139281
124237,0,139282
124238,0,139283
124239,0,139284
124240,0,139285
124241,0,139286
124242,0,139287
124243,0,139288
124244,0,139289
124245,0,139290
124246,0,139291
124247,0,139292
124248,0,139293
124249,0,139294
124250,0,139295
124251,0,139296
124252,0,139297
124253,0,139298
124254,0,139299
124255,0,139300
124259,4,121236
124308,1,183521
124319,1,17648
124332,4,127992
124439,1,174389
124473,0,131830
124474,0,131831
124475,0,131832
124476,0,131833
124477,0,131834
124478,0,131835
124479,0,131836
124480,0,131837
124481,0,131838
124482,4,137516
124483,4,137517
124518,0,25479
124519,0,25480
124520,0,25481
124521,0,25482
124522,0,25483
124523,0,25484
124524,0,25485
124574,4,47789
124598,4,146658
124599,4,146659
124602,0,146662
124637,1,172398
124676,2,147707
124681,4,92171
124689,0,77327
124695,4,65316
124710,2,54837
124722,0,54849
124723,0,54850
124724,0,54851
124725,0,54852
124726,0,54853
124727,0,54854
124728,0,54855
124729,0,54856
124730,0,54857
124731,0,54858
124732,0,54859
124733,0,54860
124734,0,54861
124735,0,54862
124736,0,54863
124737,0,54864
124739,0,54866
125798,1,140003
125799,1,140004
125800,2,140005
125801,0,140006
125802,0,140007
125803,0,140008
125804,0,140009
125805,0,140010
125806,0,140011
125807,0,140012
125808,0,140013
125809,0,140014
125810,0,140015
125811,0,140016
125812,0,140017
125813,0,140018
125814,0,140019
125815,0,140020
125816,0,140021
125836,4,180072
125843,4,124659
125845,4,124661
125861,4,147518
125865,0,5786
125905,1,40173
125927,4,39331
125964,4,36435
125974,4,72206
125975,4,72207
125990,0,32601
125991,0,32602
125992,0,32603
125993,0,32604
125994,0,32605
125995,0,32606
125996,0,32607
125997,0,32608
125998,0,32609
125999,0,32610
126000,0,32611
126001,0,32612
126002,0,32613
126003,4,32614
126004,4,32615
126005,0,32616
126006,0,32617
126007,0,32618
126008,0,32619
126009,0,32620
126010,0,32621
126011,0,32622
126012,0,32623
126014,4,126509
126019,4,107379
126030,1,58232
126038,4,6205
126050,4,54353
126084,1,156444
126099,4,153254
126118,4,144926
126121,4,171981
126143,2,131723
126159,4,45411
126163,5,150573
126244,2,113811
126245,2,113812
126246,2,113813
126247,2,113814
126248,2,113815
126249,2,113816
126250,2,113817
126251,2,113818
126252,2,113819
126254,0,11990
126256,4,118241
126291,0,868
126301,1,118956
126302,4,33703
126303,4,33704
126309,1,114929
126310,1,114930
126320,0,123117
126327,4,83044
126346,2,38940
126353,4,166591
126429,4,147813
126433,1,158290
126465,0,81319
126466,0,81320
126467,0,81321
126468,0,81322
126469,0,81323
126470,0,81324
126471,0,81325
126472,0,81326
126473,0,81327
126474,0,81328
126478,0,81332
126479,0,81333
126480,0,81334
124740,0,54867
124741,0,54868
124742,0,54869
124770,4,72333
124772,2,138273
124773,4,138274
124784,4,29719
124808,4,36080
124814,4,17049
124828,1,151048
124894,0,115206
124902,4,80505
124916,0,49589
124975,4,163776
124979,0,163780
125022,0,185123
125023,0,185124
125024,0,185125
125025,0,185126
125026,0,185127
125029,0,185130
125030,0,185131
125031,0,185132
125032,0,185133
125033,0,185134
125034,0,185135
125035,0,185136
125036,0,185137
125037,0,185138
125038,0,185139
125039,0,185140
125040,0,185141
125041,0,185142
125042,0,185143
125043,0,185144
125044,0,185145
125045,0,185146
125046,0,185147
125047,4,185148
125048,4,185149
125049,4,185150
125050,4,185151
125051,4,185152
125052,4,185153
125053,4,185154
125054,0,185155
125055,0,185156
125056,0,185157
125057,0,185158
125074,4,88453
125124,4,55756
125149,1,10677
125178,4,180080
125205,1,55582
125206,1,55583
125213,1,55590
125214,1,55591
125215,1,55592
125257,4,145267
125273,5,127210
125345,4,58369
125346,4,58370
125347,4,58371
125385,4,120324
125402,0,484
125411,4,14106
125427,4,132459
125428,4,17926
125470,1,161031
125471,1,161032
125472,1,161030
125477,4,13857
125483,1,63242
125493,1,124494
125507,4,109976
125515,4,66050
125578,1,109291
125599,0,70226
125600,0,70227
125631,0,70258
125632,0,70259
125633,0,70260
125634,0,70261
125635,0,70262
125636,0,70263
125656,0,110048
125657,0,110049
125658,0,110050
125659,0,110051
125660,0,110052
125661,0,110053
125662,0,110054
125685,1,81053
125718,0,20374
125760,4,175445
125775,4,92822
125784,4,8607
125795,1,140000
125796,1,140001
125797,1,140002
126481,0,81335
126482,0,81336
126483,0,81337
126484,0,81338
126485,0,81339
126486,2,81340
126487,2,81341
126488,2,81342
126489,2,81343
126491,2,81345
126492,2,81346
126493,2,81347
126494,0,81348
126556,4,167909
126568,4,175708
126569,4,175709
126572,4,50920
126585,1,101555
126590,1,101560
126591,2,101561
126595,0,101565
126596,0,101566
126597,0,101567
126598,0,101568
126599,0,101570
126600,0,101569
126601,0,101571
126602,0,101572
126603,0,101573
126604,0,101574
126605,0,101575
126606,0,101576
126607,0,101577
126608,0,101578
126609,0,101579
126610,0,101580
126611,0,101581
126612,0,101582
126613,0,101583
126614,0,101584
126615,0,101585
126616,0,101586
126617,0,101587
126618,0,101588
126619,0,101589
126620,0,101590
126652,1,78131
126682,0,32105
126685,0,32108
126687,1,172058
126688,1,172059
126689,1,172060
126698,4,25156
126739,4,101031
126775,4,12097
126777,4,26595
126800,1,133088
126806,1,133094
126809,1,133097
126812,4,11431
126822,1,811
126823,1,812
126824,1,813
126825,1,814
126826,1,815
126827,1,816
126835,4,98815
126838,2,118381
126864,1,160328
126959,4,169504
126960,4,169503
126961,4,169505
127058,1,134129
127124,1,64285
127136,1,175212
127144,4,70909
127168,0,64005
127186,4,169710
127218,5,43520
127219,4,43519
127220,4,43521
127221,4,43522
127222,4,43523
127228,1,20984
127269,4,57797
127300,4,154150
127301,4,154151
127302,0,154152
127316,0,155976
127353,4,133241
127355,4,133243
127360,2,85621
127361,0,85622
127362,0,85623
127371,4,78546
127372,2,107750
127373,0,107751
127387,4,146893
127399,4,119304
127400,0,119305
127401,0,119306
127402,0,119307
127403,0,119308
127404,1,72707
127418,1,44495
127422,1,44499
127426,0,44503
127427,0,44504
127428,0,44505
127429,0,44506
127430,0,44507
127431,2,44508
127432,2,44509
127433,2,44510
127434,2,44511
127435,2,44512
127436,2,44513
127437,2,44514
127438,2,44515
127439,2,44516
127440,0,44517
127441,0,44518
127442,0,44519
127443,0,44520
127444,0,44521
127445,0,44522
127446,0,44523
127447,2,44524
127448,0,44525
127449,0,44526
127450,0,44527
127451,0,44528
127452,0,44529
127453,0,44530
127459,4,122395
127460,4,122396
127472,0,115433
127487,1,156235
127504,1,4977
127515,0,86583
127529,4,110038
127581,0,146091
127584,4,183879
127605,1,77706
127654,1,165946
127662,0,25815
127668,0,65358
127669,0,65359
127670,0,65360
127671,0,65361
127672,0,65362
127673,0,65363
127674,0,65364
127675,0,65365
127676,0,65366
127677,0,65367
127678,0,65368
127679,0,65369
127680,0,65370
127681,0,65371
127682,0,65372
127683,0,65373
127684,0,65374
127685,0,65375
127686,0,65376
127687,0,65377
127688,0,65378
127689,0,65379
127690,0,65380
127691,0,65381
127705,4,14367
127715,1,146778
127778,4,137022
127787,1,122416
127788,1,122417
127789,1,122418
127790,1,122419
127791,1,122420
127792,1,122421
127793,1,122422
127794,1,132752
127859,0,91837
127868,4,106552
127869,4,106553
127870,4,106554
127877,1,97773
127888,2,81592
127920,0,134915
127921,0,134916
127933,1,88019
127954,1,124328
127982,4,49742
127991,2,51510
128005,1,101266
128032,1,55958
128066,2,137286
128083,1,81840
128093,4,124338
128103,4,106448
128104,4,106449
128951,1,124201
128952,1,124202
128953,1,124203
128965,2,124215
128975,1,124225
129003,1,160042
129020,4,75632
129021,4,75633
129022,4,16866
129045,2,60078
129059,4,47707
129061,0,77452
129064,0,77456
129065,0,77455
129068,4,154084
129094,4,167217
129153,4,182258
129156,2,150061
129158,0,150063
129159,0,150064
129179,4,161813
129208,4,162203
129276,4,179443
129281,1,121326
129284,1,121329
129299,0,121344
129300,0,121345
129301,0,121346
129302,0,121347
129303,0,121348
129315,4,9834
129326,4,63012
129336,5,144399
129337,4,144400
129338,5,144401
129339,5,144402
129340,5,144403
129341,4,144404
129342,4,144405
129343,4,144406
129344,4,144407
129345,4,144408
129356,1,115744
129361,4,7091
129385,4,56638
129412,4,115393
129413,4,115394
129414,4,115395
129445,4,100671
129461,4,24582
129474,4,30859
129476,4,92648
129501,4,40375
129509,0,23852
129519,4,72470
129525,2,114011
129548,0,114034
129549,0,114035
129550,0,114036
129551,0,114037
129552,0,114038
129553,0,114039
129554,0,114040
129555,0,114041
129556,0,114042
129632,0,175030
129649,4,86571
129650,4,86572
129666,1,159006
129703,4,56907
129704,4,82641
129772,1,177818
129778,4,125810
129822,1,176100
129833,0,176111
129834,0,176112
129835,0,176113
129836,0,176114
129837,0,176115
129838,0,176116
129839,0,176117
129840,0,176118
129841,0,176119
129842,0,176120
129843,0,176121
129844,0,176122
129845,0,176123
129846,0,176124
129847,0,176125
129848,0,176126
129849,0,176127
129856,0,108955
129857,4,108956
129866,2,61396
129910,4,93313
129918,2,145179
129919,4,12235
129954,4,159029
129956,1,158732
129959,4,130070
128129,4,68509
128130,4,68510
128200,4,82416
128267,4,34274
128312,4,113265
128349,4,2285
128363,1,156999
128364,1,157000
128365,1,157001
128367,1,157003
128429,4,2947
128452,1,148523
128453,1,148524
128454,1,148525
128467,0,51452
128470,0,37576
128490,5,109913
128491,0,109914
128493,4,109916
128494,4,109917
128495,4,109918
128510,1,183256
128511,1,183257
128512,1,183258
128513,1,183259
128515,1,183261
128535,4,77409
128536,4,160207
128540,0,101788
128541,0,101789
128542,0,101790
128543,0,101791
128544,0,101792
128545,0,101793
128551,2,101799
128552,2,101800
128553,2,101801
128554,2,101802
128555,2,101803
128556,2,101804
128557,2,101805
128558,0,101806
128559,0,101807
128560,0,101808
128561,0,101809
128597,4,139637
128598,4,139638
128599,4,139639
128607,0,105669
128677,2,91772
128708,4,49164
128709,4,49165
128748,0,164894
128765,0,101716
128821,2,26103
128823,2,26105
128824,2,26106
128825,2,26107
128826,2,26108
128827,2,26109
128828,0,26110
128829,0,26111
128830,0,26112
128831,0,26113
128832,0,26114
128833,0,26115
128863,4,25465
128864,4,25466
128865,4,25467
128892,4,18824
128898,4,144107
128907,1,57324
128909,0,57326
128910,0,57327
128911,0,57328
128912,2,57329
128913,0,57330
128914,0,57331
128915,0,57332
128916,0,57333
128917,0,57334
128918,0,57335
128920,0,57337
128921,0,57338
128922,0,57339
128923,0,57340
128924,0,57341
128925,0,57342
128926,0,57343
128927,0,57344
128928,0,57345
128929,0,57346
128930,0,57347
128931,0,57348
128932,0,57349
128933,0,57350
128934,0,57351
128935,0,57352
128936,0,57353
128950,1,124200
129970,1,51802
130118,0,174693
130120,0,174695
130121,0,174696
130122,0,174697
130124,0,174699
130125,0,174700
130126,0,174701
130127,0,174702
130148,1,374
130163,4,6363
130166,0,87972
130219,1,41358
130275,0,111677
130276,0,111678
130300,4,70303
130385,4,80987
130397,4,112213
130404,4,138552
130422,0,171588
130436,2,136609
130450,2,162805
130477,1,88194
130516,4,153926
130561,4,166886
130576,4,26036
130584,4,106622
130587,4,56755
130622,4,8547
130702,1,136936
130704,1,117097
130706,0,117099
130707,0,117100
130708,0,117101
130709,0,117102
130731,2,178414
130764,1,129142
130817,5,41036
130818,5,41037
130819,5,41038
130820,4,41039
130831,0,148021
130832,0,148022
130838,4,64551
130877,1,44850
130878,4,130784
130881,4,128230
130894,4,50539
130911,4,95762
130959,2,113864
130966,4,10716
130976,2,12896
130982,5,49179
131006,1,4401
131007,1,4402
131028,4,80388
131049,4,76900
131064,4,171486
131068,4,171490
131082,4,54406
131083,4,54407
131085,4,42398
131111,4,148329
131112,4,148330
131121,0,41067
131135,0,130346
131136,0,130347
131137,0,130348
131138,0,130349
131139,0,130350
131140,0,130351
131143,0,130353
131144,2,130355
131145,2,130356
131146,2,130357
131147,2,130358
131148,2,130359
131149,2,130360
131150,2,130361
131151,2,130362
131152,2,130363
131153,2,130364
131154,0,130365
131155,1,184299
131194,4,91255
131196,4,126183
131219,1,13390
131236,4,19141
131345,1,101126
131348,1,101129
131353,0,101134
131354,0,101135
131355,0,101136
131356,0,101137
131357,0,101138
131358,0,101139
131359,0,101140
131360,0,101141
131361,0,101142
131362,0,101143
131363,0,101144
131364,0,101145
131365,0,101146
131366,0,101147
131367,0,101148
131368,0,101149
131369,0,101150
131370,0,101151
131371,0,101152
131372,0,101153
131373,0,101154
131374,0,101155
131375,0,101156
131376,0,101157
131377,0,101158
131388,4,6560
131446,1,173458
131450,4,48571
131498,1,152578
131508,1,114727
131580,0,64666
131604,4,158554
131608,4,79445
131609,4,79446
131648,1,29269
131703,0,162815
131704,0,162816
131705,0,162817
131706,0,162818
131707,0,162819
131708,0,162820
131729,4,8443
131742,5,79336
131743,5,79337
131757,4,89245
131838,0,140275
131839,0,140276
131840,0,140277
131841,0,140278
131842,0,140279
131843,0,140280
131844,0,140281
131845,2,140282
131846,2,140283
131847,2,140284
131848,0,140285
131849,2,140286
131850,2,140287
131851,2,140288
131852,2,140289
131853,2,140290
131854,2,140291
131855,2,140292
131856,2,140293
131858,0,140295
131859,0,140296
131860,0,140297
131861,0,140298
131862,1,140299
131863,0,140300
131864,0,140301
131865,2,140302
131866,2,140303
131867,2,140305
131869,0,140306
131870,0,140307
131871,0,140308
131873,0,140310
131874,0,140311
131882,1,106934
131898,0,135540
131900,0,135542
131903,1,8096
131907,2,168333
131967,1,179383
131988,0,13413
131989,0,13414
131990,0,13415
131991,0,13416
131995,1,101622
132010,1,169432
132051,4,168597
132117,1,123365
132120,1,123368
132121,1,123369
132122,1,123370
132123,1,123371
132124,1,123372
132125,1,123373
132126,1,123374
132127,1,123375
132141,4,119501
132152,1,4397
132169,4,115503
132219,4,155936
132222,0,100816
132243,2,123820
132246,0,123823
132248,0,87690
132249,0,87691
132251,0,87692
132260,0,87702
132261,0,87703
132264,0,87706
132265,0,87707
132266,0,87708
132268,0,87710
132269,0,87711
132270,2,87712
132271,2,87713
132272,2,87714
132273,2,87715
132274,0,87716
132275,0,87717
132276,0,87718
132292,4,35167
132323,4,91139
132344,4,87142
132409,1,100834
132437,4,107519
132438,4,107520
132439,4,107521
132466,2,90922
132521,4,81957
132531,1,72577
132535,0,74849
132587,4,154161
132640,1,141257
132641,1,141258
132645,0,174088
132646,0,174089
132647,0,174090
132655,2,162537
132702,0,149366
132713,1,71264
132716,0,71267
132717,0,71268
132718,0,71269
132719,0,71270
132720,0,71271
132721,0,71272
132722,0,71273
132723,0,71274
132724,0,71275
132725,0,71276
132726,0,71277
132727,0,71278
132728,0,71279
132729,0,71280
132730,0,71281
132731,0,71282
132732,0,71283
132733,0,71284
132735,0,71286
132736,0,71287
132737,0,71288
132738,0,71289
132739,0,71290
132740,0,71291
132742,0,71292
132743,0,71294
132745,0,71296
132746,0,71297
132750,4,158680
132770,4,108091
132779,1,93435
132782,0,93438
132810,1,46877
132835,4,88456
132842,0,109601
132843,0,109602
132844,0,109603
132845,0,109604
132847,0,109605
132874,2,4251
132893,4,104599
132910,1,56792
132923,1,33733
133045,4,14399
133046,0,173445
133088,1,31996
133154,1,131438
133172,4,108562
133173,4,108563
133205,4,96108
133229,4,29807
133235,1,90722
133247,4,49192
133276,1,164558
133284,1,164566
133285,1,164567
133286,1,164568
133287,1,164569
133288,1,164570
133289,1,164571
133290,1,164572
133291,1,164573
133292,1,164574
133293,1,164575
133294,1,164576
133295,1,164577
133319,1,143891
133324,0,143896
133325,0,143897
133326,0,143898
133356,4,47018
133358,4,47020
133392,5,90827
133410,4,181897
133411,4,181898
133412,4,181899
133422,1,87819
133487,5,135817
133511,5,31556
133599,0,85080
133608,1,169694
133639,4,134459
133642,1,41110
133646,4,56055
133688,4,162356
133704,4,145957
133712,4,88146
133752,5,53992
133753,1,53993
133754,0,53994
133755,0,53995
133756,0,53996
133757,0,53997
133824,1,110955
133843,0,61687
133844,0,61688
133873,1,73055
133874,1,73056
133884,2,73066
133885,2,73067
133886,0,73068
133887,0,73069
133888,0,73070
133889,0,73071
133891,2,73073
133892,0,73074
133893,0,73075
133894,0,73076
133895,0,73077
133896,0,73078
133897,0,73079
133898,0,73080
133899,0,73081
133900,0,73082
133901,0,73083
133905,4,41438
133929,1,21928
133943,1,21942
133952,0,21951
133953,0,21952
133954,0,21953
133955,0,21954
133978,4,38567
134039,1,177163
134078,4,181391
134080,1,59860
134086,1,109175
134103,0,173434
134112,1,132017
134113,1,132018
134116,1,132021
134117,2,132022
134128,2,132033
134143,5,166595
134166,2,165482
134218,1,4034
134280,4,63723
134288,4,57242
134387,0,16417
134432,4,162355
134448,1,28164
134473,0,64252
134474,0,64253
134475,0,64254
134504,1,136653
134536,5,112086
134543,1,57538
134549,4,50620
134582,4,179473
134583,5,129461
134627,4,51616
134634,1,45127
134696,1,49900
134707,1,41737
134787,5,131259
134794,5,7663
134810,5,89518
134815,5,35786
134817,0,87788
134818,0,87789
134819,0,87790
134820,0,87791
134821,0,87792
134822,4,43572
134853,0,172628
135419,0,40194
135420,0,40195
135421,0,40196
135422,0,40197
135423,0,40198
135424,0,40199
135425,0,40200
135426,0,40201
135427,0,40202
135428,0,40203
135429,0,40204
135430,0,40205
135431,0,40206
135432,0,40207
135433,0,40208
135434,0,40209
135435,0,40210
135436,0,40211
135437,0,40212
135438,0,40213
135439,2,40214
135440,2,40216
135441,2,40215
135471,1,130455
135472,1,130456
135473,1,130457
135477,4,177969
135481,4,173450
135488,4,35453
135510,1,108816
135511,1,108817
135512,1,108818
135513,1,108819
135531,0,108837
135538,4,165290
135542,1,75877
135576,4,16482
135631,4,49746
135683,4,149327
135689,4,167926
135703,1,154239
135742,4,22239
135744,4,93856
135750,4,89322
135766,4,126766
135871,1,28333
135872,1,28334
135873,2,28335
135874,2,28336
135875,0,28337
135876,0,28338
135877,0,28339
135878,0,28340
135879,0,28341
135880,0,28342
135881,0,28343
135882,0,28344
135883,0,28345
135884,0,28346
135918,1,95613
135923,1,61596
135939,4,153418
135978,4,104444
136003,4,180529
136010,1,76660
136055,5,167260
136074,4,96136
136076,1,28908
136114,4,96581
136115,4,96582
136121,4,84434
136132,4,158089
136133,4,158090
136154,1,3599
136155,1,3600
136156,1,3601
136157,1,3602
136158,1,3603
136159,1,3604
136168,4,179811
136178,4,101780
136221,4,125112
136248,2,41073
136249,0,41074
136261,4,11244
136271,0,124587
136273,1,16399
136290,4,36290
136292,4,72127
136323,4,33872
136341,4,11967
136418,4,33020
136444,0,23301
136466,4,23815
136478,1,93013
136483,4,144860
136484,4,144861
136485,4,144862
136493,0,143928
136536,4,141306
134854,2,172629
134855,2,172630
134856,2,172631
134857,2,172632
134858,2,172633
134862,0,172637
134863,0,172638
134864,0,172639
134865,0,172640
134866,0,172641
134867,0,172642
134868,1,172643
134869,2,172644
134870,2,172645
134871,1,172646
134872,1,172647
134873,1,172648
134874,1,172649
134881,4,60906
134890,4,80734
134891,5,73906
134914,2,149998
135010,1,152996
135022,4,159868
135023,4,159869
135024,4,159870
135025,4,159871
135046,4,16974
135048,1,73782
135049,1,73783
135050,1,73784
135065,4,76443
135066,4,76444
135067,4,76445
135068,4,76446
135131,4,71773
135143,4,4227
135171,0,86103
135172,0,86104
135173,0,86105
135174,0,86106
135175,0,86107
135183,0,86115
135184,0,86116
135185,0,86117
135186,0,86118
135187,0,86119
135188,0,86120
135189,0,86121
135190,0,86122
135191,0,86123
135192,0,86124
135193,0,86125
135194,0,86126
135223,5,18467
135228,0,18472
135229,4,18473
135230,0,18474
135231,0,18475
135234,1,121007
135258,4,170437
135290,1,86068
135296,1,86074
135297,1,86075
135298,1,86076
135299,1,86077
135300,1,86078
135301,1,86079
135302,2,86080
135303,2,86081
135304,2,86082
135305,2,86083
135306,2,86084
135307,0,86085
135308,0,86086
135309,0,86087
135310,0,86088
135311,0,86089
135312,0,86090
135313,0,86091
135314,0,86092
135320,1,58415
135329,1,124348
135353,1,42464
135355,1,92600
135386,4,78040
135405,0,40180
135406,0,40181
135407,0,40182
135408,0,40183
135409,5,40184
135410,5,40185
135411,0,40186
135412,0,40187
135413,0,40188
135414,0,40189
135415,0,40190
135416,0,40191
135417,0,40192
135418,0,40193
137599,0,164855
137600,0,164856
137601,0,164857
137602,0,164858
137603,0,164859
137604,0,164860
137605,0,164861
137606,0,164862
137607,0,164863
137608,0,164864
137636,4,52987
137655,1,33645
137658,1,58488
137664,0,1304
137672,2,181757
137691,4,36359
137692,4,36360
137693,4,36361
137713,4,176212
137784,0,43112
137790,4,97247
137791,4,97248
137792,4,97249
137822,4,774
137852,4,62721
137862,5,151863
137884,2,166358
137893,0,42187
137894,0,42188
137925,4,27399
137929,0,139218
137939,1,152475
138000,0,12674
138001,0,12675
138014,4,161870
138020,4,183671
138029,1,176953
138031,2,176955
138041,2,176965
138042,2,176966
138043,2,176967
138044,2,176968
138045,0,176969
138046,0,176971
138048,0,176972
138049,2,176973
138050,0,176974
138051,0,176975
138052,0,176976
138053,0,176977
138054,4,176978
138055,4,176979
138056,4,176980
138057,4,176981
138058,4,176982
138059,4,176983
138060,0,176984
138104,0,1357
138105,0,1358
138106,0,1359
138107,2,1360
138108,2,1361
138109,2,1362
138110,2,1363
138111,0,1364
138112,0,1365
138113,0,1366
138114,0,1367
138115,0,1368
138116,0,1369
138117,0,1370
138118,0,1371
138119,0,1372
138120,0,1373
138121,0,1374
138122,0,1375
138123,0,1376
138124,0,1377
138125,0,1378
138126,0,1379
138127,0,1380
138128,0,1381
138129,0,1382
138130,0,1383
138131,0,1384
138132,0,1385
138133,0,1386
138134,0,1387
138135,0,1388
138136,0,1389
138137,0,1390
138138,0,1391
138170,0,115800
138171,0,115801
138172,0,115802
138173,0,115803
138174,0,115804
138175,0,115805
138176,0,115806
138177,0,115807
136540,4,88415
136541,4,88416
136543,4,88418
136548,1,21783
136558,4,183611
136568,4,136179
136569,4,136180
136573,1,32054
136621,4,14719
136631,1,4323
136670,0,177069
136671,0,177070
136672,0,177071
136674,0,177073
136675,0,177074
136676,0,177075
136677,0,177076
136678,0,177077
136679,2,177078
136680,2,177079
136681,2,177080
136729,4,182878
136745,4,14581
136792,4,47775
136799,4,84998
136813,1,148423
136814,1,148424
136816,1,148426
136820,1,65865
136825,0,65870
136826,0,65871
136827,0,65872
136828,0,65873
136841,0,65886
136842,0,65887
136843,0,65888
136844,0,65889
136845,0,65890
136856,1,78157
136896,1,53708
136924,4,25940
136962,4,82455
137007,1,1462
137008,1,1463
137025,0,133724
137058,1,65967
137067,0,177518
137071,2,95294
137075,0,94734
137123,1,58133
137136,4,153931
137186,0,133944
137220,1,142202
137221,1,142203
137230,4,22195
137317,1,95104
137318,2,95105
137326,0,95113
137327,0,95114
137328,0,95115
137329,0,95116
137330,0,95117
137331,0,95118
137332,0,95119
137333,0,95120
137334,0,95121
137335,0,95122
137336,0,95123
137337,0,95124
137338,0,95125
137339,0,95126
137340,0,95127
137341,0,95128
137342,0,95129
137343,0,95130
137344,0,95131
137345,0,95132
137346,0,95133
137347,0,95134
137348,0,95135
137349,0,95136
137350,0,95137
137355,4,135268
137434,0,174949
137444,1,150106
137445,0,150107
137456,0,57552
137457,0,57553
137458,0,57554
137460,0,80280
137495,1,131805
137508,1,126961
137523,4,141144
137524,4,141145
137534,1,6031
137591,0,164847
137592,2,164848
137596,2,164852
137597,2,164853
137598,2,164854
138178,4,90989
138179,4,90990
138180,4,90991
138215,4,162968
138333,4,159614
138347,4,85741
138356,4,79764
138357,4,79765
138359,4,79767
138360,1,79768
138361,1,79769
138362,4,145845
138406,4,120130
138442,1,59998
138479,0,130868
138484,1,57231
138523,1,3381
138539,2,106359
138544,1,133318
138545,1,133319
138546,1,133320
138548,0,133322
138549,0,133323
138550,0,133324
138551,0,133325
138552,0,133326
138553,0,133327
138554,0,133328
138555,0,133329
138556,0,133330
138557,0,133331
138558,0,133332
138559,0,133333
138560,0,133334
138561,0,133335
138562,0,133336
138563,0,133337
138564,0,133338
138565,0,133339
138566,0,133340
138567,0,133341
138568,0,133342
138569,0,133343
138570,0,133344
138571,0,133345
138572,0,133346
138573,0,133347
138574,0,133348
138689,2,63659
138698,0,61553
138737,1,109520
138760,1,174449
138826,1,74760
138827,0,74761
138828,0,74762
138854,0,11292
138855,0,11293
138856,1,11294
138860,2,11298
138864,0,11302
138865,0,11303
138866,0,11304
138867,0,11305
138868,0,11306
138869,0,11307
138870,0,11308
138871,0,11309
138872,0,11310
138873,0,11311
138874,0,11312
138875,0,11313
138876,0,11314
138877,0,11315
138878,0,11316
138879,0,11317
138880,0,11318
138881,0,11319
138882,0,11320
138883,2,11321
138908,4,175340
138949,2,70218
138955,1,25663
138961,1,95063
138974,0,121776
138975,0,121777
138976,0,121778
138977,0,121779
139005,1,12054
139012,4,115493
139025,0,145423
139043,4,113375
139045,4,113377
139046,4,113378
139075,1,11334
139080,1,5668
139082,1,5670
139083,1,5671
139089,0,5677
139123,4,28061
139139,0,67584
139167,1,104219
139168,1,104220
139169,1,104221
139170,1,104222
139171,1,104223
139183,1,163562
139208,4,102157
139209,0,102158
139210,4,102159
139211,4,102160
139212,4,102161
139213,4,102162
139215,0,102164
139216,4,102165
139217,2,102166
139218,2,102167
139227,1,84475
139239,4,164003
139258,4,95586
139259,5,123673
139273,0,111658
139274,0,111659
139276,0,111661
139277,0,111662
139280,4,31056
139310,0,68823
139341,1,129433
139371,4,71738
139383,2,77372
139392,4,111392
139401,4,22875
139418,4,183571
139420,1,120478
139481,4,133557
139488,1,135555
139505,4,109065
139508,0,14765
139532,4,94681
139533,4,94682
139576,1,155825
139583,0,48201
139584,0,48202
139585,0,48203
139587,4,48205
139588,4,48206
139589,4,48207
139590,4,48208
139605,1,97753
139614,0,118638
139624,4,139079
139625,4,139080
139636,1,109942
139637,1,109943
139638,1,109944
139639,2,109945
139640,1,109946
139647,1,109953
139648,1,109954
139649,1,109955
139650,1,109956
139651,2,109957
139652,2,109958
139655,1,109961
139656,1,109962
139663,4,47836
139670,0,28360
139671,0,28361
139672,0,28362
139682,0,107208
139701,0,146449
139711,2,57054
139717,4,27871
139720,4,112846
139721,4,114264
139725,2,50330
139777,1,97264
139812,4,122364
139813,4,161067
139818,2,33012
139821,4,14234
139829,1,129323
139835,0,129329
139836,0,129330
139837,0,129331
139838,0,129332
139839,0,129333
139845,4,158547
139862,2,68213
139897,1,126286
139898,1,126287
139927,1,44048
139968,4,47281
140020,4,113309
140036,4,165257
140041,1,40457
140047,4,161596
140063,2,150208
140086,4,45186
140093,2,4641
140094,1,4642
140930,4,144919
140941,1,70756
140946,1,70761
140971,0,70786
140972,0,70787
140976,4,108772
140990,2,66554
140995,1,17490
141042,1,60529
141043,1,60530
141045,1,60532
141046,1,60533
141047,2,60534
141052,2,60539
141053,2,60540
141054,0,60541
141055,0,60542
141056,0,60543
141057,0,60544
141058,0,60545
141059,0,60546
141060,0,60547
141061,0,60548
141062,0,60549
141063,1,60550
141064,2,60551
141065,2,60552
141066,2,60553
141067,2,60554
141068,2,60555
141069,2,60556
141070,0,60557
141081,2,148032
141088,2,148039
141089,0,148040
141090,0,148041
141091,0,148042
141092,0,148043
141093,0,148044
141094,0,148045
141095,0,148046
141096,0,148047
141097,0,148048
141098,0,148049
141099,2,148050
141100,0,148051
141101,0,148052
141102,0,148053
141164,4,105552
141172,0,161607
141174,4,161609
141191,2,101987
141197,4,164216
141248,1,123923
141267,0,42802
141270,0,42805
141275,1,165942
141278,4,34388
141280,4,176773
141329,1,108879
141333,1,177891
141398,4,99860
141401,1,66519
141420,1,173084
141444,5,147907
141466,1,182019
141473,4,58903
141474,4,58904
141497,1,63835
141502,1,163852
141509,1,105527
141510,1,105528
141511,1,105529
141512,2,105530
141513,2,105531
141514,2,105532
141515,2,105533
141516,0,105534
141517,0,105535
141518,0,105536
141519,0,105537
141520,0,105538
141521,0,105539
141522,0,105540
141523,0,105541
141524,0,105542
141525,0,105543
141526,0,105544
141527,0,105545
141528,0,105546
141529,0,105547
141530,0,105548
141531,0,105549
141532,0,105550
141533,0,105551
141562,4,126982
141563,4,126983
141564,4,126984
141566,4,174472
141574,1,113846
140100,0,4648
140102,2,4650
140103,2,4651
140150,1,165007
140151,1,165008
140161,0,165018
140162,2,165019
140163,2,165020
140164,2,165021
140165,0,165022
140166,0,165023
140167,0,165024
140168,0,165025
140169,0,155747
140177,4,144990
140197,0,18382
140198,0,18383
140199,0,18384
140200,0,18385
140201,0,18386
140202,0,18387
140204,4,14771
140245,1,60714
140254,1,147684
140264,0,147693
140265,0,147694
140266,0,147695
140267,0,147696
140268,0,147697
140269,0,147698
140270,0,147699
140271,0,147700
140272,0,147701
140277,0,20904
140278,0,20905
140279,4,20906
140280,0,20907
140287,4,157663
140297,2,103397
140305,1,99828
140326,4,71497
140347,4,161770
140396,1,44832
140397,1,44833
140424,0,144467
140438,1,34966
140455,0,156592
140458,0,178809
140460,2,78761
140483,2,107144
140503,0,184934
140518,4,116966
140531,4,56020
140533,4,30854
140542,4,145139
140601,0,97832
140613,1,93621
140622,4,61293
140636,0,98005
140637,0,98006
140646,0,98014
140648,1,82401
140682,4,122724
140700,1,57207
140722,4,9307
140742,1,171596
140762,4,63191
140763,4,58858
140776,4,146701
140778,4,128396
140779,0,128397
140781,1,151737
140784,1,151740
140785,0,151741
140786,0,151742
140787,0,151743
140788,0,151744
140789,0,151745
140790,0,151746
140791,0,151747
140792,0,151748
140793,2,151749
140794,2,151750
140795,2,151751
140796,0,151752
140797,0,151753
140798,0,151754
140799,0,151755
140800,0,151756
140801,0,151757
140802,0,151758
140803,1,151759
140805,0,151761
140834,4,49719
140835,4,49720
140847,4,128614
140870,1,124331
140881,4,34471
140901,4,138051
140914,4,23916
143043,0,85926
143086,0,80500
143087,0,80501
143092,4,48307
143099,0,78362
143100,0,78363
143101,0,78364
143102,0,78365
143103,0,78366
143104,0,78367
143105,0,78368
143106,0,78369
143107,0,78370
143108,0,78371
143109,0,78372
143110,0,78373
143111,0,78374
143166,1,93893
143183,1,4861
143214,4,82772
143276,1,147049
143293,4,125557
143305,0,101350
143332,1,176809
143398,1,101199
143452,1,37939
143463,1,155926
143495,4,151385
143531,1,63333
143532,1,63334
143533,1,63335
143534,1,63336
143535,1,63337
143536,1,63338
143554,4,126663
143555,4,126664
143563,1,16614
143564,1,16615
143568,1,105635
143581,4,100824
143591,4,21995
143592,4,21996
143618,4,178551
143619,4,178552
143624,1,112365
143637,0,86152
143641,4,154218
143651,4,73972
143661,4,130845
143687,4,169570
143719,4,9867
143720,4,9868
143722,4,9870
143726,4,9874
143741,1,38655
143745,1,38659
143753,2,38667
143754,0,38668
143755,0,38669
143756,0,38670
143757,0,38671
143758,0,38672
143759,0,38673
143760,0,38674
143780,4,185041
143852,4,180645
143859,4,156577
143864,4,155970
143874,1,78563
143889,4,70986
143891,4,70988
143899,4,16508
143953,5,94765
143991,4,32393
143992,4,32394
143993,4,32395
143994,4,32396
143995,4,32397
143996,5,32398
143997,5,32399
143998,5,32400
143999,0,32401
144000,0,32402
144001,0,32403
144002,0,32404
144040,1,165150
144120,1,142915
144199,1,66000
144226,1,162975
144290,4,119099
144292,4,175413
144293,4,175414
144295,4,175416
144302,1,55513
144331,1,115441
144400,2,5233
144402,4,47252
144413,1,10233
144444,1,1517
144463,4,21380
141575,1,113847
141576,1,113848
141577,1,113849
141581,4,80022
141585,4,180614
141586,4,180615
141587,4,180616
141667,4,149484
141668,1,149485
141678,0,96983
141679,0,96984
141680,0,96985
141686,2,38989
141831,1,58494
141868,0,106683
141870,0,106684
141871,0,106685
141872,0,106686
141873,0,106687
141874,0,106688
141875,0,106689
141876,0,106690
141891,2,34223
141904,2,62068
141910,4,166839
141952,4,182128
141964,1,29336
142039,2,165178
142040,0,165179
142042,0,165181
142043,0,165182
142044,0,165183
142045,0,165184
142046,0,165185
142047,0,165186
142048,0,165187
142049,0,165188
142050,0,165189
142051,0,165190
142052,0,165191
142053,0,165192
142054,0,165193
142055,2,165194
142066,4,126657
142085,4,183353
142177,4,2264
142184,1,142628
142187,2,142631
142188,2,142632
142189,2,142633
142195,1,180700
142236,4,94203
142237,4,94202
142238,4,94204
142240,4,129320
142264,0,43330
142270,4,134938
142277,4,94745
142278,4,94746
142296,1,129212
142310,1,52259
142312,4,138474
142330,2,158228
142354,4,9336
142368,4,33110
142370,0,4201
142371,0,4202
142397,4,86838
142398,4,97295
142408,2,25198
142536,4,109263
142549,4,57482
142582,4,163726
142583,4,163728
142584,4,163729
142610,1,23994
142626,1,170989
142637,4,26723
142650,4,130654
142661,4,65085
142701,0,125111
142709,4,28806
142728,4,69543
142730,4,27744
142732,4,27746
142735,4,157378
142736,4,157379
142737,0,157380
142781,4,117823
142783,4,117824
142850,4,22236
142874,1,184882
142876,0,184884
142902,4,97725
142915,1,58822
142945,1,32673
142958,4,19425
142987,4,61070
143041,0,85924
143042,2,85925
144470,0,49258
144472,4,49260
144490,1,59505
144527,1,24757
144538,0,24768
144539,0,24769
144541,0,24770
144542,0,24772
144543,0,24773
144544,0,24774
144545,0,24775
144546,0,24776
144547,0,24777
144548,0,24778
144581,4,123323
144582,1,121117
144613,4,65104
144650,1,13884
144657,4,153727
144696,4,65109
144759,4,55996
144825,1,82557
144831,1,82563
144832,1,82564
144833,1,82565
144836,2,82568
144837,2,82569
144838,2,82570
144839,2,82571
144840,2,82572
144841,2,82573
144842,2,82574
144843,2,82575
144844,2,82576
144845,2,82577
144846,2,82578
144847,2,82579
144848,2,82580
144849,0,82581
144850,0,82582
144851,0,82583
144852,0,82584
144853,0,82585
144854,0,82586
144861,0,82631
144864,1,135723
144886,1,76757
144909,4,59716
144912,0,83341
144913,0,83342
145000,1,121754
145043,4,33467
145066,4,120204
145094,1,110488
145097,1,110491
145109,2,110503
145110,2,110504
145111,0,110505
145112,0,110506
145113,0,110507
145114,0,110508
145115,0,110509
145116,0,110510
145117,4,110511
145118,4,110512
145119,4,110513
145120,4,110514
145121,4,110515
145122,4,110516
145136,4,74826
145168,0,87480
145176,4,163032
145177,4,53941
145185,4,70358
145228,1,44991
145229,1,44992
145230,1,44993
145243,1,94613
145274,4,179317
145278,1,82252
145289,0,20342
145301,5,127347
145320,4,99358
145326,1,183091
145436,5,185163
145440,0,185167
145441,0,185168
145448,0,133720
145507,5,157677
145559,0,168240
145561,5,168242
145574,0,106692
145582,4,183366
145642,1,161040
145643,1,161041
145644,1,161042
145645,1,161043
145692,1,54210
145702,4,70843
145716,4,130988
145727,5,94947
145780,4,65171
145781,4,65172
145782,4,65173
145783,4,65174
145793,1,182544
145868,4,18833
145884,0,131810
145885,0,166252
145901,1,104165
145935,0,120507
145960,4,86146
145987,1,9700
146006,1,9483
146007,1,9484
146055,1,25592
146067,0,25604
146070,5,90588
146071,4,90589
146086,4,91519
146110,4,119169
146125,4,129775
146127,1,133013
146138,1,99232
146156,4,183313
146160,0,183317
146186,1,152152
146204,0,150356
146230,1,184765
146239,4,50268
146247,2,91926
146258,1,131898
146268,0,90923
146275,4,115947
146279,4,75931
146315,1,84327
146321,1,146953
146365,4,20439
146376,2,77245
146397,4,76476
146404,4,127458
146445,1,114808
146446,1,114809
146447,1,114810
146448,1,114811
146449,1,114812
146455,2,114818
146456,2,114819
146457,2,114820
146458,2,114821
146459,2,114822
146460,2,114823
146461,2,114824
146492,4,153390
146515,1,47144
146530,4,149924
146536,4,83526
146537,4,83527
146592,1,181714
146614,0,118163
146616,4,55216
146642,4,147897
146643,4,147898
146665,0,93184
146698,1,149867
146729,4,43246
146745,0,82458
146746,0,82459
146747,0,82460
146748,0,82461
146749,0,82462
146750,0,82463
146751,0,82464
146752,0,82465
146753,0,82466
146756,0,113360
146758,1,20492
146763,4,69188
146764,4,69189
146811,4,152290
146853,1,117569
146858,1,172980
146866,1,17942
146867,1,17943
146868,0,17944
146869,1,17945
146871,2,17947
146872,2,17948
146873,2,17949
146874,2,17950
146875,2,17951
146876,2,17952
146877,2,17953
146878,2,17954
146879,0,17955
146880,0,17956
146881,0,17957
146882,0,17958
146883,0,17959
146884,0,17960
147839,4,83719
147844,4,86255
147848,1,87550
147849,1,87551
147850,1,87552
147851,1,87553
147852,2,87554
147853,1,87555
147854,1,87556
147857,2,87559
147860,0,87562
147861,0,87563
147862,0,87564
147863,0,87565
147864,0,87566
147865,0,87567
147866,0,87568
147867,0,87569
147868,0,87570
147869,0,87571
147876,4,37439
147880,0,71642
147898,0,67412
147912,4,127693
147944,1,153307
147945,1,153308
147946,1,153309
147947,1,153310
147948,1,153311
147949,1,153312
148068,1,45835
148070,0,45836
148098,2,54880
148107,4,112083
148139,4,52256
148151,2,139683
148171,0,120873
148172,1,42798
148246,4,87230
148278,4,160722
148291,4,83212
148305,1,64392
148312,0,64399
148313,0,64400
148315,0,64401
148317,0,64404
148319,0,64406
148320,0,64407
148321,0,64408
148322,0,64409
148323,2,64410
148326,0,64413
148327,0,64414
148328,0,64415
148335,1,174487
148365,1,152417
148371,4,106155
148409,0,46124
148415,4,21052
148421,1,531
148443,1,553
148497,1,173052
148507,1,116462
148512,1,58855
148516,1,80892
148526,1,100876
148528,1,81770
148563,1,163360
148602,0,153967
148612,4,61772
148706,0,110521
148707,1,129185
148721,1,137025
148726,0,137030
148729,0,137033
148730,0,137034
148731,0,137035
148732,0,137036
148733,0,137037
148734,0,137038
148735,0,137039
148736,0,137040
148737,0,137041
148738,0,137042
148739,0,137043
148740,0,137044
148741,0,137045
148742,0,137046
148743,0,137047
148744,0,137048
148745,0,137049
148746,0,137050
148747,0,137051
148748,0,137052
148764,0,884
148805,1,86878
148806,0,86879
148807,0,86880
148808,0,86881
148809,0,86882
146885,0,17961
146886,0,17962
146887,0,17963
146888,0,17964
146889,0,17965
146890,0,17966
146891,0,17967
146892,0,17968
146893,0,17969
146897,4,37341
146933,4,120811
146952,2,75796
146982,1,108873
146987,4,27090
146989,1,10204
147032,4,170955
147036,4,172068
147071,1,33716
147072,1,33717
147073,2,5414
147074,2,5415
147082,1,122129
147132,0,160635
147141,1,128791
147149,1,128799
147150,1,128800
147157,2,128807
147158,0,128808
147159,0,128809
147161,4,107605
147162,4,107606
147165,4,107608
147171,1,35012
147189,0,21491
147191,0,21494
147209,4,94880
147216,4,177256
147240,4,168507
147244,1,104911
147249,2,151828
147262,4,131930
147264,4,136789
147330,4,19209
147334,4,39513
147335,4,39514
147336,4,39515
147337,4,39516
147338,4,39517
147339,4,39518
147340,4,39519
147341,4,39520
147342,4,39521
147366,4,60432
147389,1,108334
147449,4,93891
147463,4,69429
147467,4,114612
147470,4,45022
147472,4,42668
147489,4,121205
147491,4,118283
147557,4,171264
147559,2,48371
147608,2,36660
147609,2,36661
147610,2,36662
147614,2,162516
147631,0,8695
147632,0,8697
147633,0,8698
147634,0,8699
147635,2,8700
147636,0,8701
147637,0,8702
147638,0,8703
147639,0,8704
147640,0,8705
147641,0,8706
147642,1,8707
147643,2,8708
147644,2,8709
147645,0,8710
147646,0,8711
147647,0,8712
147648,0,8713
147649,0,8714
147650,0,8715
147651,0,8716
147652,0,8717
147665,4,185018
147671,1,16427
147684,1,171262
147701,2,163482
147708,4,56315
147730,1,80946
147731,1,80947
147733,1,80948
147746,4,36968
147751,4,107478
147752,4,124545
148810,0,86883
148811,0,86884
148812,0,86885
148813,0,86886
148814,0,86887
148815,0,86888
148816,0,86889
148817,0,86890
148818,0,86891
148819,0,86892
148820,0,86893
148821,0,86894
148865,4,20620
148913,1,7363
148927,1,103737
148963,1,70497
148991,1,123042
149013,0,70439
149024,1,170675
149028,4,61410
149029,1,153849
149030,0,153850
149031,0,153851
149032,0,153852
149034,4,88844
149044,2,113399
149096,2,146171
149097,2,146172
149098,2,146173
149099,2,146174
149100,2,146175
149101,2,146176
149102,2,146177
149114,4,111617
149157,4,70212
149158,4,70213
149159,4,70214
149161,4,147661
149162,4,41898
149192,0,183391
149197,1,141795
149214,0,133594
149229,1,91322
149231,2,91324
149233,0,91326
149258,2,17021
149276,0,3440
149295,4,73738
149296,4,73739
149297,4,73740
149311,4,162934
149315,4,120857
149317,4,120859
149320,1,1165
149321,1,1166
149322,1,1167
149323,1,1168
149324,1,1169
149325,1,1170
149326,1,1171
149327,1,1172
149328,1,1173
149329,1,1174
149330,1,1175
149331,1,1176
149332,1,1177
149333,1,1178
149363,1,98737
149368,1,98742
149369,1,98743
149384,0,98758
149385,0,98759
149391,4,11217
149449,4,27433
149454,1,27438
149485,4,77877
149490,1,35403
149609,1,140556
149611,1,140558
149613,1,140560
149614,2,140561
149615,2,140562
149616,2,140563
149617,2,140564
149618,0,140565
149619,0,140566
149620,0,140567
149621,0,140568
149622,0,140569
149623,0,140570
149624,0,140571
149625,0,140572
149626,0,140573
149628,2,140575
149629,2,140576
149664,0,70407
149667,1,43725
149669,1,43727
149676,0,43734
149677,0,43735
149678,0,43736
149679,0,43737
149680,0,43738
149693,2,43751
149694,1,43752
149713,1,19328
149732,1,174395
149741,1,117546
149781,4,156935
149784,1,120998
149800,0,93287
149801,0,93288
149805,2,69895
149817,4,182994
149852,4,29556
149893,4,100042
149895,4,34982
149897,4,34984
149898,4,109646
149908,4,114415
149909,4,114416
149913,4,32323
149920,1,7189
149922,1,7191
149943,4,82024
149952,1,170065
149953,1,170066
149962,0,170075
149965,4,170078
149966,4,170079
149967,4,170080
149968,4,170081
149969,4,170082
149970,4,170083
149971,0,170084
149972,0,170085
149973,0,170086
149987,4,180881
149999,1,15882
150058,1,43524
150067,0,159755
150082,1,180449
150083,1,180450
150085,1,180451
150086,1,180453
150087,1,180454
150088,1,180455
150089,1,180456
150090,1,180457
150094,5,92429
150108,1,184566
150111,1,184569
150112,1,184570
150113,1,184571
150118,2,184576
150119,0,184577
150120,0,184578
150121,0,184579
150122,0,184580
150123,0,184581
150124,0,184582
150125,0,184583
150126,0,184584
150127,0,184585
150128,0,184586
150131,1,7995
150135,0,48003
150150,4,76747
150151,4,118091
150152,4,118092
150159,4,26316
150186,0,84571
150187,0,84572
150191,1,128011
150223,1,141338
150224,1,141339
150225,1,141340
150229,4,161793
150240,4,73922
150255,1,122737
150262,4,121197
150297,4,174264
150308,1,58225
150337,4,75708
150347,4,82803
150386,1,61028
150395,0,61037
150430,1,141236
150431,1,141237
150440,1,141246
150441,1,141247
150442,1,141248
150443,1,141249
150498,4,182143
150499,4,182144
150508,1,152747
150538,1,3721
150561,1,23472
150578,1,84592
150615,1,13055
150626,4,180428
150634,4,43549
150653,2,156519
150663,2,7329
150679,4,2454
150684,4,98780
150709,4,23063
150717,0,165195
150728,4,17626
150736,1,54652
150745,4,98465
150784,4,147309
150805,1,157452
150814,0,122607
150836,4,129447
150841,0,140090
150846,0,96047
150859,4,34347
150882,4,93689
150892,1,34942
150918,4,126128
150926,1,60070
150927,0,60071
150964,4,112113
150965,0,112114
150981,0,97499
150984,4,97502
150985,4,97503
150997,4,15595
150999,4,93214
151016,4,94485
151021,1,39243
151026,2,155092
151071,4,162054
151076,1,44905
151077,1,44906
151078,2,44907
151096,0,44925
151097,0,44926
151098,0,44927
151115,0,70827
151127,1,164073
151152,4,97569
151166,0,106721
151179,1,45681
151221,4,141072
151222,4,141073
151225,4,128390
151229,0,149704
151239,4,167353
151243,4,25652
151253,4,113643
151261,4,52051
151275,4,150992
151296,4,77972
151321,0,172658
151323,0,172660
151324,0,172661
151346,1,73876
151355,0,73885
151356,0,73886
151357,2,73887
151358,2,73888
151359,0,73889
151360,0,73890
151361,0,73891
151362,0,73892
151363,0,73893
151364,0,73894
151365,0,73895
151366,0,73896
151367,0,73897
151372,0,55048
151415,2,178771
151419,2,178775
151421,0,178777
151422,0,178778
151423,0,178779
151424,0,178780
151425,0,178781
151426,0,178782
151427,0,178783
151428,0,178784
151432,4,143633
151437,4,150804
151438,4,150805
151439,4,150806
151440,4,150807
151441,4,150808
151442,4,150809
151443,4,150810
151444,4,150811
151464,4,138379
151466,4,46396
151467,4,46397
151508,4,178377
151509,2,178378
151512,1,178380
151529,4,152754
151534,4,9786
151549,4,134897
151556,4,174461
151573,0,155415
151685,0,122469
151686,0,122470
151765,4,41666
151776,4,114273
151867,0,5173
151889,2,57316
151890,0,138201
151891,0,138202
151892,0,138203
151893,0,138204
151902,4,101254
151908,4,88024
151983,1,28709
152030,1,173529
152037,0,173536
152038,0,173537
152039,0,173538
152040,0,173539
152041,0,173540
152042,0,173541
152043,0,173542
152045,4,31945
152070,1,106485
152093,0,21297
152104,0,79427
152116,2,76618
152178,0,61276
152199,1,64525
152205,1,39955
152213,0,124510
152214,0,124511
152215,0,124512
152216,0,124513
152217,0,124514
152279,0,125922
152280,0,125924
152281,2,125925
152282,2,125926
152290,1,125934
152291,1,125935
152292,1,125936
152293,1,125937
152294,1,125938
152295,1,125939
152296,1,125940
152397,4,73048
152398,4,73049
152399,4,139043
152401,2,118328
152403,4,72630
152405,4,157493
152417,1,172241
152431,4,88645
152432,1,110948
152517,1,8644
152543,0,29149
152546,0,114623
152553,1,16991
152555,4,32354
152556,4,110208
152562,4,25643
152585,1,43118
152609,4,83902
152618,0,83939
152630,2,42169
152643,4,146006
152654,1,97721
152658,1,139136
152665,4,182842
152666,2,182843
152668,0,182845
152695,2,58795
152708,1,64204
152742,4,104885
152747,4,90144
152748,4,182259
152757,0,64608
152758,4,165602
152761,1,144936
152762,1,144937
152763,1,144939
152764,1,144940
152783,4,133906
152789,4,177904
152790,4,108542
152796,4,50976
152800,4,140795
152827,4,104362
152832,4,103335
152837,2,133129
152872,1,5011
152897,4,118910
152908,4,133273
152910,4,156850
152924,0,20012
152950,0,99474
152977,4,15345
153817,0,150662
153818,0,150663
153819,0,150664
153820,0,150665
153821,0,150666
153822,0,153035
153825,4,84614
153863,1,93690
153866,4,172723
153875,0,17504
153876,0,17505
153877,0,17506
153878,0,17507
153879,0,17508
153880,0,17509
153881,0,17510
153882,0,17511
153883,0,17512
153884,0,17513
153885,0,17514
153886,0,17515
153887,0,17516
153888,0,17517
153889,0,17518
153894,1,45484
153900,4,143523
153969,1,84805
154027,0,177733
154070,1,183162
154072,1,183164
154078,0,136337
154118,0,9825
154120,0,9827
154138,0,103803
154139,0,103804
154140,0,103805
154141,0,103806
154142,0,51434
154261,5,29152
154271,4,73314
154272,0,85532
154297,4,124382
154327,4,67000
154340,4,60487
154389,1,97093
154396,1,53473
154429,4,98226
154430,4,98227
154431,4,98228
154432,4,98229
154433,4,98230
154434,4,98231
154487,1,74515
154511,1,505
154517,1,451
154521,5,455
154562,0,156737
154600,1,92052
154620,1,78164
154624,1,78168
154625,1,78169
154627,1,78171
154632,2,78176
154638,0,78182
154639,0,78183
154640,0,78184
154641,0,78185
154642,0,78186
154643,0,78187
154644,0,78188
154663,1,32916
154677,1,65295
154696,4,66204
154709,0,17473
154722,1,89663
154734,0,153071
154735,0,153072
154736,0,153073
154738,4,153074
154749,1,173065
154770,4,176142
154798,4,183634
154834,1,167965
154836,4,115455
154837,4,115456
154841,1,3096
154844,4,31489
154852,4,29350
154878,0,116726
154897,1,117497
154910,2,117510
154911,2,117511
154912,2,117512
154913,0,117513
154914,0,117514
154915,0,117515
154931,1,145748
154949,1,103889
154958,1,171400
154986,0,106866
152998,4,10958
153074,1,144495
153075,0,144496
153093,0,15261
153148,4,145494
153159,1,21423
153160,1,21424
153161,1,21425
153194,4,91185
153195,4,91186
153259,0,1507
153281,2,33309
153283,2,33311
153284,2,33312
153287,4,103315
153293,0,61069
153295,1,128008
153314,4,139176
153323,4,60905
153343,1,50287
153344,1,50288
153380,4,106445
153402,0,38854
153403,0,38855
153404,0,38856
153410,0,38862
153411,1,38863
153412,1,38864
153413,0,38865
153414,0,38866
153415,0,38867
153416,0,38868
153417,0,38869
153418,0,38870
153419,0,38871
153420,0,38872
153421,0,38873
153422,0,38874
153423,0,38875
153424,0,38876
153504,0,52313
153505,0,52314
153506,0,52315
153515,0,52324
153516,0,52325
153517,0,52326
153518,0,52327
153519,0,52328
153520,0,52329
153521,0,52330
153522,0,52331
153523,0,52332
153524,1,52333
153525,0,52334
153528,1,78826
153534,1,159662
153540,1,109053
153578,1,20917
153590,0,41984
153631,4,140199
153643,4,147167
153654,4,123550
153655,4,123551
153667,5,163029
153681,1,166685
153687,2,166692
153688,2,166693
153689,2,166694
153690,2,166695
153691,2,166696
153692,2,166697
153693,2,166698
153694,0,166699
153695,0,166700
153696,0,166701
153697,0,166702
153698,0,166703
153699,0,166704
153721,4,181951
153734,1,57703
153742,1,32932
153746,2,138063
153747,2,138064
153749,2,138066
153762,4,156617
153767,0,166718
153768,0,166719
153792,4,122867
153794,4,143759
153795,4,143760
153800,0,150645
153801,0,150646
153802,0,150647
153803,0,150648
153807,0,150652
153808,0,150653
153810,2,150655
153814,0,150659
153815,0,150660
153816,0,150661
155024,1,42809
155025,0,42810
155027,0,42812
155028,0,42813
155029,0,42814
155030,0,42815
155031,0,42816
155032,0,42817
155033,0,42818
155034,0,42819
155035,0,42820
155036,0,42821
155037,0,42822
155038,0,42823
155039,0,42824
155040,0,42825
155041,0,42826
155042,0,42827
155043,0,42828
155044,0,42829
155045,0,42830
155046,0,42831
155047,0,42832
155089,4,174957
155169,0,5837
155170,4,147741
155193,0,26190
155208,1,92066
155251,4,71841
155253,4,71842
155259,1,28990
155271,4,107486
155272,4,107487
155273,4,107488
155274,4,107489
155302,1,42676
155306,1,42680
155315,2,42689
155316,2,42690
155317,0,42691
155318,0,42692
155319,0,42693
155320,0,42694
155321,0,42695
155322,0,42696
155323,0,42697
155324,0,42698
155325,0,42699
155326,0,42700
155327,0,42701
155336,1,10895
155337,1,10896
155338,1,10897
155348,1,90143
155352,4,182594
155353,4,182595
155379,4,102385
155380,4,102386
155384,4,150079
155413,1,45697
155422,0,14403
155429,1,33047
155447,4,57103
155462,2,88663
155464,0,88665
155465,0,88666
155466,0,88667
155467,0,88668
155468,0,88669
155469,0,88670
155470,0,88671
155471,0,88672
155472,0,88673
155473,0,88674
155474,0,88675
155475,0,88676
155476,0,88677
155477,0,88678
155513,1,27212
155542,4,65807
155543,4,65808
155624,4,31315
155636,4,98218
155638,4,98220
155677,0,154696
155679,1,87250
155714,4,108044
155720,1,45157
155726,0,45163
155727,0,45164
155728,0,45165
155729,2,45166
155730,2,45167
155731,2,45168
155732,0,45169
155733,0,45170
155829,4,27782
155885,4,66264
155910,4,34252
155960,0,141151
155986,4,144649
155990,4,150056
156004,0,42362
156005,0,42363
156006,0,42364
156007,0,42365
156008,0,42366
156009,0,42367
156010,0,42368
156011,0,42369
156012,0,42370
156041,2,90752
156042,0,90753
156043,2,90754
156044,2,90755
156045,2,90756
156046,2,90757
156047,2,90758
156048,0,90759
156049,0,90760
156050,0,90761
156051,0,90762
156052,0,90763
156053,0,90764
156054,0,90765
156130,1,182087
156253,1,88056
156309,1,103535
156372,2,136861
156373,2,136862
156374,0,136863
156375,0,136864
156376,0,136865
156377,0,136866
156378,0,136867
156379,0,136868
156380,0,136869
156397,0,166131
156398,0,166132
156424,4,137250
156475,1,62318
156554,1,29037
156562,4,67518
156728,0,160413
156739,2,59741
156821,1,20475
156822,1,106798
156844,1,48256
156868,1,51513
156895,0,49761
156896,0,49762
156897,0,49763
156898,0,49764
156899,4,49765
156913,1,7309
156916,2,7312
156917,2,7313
156918,0,7314
156919,0,7315
156920,0,7316
156921,0,7317
156922,0,7318
156923,0,7319
157055,1,24709
157078,4,184692
157105,1,146792
157140,0,102401
157220,4,62796
157251,4,177363
157266,4,126234
157297,1,93171
157307,4,121530
157325,4,26536
157326,4,167901
157327,4,167902
157345,4,178480
157346,4,178481
157365,4,146130
157366,4,146131
157432,2,95999
157433,0,96000
157512,4,167581
157513,4,167582
157573,1,2963
157624,2,30688
157625,0,30689
157626,0,30690
157627,0,30691
157632,2,30696
157633,0,30697
157634,0,30698
157635,0,30699
157636,0,30700
157637,0,30701
157638,0,30702
157639,0,30703
157640,0,30704
157641,0,30705
157660,4,130736
157661,4,130737
157737,0,43719
157755,4,46442
157774,4,179125
157775,4,179126
157812,1,127431
157822,4,25535
157844,4,24452
157845,4,182156
157886,1,106125
157891,1,106130
157892,1,106131
157903,4,11956
157904,2,11957
157977,1,138795
158024,1,19234
158039,0,88856
158041,1,88858
158042,1,88859
158057,4,31423
158112,1,9469
158118,0,86789
158129,4,3266
158131,1,110994
158147,0,110427
158148,0,110428
158149,0,110429
158150,0,110430
158189,4,80821
158191,5,43398
158196,0,68385
158198,0,83995
158241,4,144825
158258,4,183660
158269,1,25825
158271,1,25827
158272,1,25828
158273,1,25829
158282,4,149571
158283,0,38808
158297,1,163316
158338,4,110380
158344,1,52107
158357,0,52120
158358,0,52121
158359,0,52122
158360,0,52123
158361,0,52124
158362,0,52125
158363,0,52126
158364,0,52127
158373,1,136290
158377,0,169138
158387,4,86650
158390,2,3363
158391,2,3364
158392,1,3365
158404,4,153795
158411,4,56215
158413,4,56217
158434,4,97359
158438,4,28925
158448,4,49194
158459,1,113505
158461,1,113507
158462,1,113508
158463,1,113509
158532,0,28711
158533,0,28713
158534,0,28714
158535,0,28715
158536,0,28716
158537,0,28718
158538,0,28717
158540,0,28720
158541,0,28721
158542,0,28722
158543,0,28723
158545,0,28724
158546,0,28726
158547,0,28727
158548,0,28728
158549,0,28729
158551,0,28731
158552,0,28732
158553,0,28733
158554,0,28734
158555,0,28735
158556,0,28736
158564,0,173997
158566,0,173999
158567,0,174000
158568,0,174001
158573,4,111368
158583,4,52524
158592,4,144198
158601,1,167584
158632,0,49519
158654,4,144175
158673,1,175332
158678,4,158364
158708,1,116892
158783,4,24018
158792,4,184319
158805,0,6597
158816,4,109573
158818,4,109575
158827,4,37512
158837,1,143566
158839,1,143568
158844,1,132509
158852,4,26740
158897,2,136047
158906,4,670
158916,4,86645
158950,2,129739
158978,2,113596
158979,0,113597
158980,1,113598
158981,1,113599
158982,1,113600
159008,0,120243
159019,2,159517
159057,0,181443
159074,0,153109
159075,0,153110
159091,4,58128
159107,4,13525
159108,4,13526
159144,1,56639
159230,4,92197
159233,1,88774
159285,4,121147
159319,4,148697
159333,0,136894
159343,4,104154
159354,4,132146
159366,1,160706
159384,1,48160
159390,0,48167
159391,0,48168
159392,0,48169
159393,0,48170
159394,0,48171
159395,0,48172
159396,0,48173
159397,0,48174
159398,0,48175
159399,0,48176
159400,0,48177
159401,0,48178
159402,0,48179
159403,0,48180
159440,1,136969
159446,1,96325
159452,1,96331
159457,4,119472
159474,0,159814
159512,4,21853
159521,1,62494
159522,1,62495
159523,0,62496
159524,0,62497
159525,0,62498
159526,0,62499
159531,0,62504
159532,0,62505
159548,1,89139
159556,0,89147
159557,0,89148
159558,1,89149
159562,0,89153
159563,0,89154
159564,0,89155
159565,0,89156
159601,1,109131
159608,4,24501
159642,1,42659
159666,4,112085
159683,4,238
159703,4,94230
159705,4,94232
159722,0,29142
159727,4,135951
159728,4,135952
159745,4,34371
159749,4,34375
159760,0,50522
159761,2,50523
159768,4,105434
159776,0,156361
159782,4,105050
159784,4,50214
159801,0,58337
159802,0,58338
159803,0,58339
159804,0,58340
159805,2,58341
159806,2,58342
159807,2,58343
159808,2,58344
160495,1,40404
160534,2,91502
160537,0,91505
160538,0,91506
160539,0,91507
160540,4,91508
160544,1,164396
160546,1,164398
160547,1,164399
160585,4,127711
160608,1,177223
160609,1,177224
160616,0,177231
160617,0,177232
160618,0,177233
160619,0,177234
160660,2,55342
160671,4,171088
160672,4,171089
160680,1,77553
160700,1,138913
160713,4,109483
160732,1,25339
160734,2,25341
160736,0,25343
160737,0,25344
160738,0,25345
160739,0,25346
160740,0,25347
160741,0,25348
160742,0,25349
160745,4,147943
160769,2,53125
160778,0,142573
160779,0,142575
160780,0,142576
160801,1,74438
160810,1,173687
160825,4,110319
160840,0,53677
160841,0,53678
160858,4,50164
160863,4,136207
160909,1,112264
160910,0,124819
160911,0,124820
160916,0,163574
160917,0,163575
160918,0,163576
160919,0,163577
160920,0,163578
160921,0,163579
160922,0,163580
160923,0,163581
160924,0,163582
160925,0,163583
160926,0,163584
160927,0,163585
160928,0,163586
160929,0,163587
160930,0,163588
160931,0,163589
160932,0,163590
160933,0,163591
160934,0,163592
160935,0,163593
160936,0,163594
160937,0,163595
160938,0,163596
160939,0,163597
160948,4,37741
160985,1,131250
160993,4,83326
161022,4,68547
161024,0,19027
161026,1,143613
161027,2,143614
161034,4,21993
161077,0,90551
161114,1,182527
161155,4,133629
161172,4,63008
161173,1,166946
161188,1,26305
161217,1,10010
161222,4,20396
161223,4,20397
161264,4,59676
161269,4,6285
161273,1,16315
161297,1,2077
161320,1,55284
161327,2,164124
161341,0,170031
161360,4,59587
161361,4,175370
161362,4,175371
161373,0,152560
161375,1,104893
161382,4,53713
159809,2,58345
159811,2,58347
159812,2,58348
159813,0,58349
159814,0,58350
159815,0,58351
159816,0,58352
159817,0,58353
159818,0,58354
159819,0,58355
159820,0,58356
159821,0,58357
159822,0,58358
159864,1,155514
159869,1,180469
159878,0,179391
159884,0,90371
159892,4,124186
159898,0,4850
159911,4,141516
159916,4,19229
159918,2,160125
159974,1,93727
159982,0,93735
159983,0,93736
159984,0,93737
159985,0,93738
159986,0,93739
159988,2,140455
159990,4,138327
159993,4,5221
160000,0,156262
160014,4,98298
160024,4,113277
160060,0,17829
160064,4,91458
160066,4,107132
160067,4,107133
160069,4,107135
160090,4,123174
160102,4,44127
160113,4,40068
160122,4,3164
160123,4,3165
160133,2,97049
160134,4,76932
160141,0,99945
160143,0,99947
160163,2,48902
160164,2,48903
160183,1,163668
160184,1,163669
160185,1,163670
160186,1,163671
160188,2,163673
160189,0,163674
160190,0,163675
160191,0,163676
160192,0,163677
160193,0,163678
160194,0,163679
160195,0,163680
160196,0,163681
160214,0,91942
160231,4,154183
160255,4,154599
160256,1,138156
160266,0,59042
160297,1,153575
160302,0,13893
160303,0,13894
160304,0,13895
160306,0,13897
160307,1,13898
160308,1,13899
160309,1,13900
160310,1,13901
160311,1,13902
160312,1,13903
160313,1,13904
160314,0,13905
160315,0,13906
160316,0,13907
160317,0,13908
160318,0,13909
160319,0,13910
160320,0,13911
160321,0,13912
160322,0,13913
160364,1,138938
160421,2,66939
160422,2,66940
160426,4,6230
160434,4,80508
160439,1,172553
160440,1,172554
160448,0,145977
160475,4,14541
160480,4,167063
160484,1,100880
161384,4,53715
161385,4,53716
161415,0,127727
161418,2,127730
161419,2,127731
161420,0,127732
161421,0,127733
161422,0,127734
161423,0,127735
161424,0,127736
161425,0,127737
161426,0,127738
161427,0,127739
161458,4,182899
161467,4,122073
161482,4,79340
161483,4,79341
161537,4,95309
161548,1,170253
161559,2,120346
161560,0,120347
161561,1,120349
161563,0,120350
161564,0,120351
161565,1,120352
161566,2,120354
161570,1,179737
161596,0,86672
161599,4,162843
161600,2,162844
161601,2,162845
161602,2,162846
161604,1,117661
161626,1,140885
161629,1,140889
161630,1,140890
161631,1,140891
161632,1,140892
161633,2,140893
161634,2,140894
161635,2,140895
161636,2,140896
161655,0,133384
161668,1,175451
161685,2,164066
161752,4,88390
161786,1,151929
161793,0,151937
161794,0,151938
161795,0,151939
161796,0,151940
161797,0,151941
161798,0,151942
161799,0,151943
161821,1,140758
161830,0,140767
161831,0,140768
161832,0,140769
161854,0,130123
161882,2,132166
161884,2,132168
161885,0,132169
161886,0,132170
161887,0,132171
161888,0,132172
161889,0,132173
161890,0,132174
161891,0,132175
161892,0,132176
161893,0,132177
161894,0,132178
161895,0,132179
161896,0,132180
161897,0,132181
161898,0,132182
161899,0,132183
161900,0,132184
161901,0,132185
161902,0,132186
161903,0,132187
161904,0,132188
161905,0,132189
161906,0,132190
161916,1,38580
161919,1,10522
161951,2,22343
161961,0,22353
161962,0,22354
161971,5,98625
161993,4,17066
162036,1,147340
162037,1,147341
162038,1,147342
162046,1,26833
162049,1,28894
162061,4,12795
162064,0,152511
162077,4,133693
162085,4,177371
162087,4,28157
162088,4,28158
162112,4,184599
162115,4,76430
162147,4,38493
162166,4,38810
162202,1,4543
162230,4,58679
162231,4,21879
162233,1,2903
162237,2,2907
162238,2,2908
162239,2,2909
162240,0,2910
162241,0,2911
162242,0,2912
162243,0,2913
162244,0,2914
162245,0,2915
162246,0,2916
162247,0,2917
162248,0,2918
162249,0,2919
162250,0,2920
162251,0,2921
162258,4,62018
162260,4,176446
162269,4,55764
162279,4,85492
162320,4,138380
162321,4,138381
162322,4,138382
162335,4,35956
162342,4,48376
162343,4,48377
162344,4,48378
162345,4,48379
162354,4,29660
162357,1,169199
162479,0,139573
162480,0,139574
162481,2,139575
162482,2,139576
162483,2,139577
162484,2,139578
162505,0,118140
162536,4,177292
162537,4,177293
162538,4,177294
162569,1,40384
162570,1,40385
162574,2,40389
162575,2,40390
162576,2,40391
162577,2,40392
162578,1,40393
162579,1,40394
162586,2,172046
162595,4,51591
162646,0,185422
162647,0,185423
162657,1,174193
162695,2,99323
162745,1,181458
162794,1,6656
162814,2,112873
162816,4,112875
162826,2,75937
162827,4,75938
162864,0,75372
162878,1,53757
162890,4,147359
162891,1,75856
162933,1,131080
162944,4,47139
162951,1,58025
162952,1,58026
162953,1,58027
162956,4,167961
162991,1,48183
163018,0,146685
163028,0,179262
163032,1,25083
163044,1,37241
163089,1,11748
163090,1,11749
163138,1,140952
163139,1,68032
163142,0,134734
163144,0,138335
163145,0,138336
163146,0,138337
163147,0,138338
163148,0,138339
163180,1,87235
163181,1,87234
163191,1,2937
163196,0,149793
163210,4,146836
163211,4,146837
163233,0,107567
164266,4,87779
164280,1,86763
164292,4,69917
164301,4,84094
164302,4,84095
164311,0,137667
164323,1,3936
164345,1,88729
164346,0,88730
164347,2,88731
164348,2,88732
164349,2,88733
164350,2,88734
164351,1,88735
164352,1,88736
164353,0,88737
164354,2,88738
164355,2,88739
164356,0,88740
164357,0,88741
164358,0,88742
164359,0,88743
164360,0,88744
164361,2,88745
164362,0,88746
164363,0,88747
164364,0,88748
164393,4,174994
164394,4,174995
164395,0,174996
164396,0,174997
164430,0,102323
164436,4,130333
164441,1,67370
164444,4,129080
164445,1,45625
164456,0,85304
164471,1,12433
164502,1,27264
164541,1,79788
164566,4,98649
164571,4,62608
164600,1,46238
164601,1,46239
164602,1,46240
164603,1,46241
164604,1,46242
164605,1,46243
164606,1,46244
164617,4,18285
164629,4,169292
164632,1,18697
164642,4,61021
164643,4,61022
164648,4,45015
164658,0,138399
164696,4,151731
164723,0,17759
164748,0,132849
164790,1,45647
164807,4,110758
164850,4,105229
164859,4,32871
164975,1,126137
164993,4,76628
164994,4,76629
165008,0,85413
165043,5,41222
165065,2,165643
165094,0,148867
165175,0,181921
165211,2,122592
165212,2,122590
165213,0,122591
165214,2,122593
165215,2,122595
165218,0,122596
165219,0,122598
165220,0,122599
165241,1,9923
165265,1,127203
165282,4,41045
165286,4,103470
165292,4,43017
165296,1,56177
165321,4,52132
165341,1,11153
165431,2,66391
165432,2,66392
165433,0,66393
165434,0,66394
165435,0,66395
165436,0,66396
165437,0,66397
165438,0,66398
165439,0,66399
165440,0,66400
165476,1,68810
165483,1,103071
165505,4,128836
163234,0,107568
163239,1,941
163240,1,942
163249,1,122692
163281,1,174010
163286,1,29449
163287,1,29450
163349,4,74012
163351,1,6065
163374,1,79346
163382,4,113764
163384,1,17054
163390,1,36951
163424,4,178150
163499,4,91111
163514,4,146450
163527,1,42954
163569,2,58699
163570,2,58700
163571,2,58701
163572,2,58702
163573,2,58703
163574,2,58704
163575,2,58705
163576,2,58706
163598,4,46548
163604,4,20045
163631,4,5570
163636,1,158558
163637,0,158559
163639,0,158561
163664,4,63195
163684,0,23369
163687,2,43471
163699,2,19944
163731,4,82521
163732,1,25336
163733,0,25337
163734,4,9099
163736,1,156484
163759,1,51092
163846,1,84664
163862,4,60732
163863,4,60733
163864,4,60734
163871,0,68399
163872,1,68400
163873,1,68401
163874,1,68402
163879,1,68407
163880,1,68408
163881,1,68409
163882,1,68410
163883,1,68411
163884,1,68412
163885,1,68413
163886,1,68414
163887,1,68415
163888,1,68416
163892,0,17219
163894,1,178972
163896,2,178974
163903,4,170524
163918,4,144394
163947,1,30931
163954,4,109625
163957,1,48038
163979,1,91365
163989,1,91375
163990,1,91376
163991,1,91377
163992,1,91378
163993,1,91379
163998,1,170302
163999,1,170303
164001,1,170305
164012,2,9639
164023,1,49931
164030,1,103343
164031,1,103344
164038,0,103351
164039,0,103352
164040,0,103353
164041,0,103354
164042,2,103355
164043,2,103356
164044,2,103357
164045,2,103358
164046,2,103359
164047,0,103360
164081,4,71475
164082,4,71476
164083,4,71477
164103,1,1157
164137,4,154549
164153,1,18982
164201,1,128095
164228,0,74694
164232,1,78118
164254,4,152507
166674,0,155602
166683,0,80979
166685,0,80981
166686,0,80982
166696,4,126647
166699,4,140075
166709,2,171208
166720,4,123656
166731,4,83362
166739,4,119483
166753,4,73
166754,4,30882
166757,4,30885
166768,1,107395
166826,1,105353
166884,0,143416
166885,0,143417
166886,0,143418
166923,4,78130
166924,4,12633
166928,5,62986
166966,1,132244
166973,4,142553
166991,4,160684
167017,5,47208
167018,4,47209
167067,0,79781
167070,1,97135
167106,4,137735
167137,4,89296
167145,5,84318
167161,2,84154
167169,4,90191
167176,1,61181
167212,1,33493
167224,2,33505
167225,2,33506
167230,1,127172
167236,2,127178
167244,4,86578
167278,2,29507
167283,1,39759
167289,1,150226
167313,1,148429
167364,0,61956
167404,4,131353
167405,4,131354
167424,4,111320
167434,4,141713
167435,2,74182
167438,4,121134
167498,4,108322
167505,2,126960
167509,4,57289
167512,4,69798
167607,0,127716
167634,2,183564
167636,4,183566
167638,4,183568
167681,4,137770
167736,2,98206
167772,1,43264
167773,0,43265
167777,2,83280
167778,4,99405
167791,4,157397
167831,4,46129
167856,1,110671
167857,1,103955
167888,1,28521
167920,0,80661
167938,1,173570
167977,1,161392
167990,4,90546
168002,1,179257
168031,4,24169
168071,0,167253
168080,1,20488
168163,1,125822
168169,5,48992
168177,0,183916
168182,1,177666
168190,0,177674
168191,2,177675
168192,0,177676
168193,0,177677
168194,0,177678
168195,0,177679
168196,0,177680
168197,2,177681
168213,1,2555
168228,4,70931
168229,0,70932
168248,4,42640
168252,0,134514
168278,0,38155
168286,0,159446
168303,4,59949
168304,4,59950
168318,2,7576
165510,4,12422
165528,1,7596
165548,4,175335
165551,0,19462
165556,1,12443
165565,1,117799
165576,1,14711
165589,1,83531
165591,1,83532
165594,4,69446
165595,0,69447
165612,0,65123
165636,1,74715
165699,1,165002
165761,2,15384
165763,2,15386
165766,0,60109
165769,1,71395
165788,4,123261
165798,1,30157
165839,4,116439
165850,4,12334
165920,1,118804
165934,4,59024
165938,1,3161
165989,0,11596
166023,1,118489
166045,0,23326
166047,0,23328
166050,0,23331
166090,2,152382
166098,4,76530
166113,1,180887
166114,1,184548
166122,1,114002
166168,0,88791
166173,1,25963
166210,1,55462
166215,0,107353
166301,4,90457
166305,0,69087
166312,4,51470
166339,1,101246
166350,1,89185
166366,4,52412
166367,4,52413
166395,1,108673
166402,4,88958
166419,2,29281
166420,0,29282
166421,0,29283
166422,0,29284
166447,4,103770
166461,4,78041
166467,0,107764
166468,0,107765
166469,0,122786
166475,1,83699
166476,0,83700
166477,0,83701
166478,1,83702
166479,1,83703
166480,2,83704
166481,0,83705
166482,0,83706
166483,0,83707
166484,0,83708
166485,0,83709
166486,0,83710
166487,0,83711
166488,0,83712
166489,0,83713
166490,0,83714
166509,4,15348
166539,1,56062
166548,1,148803
166559,1,140025
166560,1,140026
166565,2,140031
166566,0,140032
166567,0,140033
166568,0,140034
166569,0,140035
166570,0,140036
166571,0,140037
166572,0,140038
166573,0,140039
166574,0,140040
166575,0,140041
166576,0,140042
166588,1,42625
166600,4,154080
166601,4,6420
166604,4,102687
166605,1,56710
166621,1,149820
166626,1,3111
166629,4,133527
166645,1,122572
166665,4,134074
168323,4,88981
168331,1,82172
168351,1,98654
168366,1,89392
168378,0,12791
168399,4,142395
168401,4,167064
168403,0,154385
168411,1,135801
168424,0,91202
168429,0,172840
168449,4,174336
168455,4,11037
168463,2,39255
168494,4,36379
168496,1,36381
168505,1,79403
168512,0,79410
168513,0,79411
168514,0,79412
168515,0,79413
168516,0,79414
168546,0,99354
168547,0,99355
168548,0,99356
168561,1,113124
168574,1,141361
168603,0,155767
168608,4,137311
168626,4,37844
168627,1,37845
168628,1,37846
168629,1,22901
168638,2,128463
168639,4,128464
168640,4,128465
168641,4,128466
168670,0,47011
168671,2,47012
168687,1,96682
168779,4,116670
168789,1,49262
168845,4,32564
168874,4,99082
168875,1,112130
168906,4,133890
168907,4,183531
168908,0,41762
168910,0,160304
168931,0,130771
168936,0,74675
168939,0,21485
168972,0,184492
169024,4,152527
169025,0,152528
169046,4,125584
169154,1,10112
169166,4,124117
169167,0,163760
169172,1,166532
169181,0,66892
169187,1,3389
169197,0,137220
169198,1,24813
169210,4,179402
169217,0,182772
169268,1,152348
169283,1,70310
169288,2,101509
169289,4,101510
169290,4,101511
169413,1,162650
169427,1,150381
169434,0,10561
169438,1,37589
169441,1,37592
169442,2,37593
169449,2,37600
169450,0,37601
169451,0,37602
169452,0,37603
169462,0,67888
169466,0,147809
169467,0,147810
169472,0,121113
169499,0,182892
169554,1,180767
169564,1,30911
169570,4,30833
169576,1,144096
169599,0,179353
169600,0,179354
169601,0,179355
169602,0,179356
169616,1,18671
169624,2,18679
169625,2,18680
169626,0,18681
169627,0,18682
169628,0,18683
169629,0,18684
169657,1,41199
169669,4,92312
169673,1,46376
169679,4,80053
169686,0,133107
169729,2,160323
169730,0,160324
169746,1,142725
169800,0,58750
169801,0,58751
169802,0,58752
169825,0,131965
169826,0,131966
169827,0,131967
169851,1,99272
169907,1,86619
169909,1,113603
169926,4,160727
169931,1,137189
169934,1,137192
169935,1,137193
169936,1,137194
169937,1,137195
169938,1,137196
169939,1,137197
169940,1,146418
169947,1,122566
170027,4,58537
170028,4,58538
170042,0,12770
170043,0,12771
170044,0,12772
170045,0,12773
170046,0,12774
170077,1,93821
170078,1,93822
170079,1,93823
170082,0,93826
170083,0,93827
170084,0,93828
170123,4,119382
170140,1,95032
170151,4,82796
170203,0,35291
170238,1,3217
170261,1,57694
170266,4,16021
170297,4,106235
170298,4,106236
170317,0,147358
170421,4,157695
170458,0,113488
170460,0,113490
170461,1,113491
170462,1,113492
170463,1,113493
170464,1,113494
170465,1,113495
170466,0,113496
170467,0,113497
170469,0,113499
170484,4,138072
170491,1,77526
170494,1,77529
170495,1,77530
170506,4,73907
170518,0,109425
170521,1,150557
170528,0,99980
170529,0,99981
170530,0,99982
170531,0,99983
170532,0,99984
170533,0,99985
170534,0,99986
170535,0,99987
170536,0,99988
170537,0,99989
170538,0,99990
170539,0,99991
170545,4,119763
170547,0,119765
170555,1,155401
170581,4,47204
170593,1,177365
170606,4,47897
170610,2,47901
170666,1,83208
170733,1,66911
170737,0,66915
170738,0,66916
170739,0,66917
170740,0,66918
170741,0,66919
170742,0,66920
170743,0,66921
170766,0,169667
170776,0,165116
170840,4,12020
170844,4,101466
170857,4,52539
170871,1,126188
170891,1,36691
170960,0,32202
170981,4,22365
171019,2,140149
171021,4,87233
171030,0,3978
171075,1,122390
171084,4,119787
171142,1,23669
171147,0,23674
171148,2,23675
171149,2,23676
171150,2,23677
171151,2,23678
171152,2,23679
171153,2,23680
171154,2,23681
171195,0,13887
171197,0,13888
171204,4,31485
171208,1,27566
171216,0,13475
171249,4,100560
171255,4,59123
171261,4,31140
171264,1,90661
171268,1,95948
171273,4,156172
171284,4,90845
171300,4,92770
171325,4,169431
171326,4,160256
171348,4,128712
171366,1,71490
171396,4,91250
171403,4,80455
171418,1,9516
171431,4,76149
171459,4,83176
171491,0,127150
171492,2,127151
171493,2,127152
171494,2,127153
171495,2,127154
171496,2,127155
171523,1,103207
171525,5,106725
171543,1,19773
171561,4,52293
171568,1,173407
171618,1,97609
171636,0,108678
171637,0,108679
171641,4,144422
171670,4,90823
171674,4,155273
171675,4,155274
171697,0,67073
171702,1,52639
171727,0,170056
171776,1,44238
171812,1,67705
171815,1,67708
171821,0,67714
171822,0,67715
171823,0,67716
171832,2,155807
171841,4,138411
171845,2,141090
171850,4,57587
171865,1,173566
171869,4,65274
171870,4,65273
171894,1,29186
171930,4,65707
171939,1,112720
171993,1,72314
172007,1,133407
172019,1,32499
172020,1,32500
172021,1,32501
172053,4,120169
172054,4,120170
172071,1,89115
172078,4,156012
172084,2,9538
172109,1,42605
172110,1,42606
172111,1,42607
172112,2,42608
172131,1,48969
172138,0,48976
172142,1,170458
172154,1,123638
172155,1,123639
172156,1,123640
172157,1,123641
172173,1,40329
172177,1,143755
172179,1,143757
172180,1,143758
172187,2,56060
172209,4,64532
172210,4,64533
172244,1,150297
172246,1,150299
172256,1,82314
172283,2,121807
172352,4,49595
172354,4,32730
172356,4,148748
172379,4,88780
172404,4,6644
172411,4,130573
172414,0,170213
172415,0,170214
172416,4,58044
172450,1,25452
172467,2,44590
172470,4,130279
172524,2,168902
172539,4,9548
172545,0,92847
172546,0,92848
172547,0,92849
172561,4,143960
172569,4,184178
172573,4,160459
172580,4,71576
172619,0,112102
172625,1,146904
172627,1,182635
172638,4,157521
172648,4,143475
172662,4,48568
172663,4,48569
172672,4,31568
172684,4,26520
172699,4,22180
172701,2,112402
172739,4,93933
172744,1,5962
172745,1,5963
172747,1,5965
172748,1,5966
172749,1,5967
172750,1,5968
172751,1,5969
172752,1,5970
172753,2,5971
172754,2,5972
172755,2,5973
172765,4,3706
172766,4,3707
172793,4,109173
172808,4,58692
172814,4,19935
172851,2,134957
172890,1,58806
172897,4,40615
172908,1,37890
172913,1,80103
172920,1,78107
172960,4,77587
172968,4,80513
172971,4,142056
173014,1,53558
173041,1,119791
173042,1,119792
173043,1,119793
173101,4,54888
173145,4,80204
173204,4,172862
173215,1,40544
173224,0,40553
173225,0,40554
173226,0,40555
173227,0,40556
173228,0,40557
173229,0,40558
173243,0,175834
173244,0,175835
173245,0,175836
173246,1,175837
173247,1,175838
173248,1,175839
173249,1,175840
173250,1,175841
173251,1,175842
173252,1,175843
173253,0,175844
173256,2,40676
173269,1,39393
173276,1,136262
173322,4,90888
173426,4,84134
173452,4,166366
174898,0,145262
174899,0,145263
174900,0,145264
174901,1,145265
174902,2,145266
174910,1,184859
174926,2,53989
174934,4,118930
174984,4,82881
175003,4,39407
175004,1,66494
175026,1,67855
175041,4,87806
175044,4,30285
175048,1,160569
175058,4,51703
175069,2,181319
175070,2,181320
175092,1,44045
175127,0,179863
175128,0,179864
175144,0,103509
175145,0,103510
175146,0,103511
175147,0,103512
175148,0,103513
175149,1,103514
175150,1,103515
175151,1,103516
175208,4,115252
175214,1,29325
175220,0,22763
175221,1,136728
175222,0,136729
175223,0,136730
175249,4,150710
175277,4,47135
175284,4,13868
175285,0,142986
175286,0,142987
175287,0,142988
175288,0,142989
175289,0,142990
175290,0,142991
175291,0,142992
175292,0,142993
175293,0,142994
175302,1,51313
175316,2,55724
175326,1,28052
175394,2,169249
175403,4,137827
175411,4,83466
175412,4,83465
175413,4,83467
175452,1,117346
175454,4,68380
175490,1,49967
175497,1,112219
175508,2,111609
175509,0,111610
175512,1,101334
175526,1,92608
175529,1,116973
175545,1,154897
175590,4,140953
175593,1,115237
175595,4,36643
175600,4,145958
175610,4,80207
175644,1,183597
175650,4,41832
175672,4,115667
175673,1,147948
175812,0,69382
175816,1,64211
175817,2,64212
175864,1,67168
175939,1,62732
175945,0,67735
175973,0,96658
175974,0,96659
175975,0,96660
175976,0,96661
176010,1,32262
176024,2,17741
176039,1,2621
176078,1,808
176092,4,160922
176096,1,136342
176102,1,112784
176103,2,112785
176104,1,112786
176105,1,112787
176106,2,112788
176107,2,112789
176112,2,103722
176121,1,97800
176129,1,64804
176134,4,124926
173467,0,22821
173468,0,22822
173469,0,22823
173470,0,22824
173492,0,152536
173524,4,175999
173548,1,123993
173607,1,2465
173608,1,2466
173609,1,2467
173610,1,2468
173614,0,2472
173615,0,2473
173622,0,51930
173646,1,60998
173656,4,58090
173659,1,67568
173669,1,10004
173673,1,167408
173680,1,90110
173688,4,151615
173690,4,30810
173700,2,152841
173705,1,43704
173707,1,43706
173727,1,122694
173751,2,6915
173765,1,161932
173771,1,174422
173773,1,136547
173786,1,133929
173842,0,100029
173843,0,100030
173844,0,100031
173845,0,100032
173846,0,100033
173848,4,17681
173868,1,83120
173874,1,98273
173875,0,162242
173879,2,103747
173881,4,129417
173883,4,53103
173886,4,53861
173913,1,104461
173949,4,42767
174008,4,905
174020,4,63578
174043,1,45936
174073,1,30985
174096,1,83227
174127,0,130013
174128,0,130014
174129,0,130015
174130,0,130016
174131,0,130017
174132,1,130018
174133,1,130019
174134,2,130020
174135,2,130021
174210,1,102533
174211,1,39767
174247,4,174486
174269,1,100903
174320,4,41056
174336,4,139986
174339,4,137910
174373,4,182314
174384,4,2227
174390,1,26276
174394,1,80551
174400,4,50246
174401,4,50247
174408,0,172236
174508,4,174417
174588,0,34854
174590,0,34855
174593,0,128332
174624,4,35327
174672,1,49246
174675,1,82603
174698,4,65492
174705,5,56604
174712,4,153334
174716,1,175460
174720,0,9105
174723,4,124267
174738,4,125281
174739,1,62103
174792,0,91974
174807,0,178279
174819,1,1724
174854,2,92521
174891,0,145255
174892,0,145256
174893,0,145257
174894,0,145258
174895,0,145259
174896,0,145260
174897,0,145261
176149,4,118856
176186,4,12901
176226,1,48764
176255,4,49661
176298,1,179431
176309,4,84562
176318,1,98483
176340,1,112323
176341,1,112324
176342,1,112325
176398,4,15561
176424,4,139122
176463,1,162758
176530,1,55242
176531,1,55243
176532,1,55244
176543,1,50895
176556,4,92293
176571,1,85957
176578,0,181998
176582,1,169117
176618,1,4271
176635,4,49897
176665,4,178272
176692,4,25468
176696,0,124519
176704,4,96354
176706,0,96356
176788,4,157384
176790,0,157386
176831,5,163936
176832,5,163937
176837,1,74690
176840,4,168582
176865,1,50994
176866,1,50995
176867,1,50996
176868,1,50997
176869,1,50998
176870,2,50999
176871,2,51000
176872,0,51001
176914,1,163428
176916,1,141835
176932,4,122079
176933,0,122080
176934,0,122081
176935,1,63874
176957,1,54335
176990,4,152009
176991,0,152010
177008,1,141105
177011,4,52590
177020,4,93063
177026,1,77556
177035,4,125421
177055,4,108143
177065,1,169940
177082,4,142966
177098,5,8091
177120,0,41582
177134,1,19463
177159,0,1846
177160,1,69097
177171,0,48859
177206,5,70580
177217,4,46995
177218,4,46996
177219,4,46998
177222,1,114677
177246,1,35751
177250,0,80233
177251,0,80234
177267,0,157664
177283,4,102382
177330,4,12994
177331,4,12995
177365,1,174727
177374,0,3339
177382,0,123061
177390,1,65848
177417,4,37507
177497,4,120205
177506,4,184848
177537,0,149731
177551,0,150486
177583,4,72376
177616,4,172200
177621,4,153271
177630,4,35645
177654,1,178948
177683,1,113855
177714,0,31849
177815,1,129107
177819,4,157278
177832,0,153265
177856,0,39842
177874,4,8488
177886,1,13801
177892,4,84816
177893,4,77243
177962,1,106618
178007,1,81170
178056,1,21213
178063,1,109309
178116,1,53259
178155,4,61054
178171,4,157015
178180,0,8806
178181,0,8807
178182,0,8808
178183,0,8809
178184,0,8810
178230,0,73273
178231,0,73274
178281,4,95099
178289,1,150289
178290,1,150290
178291,1,150291
178292,1,150292
178359,1,57118
178390,1,53157
178407,1,72866
178409,1,4453
178445,1,39060
178573,0,108423
178620,4,145140
178661,1,45656
178668,0,149543
178669,0,149544
178670,0,149545
178771,1,21982
178773,0,21984
178777,1,67969
178779,0,19431
178795,1,65394
178806,4,36907
178817,4,135134
178837,4,177437
178848,4,123601
178863,1,109895
178890,1,38259
178898,4,85984
178903,1,100169
178907,0,100174
178908,0,100175
178909,0,100176
178910,0,100177
178917,1,62416
178920,1,29480
178931,0,175728
178932,0,175729
178968,1,117062
179037,4,18628
179073,1,109219
179120,1,60589
179137,1,104071
179153,4,114595
179179,4,50097
179181,4,64615
179190,4,164409
179193,1,19795
179234,4,115391
179247,1,5550
179250,1,140829
179251,1,140830
179257,4,156455
179275,2,97999
179302,1,7054
179334,1,181369
179349,4,91852
179361,1,61237
179366,2,181609
179382,4,82612
179386,4,48576
179427,1,74299
179446,4,143199
179471,1,150569
179498,1,30170
179500,1,127198
179518,1,14030
179523,2,154376
179552,1,185378
179553,1,185379
179595,0,146190
179596,0,146191
179643,5,96405
179644,1,35947
179675,4,166529
179677,4,144777
179681,1,61518
179706,2,61457
179718,4,115574
179719,4,137400
179723,4,171627
179783,4,108875
179829,1,134850
179838,2,154644
179839,4,154645
179840,4,154646
179841,4,154647
179883,4,135800
179930,4,21765
179935,1,161624
179966,1,42564
179983,2,57106
179989,4,115994
180001,4,183903
180016,1,118481
180029,2,122526
180046,0,90835
180047,0,90836
180048,0,90837
180049,0,90838
180050,0,90839
180051,0,90840
180052,0,90841
180064,1,183436
180113,1,44489
180117,0,116770
180118,0,135429
180144,1,22842
180155,4,19816
180187,4,57518
180209,4,154863
180221,0,60694
180241,1,95560
180264,0,60138
180265,0,60139
180299,0,147523
180322,1,163076
180346,1,148018
180347,4,12094
180361,1,169056
180372,1,1662
180396,4,125568
180417,0,106043
180418,0,106044
180419,0,106045
180420,1,106046
180421,1,106047
180596,1,165473
180649,4,80613
180671,1,171621
180703,1,124765
180710,1,97240
180777,1,153436
180782,4,65700
180799,4,155777
180819,1,181487
180840,0,45965
180869,0,5830
180884,0,157858
180896,0,127259
180901,4,80822
180914,4,176367
180925,0,28265
180931,4,122312
180942,4,60777
180951,0,93527
180961,1,73141
180968,1,138987
180975,0,88298
180993,1,94835
180996,1,87867
181001,1,125564
181002,1,125565
181011,1,159467
181062,1,164673
181063,1,164674
181074,1,152016
181079,4,135665
181103,4,5329
181105,0,128492
181134,1,104905
181142,2,180703
181150,4,160140
181151,4,160141
181223,1,126375
181228,1,126966
181229,1,126967
181281,4,179938
181286,2,70911
181299,1,12669
181330,0,142556
181331,0,142557
181332,0,142558
181333,2,142559
181372,1,114774
181427,1,47891
181438,1,75352
181446,1,142738
181450,0,69109
181479,1,18805
181548,1,72097
181557,2,132375
181560,0,147998
181561,0,147999
181590,2,138086
181632,0,97508
181633,0,97509
181635,1,97510
181636,0,97512
181637,1,97513
181638,1,97514
181639,1,33678
181709,4,81951
181722,1,15934
181739,4,95456
181762,4,95535
181771,4,71960
181795,1,49600
181796,1,49601
181797,1,49602
181835,1,180383
181899,1,150904
181907,1,74952
181934,1,52386
181947,1,59572
181985,0,167565
182018,0,102637
182020,1,28210
182078,1,152363
182181,1,168081
182208,4,150141
182235,4,156025
182263,4,16097
182273,1,173829
182289,1,86097
182305,0,22757
182313,1,24104
182314,1,128339
182320,0,144306
182354,1,158599
182356,1,80776
182357,5,80777
182362,4,71200
182373,4,80800
182384,5,60649
182387,1,87098
182392,1,102902
182421,1,27532
182434,1,14976
182474,0,151478
182540,1,94494
182542,0,94496
182548,4,86692
182582,4,148385
182584,1,85513
182603,1,47261
182665,1,143342
182683,0,51956
182686,5,127221
182698,2,65837
182719,5,50826
182724,1,39178
182743,1,5829
182755,1,10968
182808,4,35138
182876,4,90220
182879,1,10214
182900,0,121473
182901,1,121474
182915,4,46780
182951,4,32956
182952,4,32957
182966,4,25338
182982,5,134614
182986,1,26458
183008,4,163598
183022,1,83076
183028,4,75412
183047,4,27284
183061,0,122498
183067,4,118796
183075,0,79344
183084,0,174604
183085,0,174605
183086,0,174606
183194,1,106104
183200,4,30358
183207,0,88025
183208,0,88026
183209,0,88027
183229,0,12598
183341,1,12507
183342,1,166745
183409,5,175154
183433,1,172693
183464,1,150689
183496,0,42839
183509,1,147935
183630,0,3280
183636,0,152148
183647,1,30234
183662,1,118877
183734,0,11108
183758,1,97811
183760,1,97813
183796,1,69762
185486,1,164183
185498,1,120841
185567,0,85724
185575,4,164902
185585,4,53050
185600,4,63672
185627,2,2489
185646,5,181032
185664,1,150933
185675,1,110182
185678,2,138142
185680,0,2447
185695,1,159035
185699,2,58729
185701,5,101832
185733,4,185079
183815,1,4069
183852,4,175390
183856,1,39279
183868,4,44233
183872,4,74461
183892,4,120021
183894,1,141809
183899,5,53227
183902,4,101834
183909,4,28529
183933,0,164807
183934,0,164808
183938,1,144631
183949,2,175980
183967,1,16677
183994,4,75779
184004,4,62837
184018,5,170895
184026,0,150915
184048,4,111503
184049,4,111504
184104,1,31822
184112,5,92004
184113,5,92005
184121,1,178960
184122,1,178961
184130,0,28173
184140,4,181759
184144,4,96915
184183,1,22677
184194,4,152823
184208,1,112646
184210,4,13248
184216,2,98883
184247,1,66065
184248,1,66066
184249,1,58266
184254,4,178497
184278,1,154005
184300,2,172940
184323,4,109357
184330,2,65635
184333,2,158004
184342,0,145981
184361,4,174031
184377,1,42895
184388,0,49240
184424,1,139807
184458,0,180639
184490,1,66452
184511,1,171154
184531,4,71334
184535,2,75466
184555,0,21321
184572,0,3557
184573,0,3558
184605,0,32839
184617,4,159258
184618,5,129476
184619,4,129477
184622,4,79369
184631,4,100475
184641,0,184842
184653,4,36232
184657,1,179962
184676,1,53397
184690,4,137597
184709,1,170028
184718,4,130568
184777,1,46994
184794,4,173703
184809,1,148390
184819,4,183713
184823,1,179805
184835,1,79911
184847,1,128479
184848,0,152950
184861,0,108467
184862,0,108468
184873,1,17283
184890,4,2854
184939,2,173639
184957,2,35115
185098,1,75847
185117,1,59035
185138,1,131327
185185,2,117384
185193,4,151024
185197,2,60635
185211,4,131680
185215,4,98612
185217,1,72723
185273,1,44102
185278,1,29638
185301,2,52562
185311,1,41534
185391,4,109388
185399,1,34005
185413,1,39332
185462,1,23396
