,id,new_classification
0,5,4
1,15,4
2,72,0
3,78,3
4,86,1
5,88,1
6,187,1
7,202,4
8,217,1
9,219,1
10,220,1
11,222,1
12,223,1
13,232,1
14,233,1
15,234,1
16,235,1
17,251,1
18,291,0
19,322,0
20,323,0
21,324,0
22,325,0
23,326,0
24,327,0
25,328,0
26,329,0
27,330,0
28,331,0
29,332,0
30,333,0
31,334,0
32,335,0
33,336,0
34,337,0
35,338,0
36,339,0
37,340,0
38,341,0
39,342,0
40,343,0
41,344,0
42,345,0
43,346,0
44,347,0
45,348,0
46,349,0
47,350,0
48,351,0
49,352,0
50,353,0
51,354,0
52,355,0
53,356,0
54,357,0
55,358,0
56,359,0
57,391,0
58,392,0
59,393,0
60,394,0
61,395,0
62,396,0
63,397,0
64,398,0
65,399,0
66,400,0
67,401,0
68,402,0
69,403,0
70,404,0
71,405,0
72,406,0
73,407,0
74,408,0
75,409,0
76,410,0
77,411,0
78,412,0
79,413,0
80,414,0
81,415,0
82,416,0
83,417,0
84,418,0
85,419,0
86,420,0
87,421,0
88,422,0
89,423,0
90,424,0
91,425,0
92,426,0
93,427,0
94,428,0
95,429,0
96,430,0
97,431,4
98,432,0
99,433,0
100,434,0
101,435,0
102,436,0
103,451,4
104,452,4
105,485,2
106,486,2
107,487,2
108,488,2
109,489,2
110,490,2
111,491,2
112,492,2
113,493,2
114,494,2
115,495,2
116,496,2
117,497,2
118,498,2
119,518,0
120,519,2
121,525,0
122,529,0
123,530,0
124,531,0
125,532,4
126,533,4
127,534,4
128,535,4
129,536,4
130,537,0
131,538,0
132,539,0
133,540,4
134,541,4
135,542,4
136,543,4
137,544,4
138,545,4
139,546,0
140,547,0
141,548,0
142,549,0
143,550,0
144,551,0
145,552,0
146,553,4
147,554,4
148,555,4
149,558,4
150,559,4
151,561,4
152,563,4
153,564,4
154,568,0
155,569,0
156,570,0
157,571,0
158,572,0
159,573,0
160,665,2
161,666,0
162,667,0
163,668,0
164,669,0
165,670,0
166,671,0
167,672,0
168,673,0
169,678,0
170,690,0
171,697,0
172,698,0
173,699,0
174,700,0
175,701,0
176,702,0
177,703,0
178,704,0
179,705,0
180,744,2
181,745,2
182,746,2
183,747,2
184,756,0
185,771,4
186,872,0
187,873,4
188,895,0
189,896,0
190,910,0
191,911,0
192,940,4
193,941,4
194,942,4
195,951,4
196,952,0
197,953,0
198,954,4
199,955,4
0,957,4
1,980,0
2,984,4
3,992,1
4,993,1
5,995,1
6,1019,0
7,1074,0
8,1075,0
9,1076,0
10,1077,0
11,1078,0
12,1079,0
13,1080,0
14,1081,0
15,1082,0
16,1083,0
17,1084,0
18,1085,0
19,1086,0
20,1087,0
21,1088,0
22,1089,0
23,1090,0
24,1091,2
25,1137,0
26,1138,0
27,1139,0
28,1140,0
29,1141,0
30,1142,0
31,1143,0
32,1144,0
33,1145,0
34,1146,0
35,1147,0
36,1148,0
37,1149,2
38,1150,4
39,1151,4
40,1175,4
41,1190,4
42,1230,1
43,1231,1
44,1254,0
45,1305,0
46,1306,0
47,1307,0
48,1308,0
49,1309,0
50,1310,0
51,1311,0
52,1312,0
53,1313,0
54,1314,0
55,1315,0
56,1316,0
57,1317,0
58,1318,0
59,1319,0
60,1320,0
61,1321,0
62,1322,0
63,1323,0
64,1325,0
65,1332,4
66,1356,1
67,1357,2
68,1358,1
69,1359,1
70,1360,1
71,1372,4
72,1386,0
73,1433,4
74,1472,0
75,1473,0
76,1476,0
77,1477,0
78,1478,0
79,1479,0
80,1483,0
81,1489,4
82,1507,0
83,1508,0
84,1541,1
85,1542,1
86,1553,4
87,1554,4
88,1555,4
89,1556,4
90,1557,4
91,1558,4
92,1559,4
93,1560,4
94,1561,4
95,1562,4
96,1593,0
97,1596,0
98,1597,0
99,1598,0
100,1599,0
101,1600,0
102,1601,0
103,1633,4
104,1655,4
105,1707,0
106,1711,4
107,1741,0
108,1742,0
109,1743,0
110,1761,0
111,1762,0
112,1763,0
113,1764,0
114,1766,0
115,1767,0
116,1768,0
117,1769,0
118,1770,0
119,1771,0
120,1772,0
121,1773,0
122,1774,0
123,1775,0
124,1776,0
125,1777,0
126,1778,0
127,1779,0
128,1780,0
129,1781,0
130,1782,0
131,1783,0
132,1784,0
133,1785,0
134,1786,0
135,1787,0
136,1788,0
137,1789,0
138,1790,0
139,1791,0
140,1792,0
141,1793,0
142,1794,0
143,1795,0
144,1796,0
145,1797,0
146,1798,0
147,1799,0
148,1800,0
149,1802,4
150,1840,0
151,1889,0
152,1905,0
153,1906,0
154,1908,0
155,1909,0
156,1910,0
157,1911,0
158,1912,0
159,1940,1
160,1941,1
161,1942,1
162,1943,1
163,1944,1
164,1961,2
165,1962,2
166,1963,2
167,1964,2
168,1965,2
169,1966,2
170,1967,2
171,1972,0
172,1973,0
173,1974,0
174,1975,0
175,1976,0
176,1977,0
177,1979,0
178,1980,0
179,1981,0
180,1982,0
181,1983,0
182,1984,0
183,1985,2
184,1994,2
185,2017,0
186,2018,2
187,2030,4
188,2032,0
189,2066,5
190,2067,5
191,2068,5
192,2121,0
193,2130,4
194,2162,5
195,2207,1
196,2208,1
197,2209,1
198,2210,1
199,2211,1
0,2949,0
1,2950,0
2,2965,4
3,2980,4
4,2991,4
5,2994,4
6,2995,4
7,3012,0
8,3020,0
9,3083,2
10,3133,1
11,3172,0
12,3181,4
13,3196,0
14,3198,0
15,3199,0
16,3200,0
17,3205,0
18,3212,0
19,3216,1
20,3223,0
21,3227,4
22,3229,4
23,3259,0
24,3260,0
25,3261,0
26,3262,0
27,3263,0
28,3264,0
29,3265,0
30,3266,0
31,3267,0
32,3268,0
33,3277,0
34,3278,0
35,3324,0
36,3325,0
37,3327,0
38,3328,0
39,3355,4
40,3378,4
41,3417,5
42,3420,1
43,3424,1
44,3428,4
45,3441,1
46,3444,4
47,3510,5
48,3516,1
49,3533,0
50,3576,4
51,3583,4
52,3656,0
53,3657,0
54,3658,0
55,3659,0
56,3660,0
57,3661,0
58,3662,0
59,3663,0
60,3664,0
61,3665,0
62,3666,0
63,3667,0
64,3668,0
65,3669,0
66,3670,0
67,3671,0
68,3673,0
69,3676,0
70,3677,1
71,3681,4
72,3690,2
73,3754,0
74,3761,4
75,3832,2
76,3876,1
77,3877,1
78,3878,1
79,3897,0
80,3907,1
81,3908,1
82,3936,1
83,3948,2
84,3955,4
85,3960,4
86,3961,4
87,3988,4
88,4007,4
89,4009,0
90,4011,0
91,4048,0
92,4049,0
93,4050,0
94,4051,0
95,4052,0
96,4053,0
97,4054,0
98,4055,0
99,4056,0
100,2212,1
101,2213,1
102,2214,1
103,2215,1
104,2216,1
105,2217,1
106,2218,1
107,2219,1
108,2244,1
109,2274,4
110,2275,0
111,2280,4
112,2281,4
113,2283,4
114,2284,4
115,2311,1
116,2327,1
117,2336,4
118,2338,4
119,2340,4
120,2344,4
121,2345,4
122,2352,0
123,2359,0
124,2360,0
125,2361,4
126,2362,4
127,2363,4
128,2468,0
129,2517,0
130,2519,0
131,2584,4
132,2585,4
133,2586,4
134,2588,0
135,2589,0
136,2593,2
137,2595,2
138,2596,0
139,2633,2
140,2651,0
141,2681,1
142,2682,1
143,2683,1
144,2722,4
145,2723,4
146,2724,1
147,2780,4
148,2787,4
149,2793,4
150,2802,4
151,2812,1
152,2818,0
153,2821,4
154,2853,4
155,2854,0
156,2879,0
157,2880,0
158,2887,0
159,2888,0
160,2889,0
161,2890,0
162,2891,0
163,2892,0
164,2893,0
165,2894,0
166,2895,0
167,2896,0
168,2897,0
169,2898,0
170,2899,0
171,2900,0
172,2901,0
173,2902,0
174,2903,0
175,2904,0
176,2925,2
177,2926,2
178,2927,1
179,2928,1
180,2929,1
181,2930,1
182,2931,2
183,2932,2
184,2933,2
185,2934,2
186,2935,2
187,2936,2
188,2937,2
189,2938,2
190,2939,2
191,2940,2
192,2941,0
193,2942,0
194,2943,0
195,2944,0
196,2945,0
197,2946,0
198,2947,0
199,2948,1
0,4057,0
1,4058,0
2,4059,0
3,4060,0
4,4061,0
5,4062,0
6,4063,0
7,4064,0
8,4065,0
9,4074,4
10,4077,4
11,4128,0
12,4129,0
13,4130,0
14,4131,2
15,4132,0
16,4133,0
17,4134,0
18,4135,0
19,4138,1
20,4142,0
21,4146,0
22,4147,0
23,4148,0
24,4149,0
25,4155,0
26,4156,0
27,4157,0
28,4173,4
29,4192,0
30,4196,1
31,4271,1
32,4273,1
33,4274,1
34,4283,0
35,4284,0
36,4285,0
37,4286,0
38,4287,0
39,4288,0
40,4289,4
41,4300,1
42,4307,1
43,4311,1
44,4325,0
45,4333,0
46,4334,0
47,4336,0
48,4337,0
49,4338,0
50,4339,0
51,4340,0
52,4345,0
53,4349,0
54,4361,0
55,4362,0
56,4363,0
57,4364,0
58,4367,0
59,4368,0
60,4369,0
61,4370,0
62,4371,0
63,4372,0
64,4373,0
65,4374,0
66,4375,0
67,4376,0
68,4377,0
69,4378,0
70,4379,0
71,4380,0
72,4381,0
73,4382,0
74,4383,0
75,4384,0
76,4385,0
77,4386,0
78,4387,0
79,4388,0
80,4389,0
81,4390,0
82,4391,0
83,4392,0
84,4393,0
85,4401,4
86,4426,0
87,4439,4
88,4490,1
89,4495,4
90,4496,1
91,4512,1
92,4513,1
93,4528,0
94,4550,0
95,4551,0
96,4597,4
97,4610,4
98,4644,0
99,4645,1
100,4690,0
101,4691,0
102,4692,0
103,4693,0
104,4694,0
105,4695,0
106,4696,0
107,4697,0
108,4698,1
109,4699,1
110,4700,1
111,4716,2
112,4717,2
113,4718,2
114,4719,2
115,4720,2
116,4721,0
117,4722,0
118,4723,0
119,4724,0
120,4757,1
121,4764,0
122,4775,1
123,4783,1
124,4784,1
125,4785,0
126,4787,0
127,4788,0
128,4790,0
129,4791,1
130,4792,1
131,4811,2
132,4812,0
133,4813,0
134,4814,0
135,4815,4
136,4817,4
137,4818,4
138,4825,4
139,4897,0
140,4905,4
141,4908,1
142,4922,4
143,4923,4
144,4945,0
145,4946,0
146,4947,0
147,4949,0
148,4951,0
149,4963,0
150,4964,0
151,4975,4
152,4977,4
153,4987,0
154,5021,2
155,5049,1
156,5093,1
157,5109,4
158,5123,2
159,5184,1
160,5185,0
161,5235,0
162,5251,1
163,5267,0
164,5284,0
165,5292,0
166,5333,4
167,5340,1
168,5398,0
169,5399,0
170,5400,0
171,5401,0
172,5482,4
173,5543,4
174,5550,0
175,5554,0
176,5556,0
177,5560,0
178,5585,0
179,5605,0
180,5648,0
181,5649,0
182,5650,0
183,5651,0
184,5665,0
185,5832,0
186,5853,1
187,5862,0
188,5863,0
189,5887,2
190,5936,0
191,5937,1
192,5938,1
193,5942,4
194,5956,4
195,5958,4
196,5971,0
197,5972,0
198,5973,0
199,5996,2
0,6528,4
1,6529,4
2,6543,0
3,6544,0
4,6545,0
5,6546,0
6,6547,0
7,6557,1
8,6579,0
9,6580,0
10,6581,0
11,6582,0
12,6583,0
13,6584,0
14,6585,0
15,6586,0
16,6587,0
17,6588,0
18,6589,0
19,6590,0
20,6591,0
21,6596,0
22,6617,4
23,6623,1
24,6624,1
25,6625,1
26,6626,1
27,6627,1
28,6628,1
29,6673,0
30,6674,0
31,6675,0
32,6688,4
33,6693,4
34,6720,4
35,6748,0
36,6749,0
37,6750,0
38,6751,0
39,6752,0
40,6753,0
41,6754,1
42,6755,1
43,6756,1
44,6757,1
45,6761,0
46,6766,1
47,6772,4
48,6774,4
49,6806,1
50,6813,4
51,6845,1
52,6880,0
53,6881,0
54,6882,0
55,6883,0
56,6884,0
57,6885,0
58,6886,0
59,6887,0
60,6888,0
61,6889,0
62,6890,0
63,6891,0
64,6892,0
65,6893,0
66,6894,0
67,6895,0
68,6896,0
69,6897,0
70,6898,0
71,6899,0
72,6900,0
73,6901,0
74,6902,0
75,6903,0
76,6904,0
77,6905,2
78,6906,2
79,6907,2
80,6908,2
81,6909,2
82,6910,2
83,6911,2
84,6912,2
85,6913,2
86,6914,2
87,6915,2
88,6916,0
89,6917,0
90,6918,0
91,6919,0
92,6920,0
93,6921,0
94,6922,0
95,6923,0
96,6924,0
97,6925,0
98,6926,0
99,6927,0
100,5997,2
101,6000,0
102,6001,0
103,6002,0
104,6003,0
105,6004,0
106,6005,0
107,6006,0
108,6007,0
109,6015,0
110,6030,4
111,6043,4
112,6052,1
113,6054,0
114,6055,2
115,6067,2
116,6068,0
117,6069,0
118,6088,0
119,6089,0
120,6090,0
121,6091,0
122,6092,0
123,6093,0
124,6094,0
125,6095,0
126,6096,0
127,6097,0
128,6098,0
129,6100,0
130,6101,0
131,6102,0
132,6103,0
133,6104,0
134,6106,0
135,6107,0
136,6108,0
137,6109,0
138,6110,0
139,6111,0
140,6112,0
141,6113,0
142,6114,0
143,6115,0
144,6116,0
145,6117,0
146,6118,0
147,6119,0
148,6120,0
149,6128,4
150,6134,0
151,6139,1
152,6180,0
153,6191,4
154,6192,4
155,6204,2
156,6210,0
157,6211,0
158,6212,0
159,6213,0
160,6214,0
161,6215,0
162,6216,0
163,6217,0
164,6218,0
165,6219,0
166,6220,0
167,6221,0
168,6222,0
169,6223,0
170,6224,0
171,6225,0
172,6226,0
173,6227,0
174,6228,0
175,6229,0
176,6230,0
177,6280,0
178,6289,1
179,6300,0
180,6301,0
181,6302,0
182,6303,0
183,6304,0
184,6325,0
185,6348,1
186,6355,1
187,6397,4
188,6399,2
189,6400,2
190,6406,4
191,6408,4
192,6459,4
193,6460,4
194,6464,1
195,6492,1
196,6493,1
197,6497,0
198,6514,2
199,6515,2
0,7624,2
1,7625,2
2,7626,2
3,7627,2
4,7628,0
5,7629,0
6,7630,0
7,7631,0
8,7632,0
9,7633,0
10,7634,0
11,7635,0
12,7637,1
13,7638,1
14,7644,2
15,7689,2
16,7690,4
17,7701,0
18,7711,0
19,7712,0
20,7725,4
21,7726,4
22,7729,0
23,7730,0
24,7731,0
25,7733,0
26,7735,5
27,7739,1
28,7769,0
29,7784,0
30,7785,0
31,7786,0
32,7787,0
33,7788,0
34,7789,0
35,7790,0
36,7791,0
37,7792,0
38,7793,0
39,7794,0
40,7795,0
41,7796,0
42,7797,0
43,7798,0
44,7803,4
45,7806,4
46,7810,2
47,7823,2
48,7828,1
49,7829,1
50,7860,4
51,7861,4
52,7862,4
53,7863,0
54,7864,0
55,7865,0
56,7866,0
57,7867,0
58,7868,0
59,7875,0
60,7876,0
61,7877,0
62,7878,0
63,7879,0
64,7880,0
65,7881,0
66,7885,1
67,7886,1
68,7887,1
69,7888,1
70,7963,1
71,7964,1
72,7966,1
73,7967,1
74,7978,4
75,7999,1
76,8008,4
77,8023,2
78,8024,0
79,8029,1
80,8033,1
81,8051,1
82,8052,1
83,8053,1
84,8061,1
85,8066,1
86,8068,1
87,8077,1
88,8086,4
89,8087,4
90,8088,1
91,8104,2
92,8105,2
93,8106,0
94,8107,0
95,8108,0
96,8109,0
97,8110,0
98,8111,0
99,8112,0
100,6928,0
101,6929,0
102,6930,0
103,6931,0
104,6932,0
105,6933,0
106,6934,0
107,6948,0
108,6971,0
109,7010,0
110,7011,0
111,7026,0
112,7052,0
113,7053,0
114,7054,0
115,7055,0
116,7056,0
117,7057,0
118,7058,0
119,7059,0
120,7060,0
121,7061,0
122,7062,0
123,7063,0
124,7064,0
125,7065,0
126,7066,1
127,7067,1
128,7075,0
129,7076,0
130,7077,0
131,7078,0
132,7079,0
133,7080,0
134,7081,0
135,7082,0
136,7083,0
137,7084,0
138,7085,0
139,7086,0
140,7087,2
141,7088,2
142,7089,2
143,7102,4
144,7131,0
145,7133,4
146,7150,0
147,7151,0
148,7152,0
149,7153,0
150,7154,0
151,7155,0
152,7156,0
153,7157,0
154,7158,0
155,7159,0
156,7162,0
157,7163,0
158,7164,0
159,7203,4
160,7232,4
161,7273,0
162,7274,0
163,7275,0
164,7276,4
165,7291,0
166,7397,0
167,7407,1
168,7408,0
169,7409,0
170,7411,0
171,7415,4
172,7416,4
173,7439,4
174,7440,4
175,7471,4
176,7492,0
177,7508,4
178,7509,0
179,7529,1
180,7537,4
181,7538,0
182,7539,0
183,7540,0
184,7541,0
185,7542,0
186,7543,0
187,7544,4
188,7545,0
189,7563,0
190,7564,0
191,7608,4
192,7613,1
193,7614,1
194,7618,2
195,7619,2
196,7620,2
197,7621,2
198,7622,2
199,7623,2
0,8456,0
1,8457,0
2,8458,0
3,8459,0
4,8464,0
5,8465,0
6,8466,0
7,8468,0
8,8469,0
9,8470,1
10,8471,0
11,8472,0
12,8473,0
13,8474,0
14,8475,0
15,8476,0
16,8477,0
17,8478,0
18,8479,0
19,8480,0
20,8481,0
21,8482,0
22,8496,4
23,8512,0
24,8513,0
25,8514,0
26,8515,0
27,8516,0
28,8517,0
29,8518,0
30,8519,1
31,8529,0
32,8530,0
33,8531,0
34,8532,0
35,8533,0
36,8534,0
37,8535,0
38,8536,0
39,8537,0
40,8538,0
41,8539,0
42,8540,0
43,8541,0
44,8548,2
45,8558,0
46,8559,0
47,8560,0
48,8561,0
49,8562,0
50,8563,0
51,8564,0
52,8565,0
53,8566,0
54,8567,0
55,8568,0
56,8569,0
57,8570,0
58,8571,0
59,8572,0
60,8573,0
61,8574,0
62,8575,0
63,8576,0
64,8577,0
65,8578,0
66,8579,0
67,8580,0
68,8581,0
69,8582,0
70,8583,0
71,8584,0
72,8585,0
73,8586,0
74,8587,0
75,8588,0
76,8589,0
77,8590,0
78,8591,0
79,8592,0
80,8593,0
81,8594,0
82,8595,0
83,8596,0
84,8597,0
85,8598,0
86,8599,0
87,8600,0
88,8628,1
89,8629,1
90,8630,1
91,8668,1
92,8669,1
93,8686,0
94,8687,0
95,8688,0
96,8689,0
97,8692,0
98,8693,0
99,8694,0
100,8113,0
101,8114,0
102,8115,0
103,8116,0
104,8117,0
105,8118,0
106,8148,0
107,8149,0
108,8150,0
109,8151,0
110,8152,0
111,8153,0
112,8154,2
113,8155,1
114,8156,1
115,8164,0
116,8193,4
117,8231,2
118,8232,2
119,8233,2
120,8234,2
121,8235,2
122,8236,2
123,8237,2
124,8238,0
125,8239,0
126,8240,0
127,8241,0
128,8242,0
129,8243,0
130,8244,0
131,8245,0
132,8246,0
133,8247,0
134,8248,0
135,8249,0
136,8250,0
137,8254,0
138,8270,2
139,8271,4
140,8272,0
141,8273,0
142,8274,0
143,8279,1
144,8298,0
145,8299,0
146,8300,0
147,8301,0
148,8302,0
149,8303,0
150,8304,0
151,8305,0
152,8306,0
153,8307,0
154,8308,0
155,8309,0
156,8310,0
157,8311,0
158,8312,0
159,8344,0
160,8345,0
161,8346,0
162,8347,0
163,8348,0
164,8349,0
165,8350,0
166,8363,0
167,8364,0
168,8365,0
169,8366,0
170,8367,0
171,8368,0
172,8369,0
173,8370,0
174,8371,0
175,8372,0
176,8373,1
177,8395,2
178,8401,4
179,8402,4
180,8405,4
181,8413,1
182,8425,4
183,8427,1
184,8440,0
185,8441,0
186,8442,0
187,8443,0
188,8444,0
189,8445,0
190,8446,0
191,8447,0
192,8448,0
193,8449,0
194,8450,0
195,8451,0
196,8452,0
197,8453,0
198,8454,0
199,8455,0
0,8695,0
1,8696,0
2,8697,0
3,8698,0
4,8699,0
5,8700,4
6,8719,1
7,8720,1
8,8721,1
9,8722,1
10,8723,1
11,8724,4
12,8727,1
13,8770,1
14,8862,0
15,8863,0
16,8864,0
17,8880,0
18,8881,0
19,8882,0
20,8928,1
21,8932,0
22,8933,0
23,8934,0
24,8935,0
25,8936,2
26,8937,1
27,8938,1
28,8939,1
29,8940,2
30,8941,2
31,8942,2
32,8943,2
33,8944,2
34,8945,2
35,8946,0
36,8947,0
37,8948,0
38,8949,0
39,8950,0
40,8951,0
41,8952,0
42,8953,0
43,8954,0
44,8955,2
45,8956,1
46,8963,0
47,8964,0
48,9010,4
49,9011,4
50,9033,1
51,9053,0
52,9054,0
53,9066,2
54,9067,2
55,9117,1
56,9124,1
57,9130,0
58,9131,0
59,9132,0
60,9135,0
61,9136,0
62,9177,0
63,9218,1
64,9219,1
65,9220,1
66,9221,1
67,9222,1
68,9223,1
69,9224,1
70,9225,1
71,9226,1
72,9227,1
73,9229,1
74,9259,1
75,9261,1
76,9262,1
77,9264,1
78,9265,1
79,9266,1
80,9267,1
81,9315,1
82,9357,1
83,9358,1
84,9371,0
85,9372,0
86,9373,0
87,9374,0
88,9386,4
89,9399,1
90,9405,1
91,9406,1
92,9447,1
93,9448,1
94,9449,1
95,9580,4
96,9642,4
97,9670,2
98,9684,2
99,9694,1
100,9705,0
101,9706,0
102,9707,0
103,9713,1
104,9720,0
105,9744,4
106,9749,0
107,9763,0
108,9800,0
109,9801,0
110,9802,0
111,9803,0
112,9804,0
113,9805,0
114,9808,0
115,9809,0
116,9810,0
117,9811,0
118,9812,0
119,9813,0
120,9814,0
121,9815,0
122,9816,0
123,9817,0
124,9818,0
125,9830,4
126,9831,4
127,9839,1
128,9856,4
129,9857,4
130,9860,4
131,9864,4
132,9887,4
133,9903,1
134,9904,1
135,9928,1
136,9952,1
137,9953,4
138,9954,4
139,9955,4
140,9956,4
141,9957,4
142,9958,4
143,9959,4
144,9981,0
145,9987,4
146,9988,0
147,9989,0
148,9994,1
149,9998,0
150,9999,0
151,10000,0
152,10001,0
153,10002,0
154,10003,0
155,10008,4
156,10027,1
157,10031,0
158,10032,0
159,10033,0
160,10034,0
161,10035,0
162,10036,0
163,10037,0
164,10038,0
165,10039,0
166,10040,0
167,10041,0
168,10042,0
169,10043,0
170,10044,0
171,10045,0
172,10101,0
173,10181,4
174,10197,4
175,10198,4
176,10199,4
177,10217,0
178,10218,1
179,10219,2
180,10220,0
181,10221,0
182,10222,0
183,10394,2
184,10395,2
185,10437,0
186,10443,0
187,10452,0
188,10551,4
189,10565,1
190,10566,1
191,10567,1
192,10597,4
193,10670,1
194,10681,4
195,10708,1
196,10709,1
197,10710,1
198,10711,1
199,10722,1
0,11849,0
1,11850,0
2,11851,0
3,11852,0
4,11853,0
5,11854,0
6,11855,0
7,11856,0
8,11857,0
9,11858,0
10,11859,0
11,11860,0
12,11861,0
13,11862,0
14,11863,0
15,11864,0
16,11865,0
17,11866,0
18,11867,0
19,11868,0
20,11869,0
21,11870,0
22,11871,0
23,11872,0
24,11873,0
25,11874,0
26,11875,0
27,11876,0
28,11877,0
29,11878,0
30,11879,0
31,11880,0
32,11881,0
33,11882,0
34,11883,0
35,11884,0
36,11885,0
37,11886,0
38,11887,0
39,11888,0
40,11889,0
41,11890,0
42,11891,0
43,11892,0
44,11893,0
45,11894,0
46,11895,0
47,11911,1
48,11924,1
49,11925,4
50,11927,4
51,11929,4
52,11971,1
53,11972,1
54,11980,4
55,11983,1
56,11992,4
57,11998,0
58,12044,4
59,12053,1
60,12054,1
61,12060,0
62,12079,1
63,12135,1
64,12137,1
65,12138,1
66,12139,1
67,12140,1
68,12146,4
69,12202,4
70,12260,4
71,12267,4
72,12280,4
73,12317,4
74,12364,0
75,12388,0
76,12389,0
77,12390,0
78,12391,0
79,12410,1
80,12415,0
81,12416,0
82,12417,0
83,12418,0
84,12419,0
85,12437,4
86,12440,0
87,12447,0
88,12453,4
89,12511,0
90,12523,1
91,12524,1
92,12525,1
93,12526,1
94,12527,1
95,12532,0
96,12533,0
97,12534,0
98,12536,2
99,12546,2
100,10723,1
101,10724,1
102,10739,0
103,10740,0
104,10741,0
105,10754,0
106,10759,0
107,10769,0
108,10812,1
109,10813,0
110,10814,0
111,10815,0
112,10845,0
113,10916,0
114,10927,4
115,10934,4
116,10941,0
117,10951,0
118,10952,0
119,10953,0
120,10954,0
121,10955,0
122,10974,2
123,10992,2
124,11002,4
125,11018,0
126,11037,0
127,11044,0
128,11045,0
129,11046,0
130,11065,0
131,11066,0
132,11067,0
133,11068,0
134,11069,0
135,11070,0
136,11071,0
137,11072,0
138,11073,0
139,11074,0
140,11075,0
141,11076,0
142,11077,0
143,11078,0
144,11093,0
145,11124,4
146,11137,4
147,11140,4
148,11144,4
149,11157,1
150,11158,1
151,11159,1
152,11167,1
153,11189,4
154,11196,1
155,11262,2
156,11277,1
157,11279,2
158,11291,4
159,11327,4
160,11371,1
161,11373,0
162,11381,4
163,11385,0
164,11386,0
165,11387,0
166,11388,0
167,11420,0
168,11421,0
169,11422,0
170,11433,0
171,11477,4
172,11478,4
173,11588,1
174,11602,0
175,11659,2
176,11686,1
177,11702,0
178,11703,0
179,11704,0
180,11709,4
181,11712,0
182,11713,0
183,11812,1
184,11813,1
185,11814,1
186,11815,1
187,11816,1
188,11817,1
189,11818,1
190,11819,1
191,11820,1
192,11821,1
193,11822,1
194,11843,0
195,11844,0
196,11845,0
197,11846,0
198,11847,0
199,11848,0
0,12547,2
1,12548,0
2,12549,0
3,12550,0
4,12551,0
5,12552,0
6,12553,0
7,12554,0
8,12555,0
9,12556,0
10,12557,0
11,12558,0
12,12559,0
13,12560,0
14,12561,0
15,12562,0
16,12563,0
17,12564,0
18,12575,0
19,12639,4
20,12686,4
21,12693,1
22,12725,4
23,12735,4
24,12759,4
25,12761,4
26,12812,0
27,12847,0
28,12848,0
29,12849,0
30,12850,1
31,12851,0
32,12853,0
33,12854,0
34,12855,0
35,12856,0
36,12857,0
37,12858,0
38,12859,0
39,12860,0
40,12894,4
41,12896,4
42,12902,4
43,12903,4
44,12926,4
45,12936,4
46,12947,1
47,12948,1
48,12949,1
49,12961,4
50,12962,4
51,13001,0
52,13017,4
53,13026,4
54,13037,4
55,13074,2
56,13075,2
57,13076,0
58,13077,0
59,13078,0
60,13079,0
61,13080,0
62,13081,0
63,13082,0
64,13083,0
65,13095,1
66,13113,2
67,13114,4
68,13152,0
69,13153,0
70,13154,0
71,13155,0
72,13167,1
73,13168,1
74,13169,1
75,13170,1
76,13171,1
77,13172,1
78,13209,4
79,13252,1
80,13283,2
81,13287,4
82,13295,0
83,13296,0
84,13297,0
85,13298,0
86,13299,0
87,13300,0
88,13301,0
89,13302,0
90,13303,0
91,13304,0
92,13305,0
93,13306,2
94,13333,0
95,13398,2
96,13399,2
97,13449,1
98,13450,1
99,13451,1
100,13452,1
101,13457,2
102,13458,0
103,13468,4
104,13504,0
105,13512,0
106,13514,0
107,13515,0
108,13516,0
109,13517,0
110,13518,0
111,13519,0
112,13520,0
113,13521,0
114,13522,0
115,13523,0
116,13524,0
117,13525,0
118,13526,0
119,13527,0
120,13528,0
121,13529,0
122,13536,1
123,13539,4
124,13546,0
125,13547,0
126,13548,0
127,13552,4
128,13553,0
129,13554,0
130,13555,0
131,13578,0
132,13579,0
133,13580,0
134,13581,0
135,13582,0
136,13583,0
137,13584,0
138,13585,0
139,13586,0
140,13587,0
141,13588,0
142,13589,0
143,13590,0
144,13591,0
145,13592,0
146,13593,0
147,13594,0
148,13595,0
149,13596,0
150,13597,0
151,13602,4
152,13603,4
153,13610,1
154,13673,4
155,13674,4
156,13684,4
157,13686,0
158,13687,0
159,13688,0
160,13689,0
161,13690,0
162,13691,0
163,13692,0
164,13693,0
165,13694,0
166,13695,0
167,13696,0
168,13697,0
169,13698,0
170,13699,0
171,13700,0
172,13701,0
173,13702,0
174,13703,0
175,13704,0
176,13706,0
177,13707,0
178,13708,0
179,13709,0
180,13710,0
181,13711,0
182,13712,0
183,13713,0
184,13714,0
185,13715,0
186,13716,0
187,13717,0
188,13718,0
189,13719,0
190,13720,0
191,13721,0
192,13722,0
193,13723,0
194,13724,0
195,13734,2
196,13790,0
197,13791,0
198,13792,0
199,13793,0
0,14612,4
1,14658,1
2,14673,4
3,14674,4
4,14675,4
5,14689,4
6,14693,1
7,14748,0
8,14749,0
9,14750,0
10,14751,0
11,14752,0
12,14753,0
13,14754,0
14,14755,0
15,14791,1
16,14792,1
17,14793,1
18,14794,1
19,14795,1
20,14809,0
21,14810,0
22,14811,0
23,14812,0
24,14825,4
25,14826,4
26,14827,4
27,14841,1
28,14874,0
29,14878,4
30,14880,4
31,14896,4
32,14897,4
33,14898,4
34,14899,4
35,14927,4
36,14963,4
37,15055,0
38,15056,2
39,15068,0
40,15069,0
41,15112,1
42,15134,0
43,15135,0
44,15136,0
45,15137,0
46,15138,0
47,15139,0
48,15140,0
49,15141,0
50,15142,0
51,15143,0
52,15144,0
53,15145,0
54,15146,0
55,15147,0
56,15148,0
57,15149,0
58,15150,0
59,15151,0
60,15152,0
61,15153,0
62,15154,0
63,15163,4
64,15164,2
65,15165,2
66,15166,4
67,15171,2
68,15172,2
69,15240,4
70,15350,4
71,15356,4
72,15357,4
73,15364,4
74,15365,4
75,15366,4
76,15367,4
77,15395,4
78,15396,4
79,15397,0
80,15424,4
81,15425,4
82,15426,4
83,15427,4
84,15436,1
85,15463,0
86,15464,0
87,15474,0
88,15481,4
89,15483,4
90,15498,0
91,15508,0
92,15509,0
93,15511,0
94,15512,0
95,15517,0
96,15518,0
97,15519,0
98,15525,4
99,15542,1
100,13794,0
101,13795,0
102,13798,4
103,13842,0
104,13851,4
105,13852,4
106,13858,4
107,13870,1
108,13871,1
109,13872,0
110,13873,0
111,13874,0
112,13875,0
113,13876,0
114,13877,0
115,13878,0
116,13879,0
117,13880,0
118,13881,0
119,13882,0
120,13883,0
121,13901,4
122,13924,4
123,13940,2
124,13941,2
125,13942,2
126,13943,0
127,13944,0
128,13945,0
129,13946,0
130,13974,1
131,13976,4
132,13991,0
133,13992,0
134,13993,0
135,14045,0
136,14046,0
137,14047,0
138,14048,0
139,14049,0
140,14050,0
141,14051,0
142,14052,0
143,14066,4
144,14068,0
145,14069,1
146,14074,0
147,14075,0
148,14076,0
149,14077,0
150,14078,0
151,14079,0
152,14080,0
153,14081,0
154,14082,0
155,14083,0
156,14101,4
157,14107,0
158,14124,1
159,14125,1
160,14126,1
161,14127,1
162,14128,1
163,14129,1
164,14161,4
165,14162,4
166,14166,0
167,14184,0
168,14191,1
169,14220,1
170,14257,4
171,14264,1
172,14266,0
173,14267,0
174,14269,0
175,14270,1
176,14303,4
177,14311,0
178,14325,4
179,14338,4
180,14339,4
181,14350,0
182,14351,0
183,14352,0
184,14353,0
185,14354,0
186,14358,0
187,14390,4
188,14392,4
189,14413,4
190,14463,4
191,14479,0
192,14480,0
193,14482,4
194,14490,1
195,14568,5
196,14586,4
197,14591,4
198,14592,4
199,14593,4
0,15545,1
1,15549,1
2,15561,1
3,15565,1
4,15664,0
5,15665,0
6,15666,0
7,15667,0
8,15692,0
9,15697,0
10,15698,0
11,15699,0
12,15700,0
13,15701,0
14,15702,0
15,15703,0
16,15704,0
17,15705,0
18,15706,0
19,15707,0
20,15708,0
21,15709,0
22,15781,4
23,15782,4
24,15787,1
25,15790,1
26,15879,2
27,15909,4
28,15928,1
29,15971,1
30,15998,0
31,16013,1
32,16067,4
33,16086,4
34,16087,4
35,16088,4
36,16107,0
37,16122,1
38,16123,1
39,16144,0
40,16148,2
41,16149,2
42,16170,2
43,16171,2
44,16172,2
45,16173,0
46,16174,0
47,16175,0
48,16179,1
49,16202,0
50,16203,0
51,16204,0
52,16205,0
53,16206,0
54,16207,0
55,16208,0
56,16209,0
57,16210,0
58,16211,0
59,16212,0
60,16213,0
61,16214,0
62,16215,0
63,16216,0
64,16217,0
65,16218,0
66,16219,0
67,16220,0
68,16221,0
69,16222,0
70,16223,0
71,16224,0
72,16246,4
73,16278,4
74,16286,0
75,16287,0
76,16295,4
77,16313,1
78,16336,4
79,16354,0
80,16378,0
81,16379,0
82,16380,0
83,16381,0
84,16384,0
85,16385,0
86,16386,0
87,16387,0
88,16388,0
89,16389,0
90,16390,0
91,16391,0
92,16392,0
93,16393,0
94,16394,0
95,16395,0
96,16396,0
97,16397,0
98,16398,0
99,16399,0
100,16400,0
101,16401,0
102,16402,0
103,16403,0
104,16404,0
105,16405,0
106,16406,0
107,16407,0
108,16408,0
109,16409,0
110,16410,0
111,16411,0
112,16412,0
113,16413,0
114,16431,4
115,16479,0
116,16480,0
117,16481,0
118,16482,0
119,16483,0
120,16484,0
121,16485,0
122,16486,0
123,16487,0
124,16488,0
125,16489,0
126,16490,2
127,16491,2
128,16492,2
129,16493,2
130,16494,2
131,16495,2
132,16496,2
133,16497,2
134,16498,2
135,16499,2
136,16524,1
137,16584,1
138,16585,1
139,16591,4
140,16592,4
141,16593,4
142,16594,4
143,16595,4
144,16596,4
145,16597,4
146,16598,4
147,16599,4
148,16600,4
149,16601,4
150,16602,4
151,16603,4
152,16604,5
153,16605,4
154,16606,4
155,16607,4
156,16608,4
157,16609,4
158,16610,4
159,16611,4
160,16612,4
161,16613,4
162,16614,4
163,16615,4
164,16616,4
165,16617,4
166,16618,4
167,16619,4
168,16620,1
169,16621,4
170,16622,4
171,16623,4
172,16624,4
173,16625,4
174,16626,4
175,16627,4
176,16628,4
177,16629,4
178,16630,4
179,16654,0
180,16658,4
181,16677,4
182,16698,4
183,16699,0
184,16700,0
185,16701,0
186,16702,0
187,16703,0
188,16704,0
189,16705,0
190,16706,0
191,16707,0
192,16708,0
193,16710,0
194,16718,1
195,16720,0
196,16778,0
197,16779,0
198,16780,0
199,16781,0
0,16782,0
1,16835,5
2,16836,5
3,16865,1
4,16883,4
5,16884,0
6,16902,0
7,16905,2
8,16906,2
9,16907,0
10,16908,0
11,16909,0
12,16910,0
13,16911,0
14,16912,0
15,16913,0
16,16914,0
17,16915,0
18,16916,0
19,16917,0
20,16918,0
21,16919,0
22,16920,0
23,16921,0
24,16922,0
25,16923,0
26,16924,0
27,16925,0
28,16926,0
29,16927,0
30,16928,0
31,16929,0
32,16930,0
33,16931,0
34,16932,0
35,16933,0
36,16934,0
37,16935,0
38,16936,0
39,16937,0
40,16938,0
41,16939,0
42,16940,0
43,16941,0
44,16942,0
45,16943,0
46,16944,0
47,16945,0
48,16946,0
49,16947,0
50,16948,0
51,16949,0
52,16950,0
53,16951,0
54,16952,0
55,16953,0
56,17013,2
57,17014,2
58,17015,2
59,17016,2
60,17017,2
61,17018,1
62,17019,1
63,17020,1
64,17021,1
65,17022,1
66,17075,1
67,17079,0
68,17080,0
69,17081,0
70,17082,0
71,17083,0
72,17084,0
73,17086,0
74,17087,0
75,17088,0
76,17089,0
77,17090,0
78,17190,0
79,17191,0
80,17194,2
81,17195,0
82,17196,0
83,17217,0
84,17218,0
85,17219,0
86,17220,0
87,17221,0
88,17222,0
89,17223,0
90,17224,0
91,17225,0
92,17226,0
93,17228,0
94,17229,0
95,17230,0
96,17231,0
97,17232,0
98,17233,0
99,17239,4
100,17254,1
101,17265,0
102,17266,2
103,17267,0
104,17268,0
105,17290,4
106,17320,0
107,17321,0
108,17322,0
109,17323,0
110,17343,4
111,17344,4
112,17360,0
113,17361,0
114,17362,0
115,17363,0
116,17364,0
117,17365,0
118,17366,0
119,17367,0
120,17368,0
121,17369,0
122,17370,0
123,17372,0
124,17405,0
125,17428,0
126,17430,0
127,17432,0
128,17433,0
129,17434,0
130,17441,0
131,17457,4
132,17458,4
133,17462,0
134,17464,4
135,17465,4
136,17466,4
137,17467,4
138,17475,1
139,17476,1
140,17477,1
141,17502,1
142,17509,1
143,17510,1
144,17511,1
145,17512,1
146,17513,1
147,17514,1
148,17515,1
149,17516,1
150,17517,1
151,17518,1
152,17537,1
153,17538,1
154,17543,0
155,17544,0
156,17545,0
157,17546,0
158,17547,0
159,17548,0
160,17549,0
161,17550,0
162,17551,0
163,17552,0
164,17553,0
165,17554,0
166,17555,0
167,17556,0
168,17643,0
169,17645,0
170,17646,0
171,17647,0
172,17648,0
173,17649,0
174,17650,0
175,17651,0
176,17652,0
177,17653,0
178,17654,0
179,17655,0
180,17656,0
181,17657,0
182,17658,0
183,17659,0
184,17660,0
185,17661,0
186,17662,0
187,17663,0
188,17664,0
189,17665,0
190,17666,0
191,17667,0
192,17668,0
193,17671,0
194,17672,0
195,17673,0
196,17674,0
197,17675,0
198,17676,0
199,17677,0
0,17678,0
1,17679,0
2,17689,2
3,17690,0
4,17691,0
5,17692,0
6,17693,0
7,17694,0
8,17695,0
9,17696,0
10,17697,0
11,17698,0
12,17699,0
13,17700,0
14,17701,0
15,17702,2
16,17703,2
17,17704,2
18,17705,2
19,17706,2
20,17707,2
21,17708,2
22,17709,0
23,17723,1
24,17724,1
25,17742,0
26,17743,0
27,17744,0
28,17745,0
29,17746,0
30,17747,0
31,17748,0
32,17749,0
33,17750,0
34,17751,0
35,17752,0
36,17753,0
37,17754,0
38,17755,0
39,17756,0
40,17757,0
41,17758,0
42,17759,0
43,17760,0
44,17761,0
45,17762,0
46,17763,0
47,17764,0
48,17765,0
49,17766,0
50,17767,0
51,17768,0
52,17769,0
53,17770,0
54,17771,0
55,17772,0
56,17773,0
57,17774,0
58,17775,0
59,17776,0
60,17777,0
61,17778,0
62,17779,0
63,17780,0
64,17781,0
65,17782,0
66,17783,0
67,17784,0
68,17785,0
69,17786,0
70,17787,0
71,17788,0
72,17789,0
73,17790,0
74,17791,0
75,17792,0
76,17800,1
77,17813,0
78,17815,0
79,17816,0
80,17828,4
81,17833,0
82,17842,1
83,17848,0
84,17860,0
85,17861,0
86,17893,1
87,17894,1
88,17896,0
89,17897,1
90,17898,1
91,17899,1
92,17902,4
93,17903,4
94,17947,4
95,17954,0
96,17955,0
97,18022,4
98,18023,4
99,18105,0
100,18116,4
101,18174,1
102,18175,1
103,18181,2
104,18228,4
105,18237,4
106,18238,4
107,18240,4
108,18241,4
109,18242,4
110,18279,4
111,18297,4
112,18298,4
113,18334,4
114,18344,4
115,18347,1
116,18354,0
117,18371,4
118,18372,4
119,18373,4
120,18374,4
121,18375,4
122,18380,4
123,18423,0
124,18424,0
125,18425,0
126,18426,0
127,18427,0
128,18428,0
129,18429,2
130,18430,2
131,18431,2
132,18432,2
133,18433,0
134,18434,0
135,18435,0
136,18436,0
137,18437,0
138,18438,0
139,18439,0
140,18440,0
141,18441,0
142,18442,0
143,18443,0
144,18444,0
145,18445,0
146,18446,0
147,18447,0
148,18448,0
149,18449,0
150,18494,4
151,18499,0
152,18500,0
153,18501,2
154,18508,0
155,18509,0
156,18510,0
157,18511,0
158,18512,0
159,18513,0
160,18514,0
161,18515,0
162,18516,0
163,18517,0
164,18518,0
165,18519,0
166,18520,0
167,18521,0
168,18522,0
169,18523,0
170,18524,0
171,18525,0
172,18526,0
173,18527,0
174,18528,0
175,18529,0
176,18530,0
177,18531,0
178,18532,0
179,18533,0
180,18534,0
181,18535,0
182,18537,4
183,18557,2
184,18558,4
185,18569,0
186,18570,0
187,18571,0
188,18572,0
189,18573,0
190,18574,0
191,18575,0
192,18576,0
193,18577,0
194,18578,0
195,18579,0
196,18580,0
197,18581,0
198,18582,1
199,18583,1
0,18584,1
1,18585,1
2,18586,1
3,18587,1
4,18612,0
5,18613,0
6,18614,0
7,18615,1
8,18616,0
9,18617,0
10,18618,0
11,18632,0
12,18633,0
13,18634,0
14,18635,0
15,18636,0
16,18637,0
17,18638,0
18,18639,0
19,18640,0
20,18641,0
21,18642,0
22,18643,0
23,18644,0
24,18645,0
25,18646,0
26,18647,0
27,18648,0
28,18649,0
29,18650,0
30,18651,0
31,18652,0
32,18653,0
33,18655,0
34,18656,0
35,18657,0
36,18658,0
37,18659,0
38,18660,0
39,18676,0
40,18677,0
41,18709,0
42,18711,0
43,18715,0
44,18716,0
45,18717,0
46,18718,0
47,18719,0
48,18720,0
49,18721,0
50,18722,0
51,18723,0
52,18724,0
53,18725,0
54,18726,0
55,18727,0
56,18728,0
57,18729,0
58,18730,0
59,18731,0
60,18736,0
61,18738,0
62,18740,1
63,18741,0
64,18742,0
65,18743,2
66,18811,1
67,18812,1
68,18813,1
69,18868,4
70,18869,4
71,18870,4
72,18890,4
73,18909,4
74,18910,4
75,18923,1
76,18947,4
77,18953,0
78,18954,0
79,18955,0
80,18959,0
81,18961,4
82,18967,1
83,19020,4
84,19039,4
85,19040,4
86,19048,4
87,19146,0
88,19148,0
89,19164,4
90,19172,0
91,19202,2
92,19204,5
93,19225,0
94,19226,0
95,19227,0
96,19228,2
97,19229,0
98,19230,0
99,19231,2
100,19232,0
101,19233,0
102,19234,0
103,19235,0
104,19236,0
105,19237,0
106,19238,0
107,19239,0
108,19240,0
109,19241,4
110,19242,4
111,19243,4
112,19244,4
113,19245,4
114,19246,4
115,19247,4
116,19248,4
117,19249,0
118,19250,0
119,19251,0
120,19252,0
121,19253,0
122,19254,0
123,19255,0
124,19256,0
125,19257,0
126,19258,0
127,19259,0
128,19260,0
129,19261,0
130,19262,0
131,19263,0
132,19306,4
133,19321,1
134,19322,1
135,19335,4
136,19367,0
137,19368,0
138,19369,2
139,19370,2
140,19371,2
141,19372,2
142,19373,2
143,19374,0
144,19402,0
145,19403,0
146,19404,0
147,19405,0
148,19406,0
149,19407,0
150,19408,0
151,19409,0
152,19410,0
153,19411,0
154,19412,0
155,19413,0
156,19414,0
157,19415,0
158,19416,0
159,19417,0
160,19418,0
161,19470,0
162,19473,4
163,19483,4
164,19484,0
165,19489,0
166,19495,0
167,19506,4
168,19546,2
169,19547,2
170,19548,2
171,19550,0
172,19551,0
173,19552,4
174,19553,4
175,19554,4
176,19555,0
177,19556,0
178,19557,0
179,19558,0
180,19559,0
181,19560,0
182,19561,0
183,19562,0
184,19564,0
185,19565,0
186,19569,0
187,19606,1
188,19626,1
189,19640,4
190,19654,2
191,19664,0
192,19665,0
193,19666,0
194,19667,0
195,19668,0
196,19669,0
197,19670,0
198,19671,0
199,19672,0
0,19673,0
1,19674,0
2,19675,0
3,19676,0
4,19677,0
5,19678,0
6,19679,0
7,19680,0
8,19681,0
9,19682,0
10,19683,0
11,19684,0
12,19685,0
13,19710,2
14,19711,2
15,19728,0
16,19736,4
17,19739,0
18,19740,0
19,19741,0
20,19742,0
21,19743,0
22,19744,0
23,19745,0
24,19746,0
25,19747,0
26,19748,0
27,19749,0
28,19750,0
29,19751,0
30,19752,0
31,19753,0
32,19754,0
33,19755,0
34,19756,0
35,19757,0
36,19758,0
37,19759,0
38,19760,0
39,19761,0
40,19762,0
41,19763,0
42,19764,0
43,19765,0
44,19766,0
45,19767,0
46,19771,4
47,19772,2
48,19790,4
49,19820,4
50,19824,0
51,19827,0
52,19828,0
53,19860,0
54,19861,0
55,19862,0
56,19863,0
57,19864,0
58,19865,0
59,19866,0
60,19867,0
61,19868,0
62,19869,0
63,19870,0
64,19871,0
65,19872,0
66,19873,0
67,19874,0
68,19875,0
69,19876,0
70,19877,0
71,19878,0
72,19879,0
73,19880,0
74,19881,0
75,19882,0
76,19883,0
77,19884,0
78,19885,0
79,19886,0
80,19887,0
81,19888,0
82,19889,0
83,19890,0
84,19914,4
85,19927,4
86,19928,4
87,19931,0
88,19974,1
89,19987,4
90,19990,1
91,19991,1
92,19995,1
93,19996,0
94,20013,4
95,20045,1
96,20054,0
97,20055,0
98,20056,0
99,20057,0
100,20058,0
101,20059,0
102,20060,0
103,20061,0
104,20062,0
105,20063,0
106,20064,0
107,20065,0
108,20066,0
109,20067,0
110,20068,0
111,20069,0
112,20070,0
113,20071,0
114,20072,0
115,20073,0
116,20074,0
117,20075,0
118,20076,0
119,20077,0
120,20078,0
121,20079,4
122,20093,4
123,20094,4
124,20098,1
125,20100,4
126,20129,0
127,20130,0
128,20131,0
129,20132,0
130,20133,0
131,20134,0
132,20135,0
133,20136,0
134,20137,0
135,20138,0
136,20139,0
137,20140,0
138,20141,0
139,20142,0
140,20143,0
141,20144,0
142,20145,0
143,20146,0
144,20188,0
145,20205,0
146,20206,0
147,20207,0
148,20208,0
149,20209,0
150,20210,0
151,20211,0
152,20212,0
153,20213,0
154,20214,0
155,20215,0
156,20216,0
157,20217,0
158,20218,0
159,20219,0
160,20220,0
161,20221,0
162,20222,0
163,20223,0
164,20224,0
165,20225,0
166,20226,0
167,20227,0
168,20228,0
169,20229,0
170,20230,0
171,20231,0
172,20232,0
173,20233,0
174,20234,0
175,20257,4
176,20266,4
177,20282,4
178,20285,0
179,20286,0
180,20287,0
181,20288,0
182,20289,0
183,20290,0
184,20315,0
185,20321,0
186,20322,0
187,20323,0
188,20324,0
189,20326,0
190,20327,0
191,20328,2
192,20329,2
193,20330,2
194,20331,2
195,20332,2
196,20333,2
197,20343,1
198,20386,1
199,20392,4
0,21175,0
1,21176,0
2,21177,0
3,21178,0
4,21207,1
5,21220,4
6,21224,4
7,21228,0
8,21229,0
9,21230,0
10,21231,0
11,21232,0
12,21233,0
13,21234,0
14,21235,0
15,21236,0
16,21237,0
17,21238,0
18,21239,0
19,21240,0
20,21241,0
21,21242,0
22,21243,2
23,21244,2
24,21245,0
25,21246,0
26,21247,0
27,21276,0
28,21277,0
29,21278,0
30,21279,0
31,21280,0
32,21281,0
33,21282,0
34,21283,0
35,21284,0
36,21285,0
37,21286,0
38,21288,0
39,21289,0
40,21290,0
41,21291,0
42,21292,0
43,21293,0
44,21294,0
45,21295,0
46,21296,0
47,21328,0
48,21343,1
49,21344,1
50,21346,2
51,21347,0
52,21348,0
53,21349,0
54,21350,0
55,21351,0
56,21352,0
57,21353,0
58,21354,0
59,21355,0
60,21356,0
61,21357,0
62,21358,0
63,21359,0
64,21360,0
65,21361,0
66,21362,0
67,21363,0
68,21364,0
69,21365,0
70,21366,0
71,21367,0
72,21368,0
73,21369,0
74,21370,0
75,21371,0
76,21372,0
77,21373,0
78,21374,0
79,21375,0
80,21376,0
81,21377,0
82,21378,0
83,21379,0
84,21380,0
85,21381,0
86,21382,0
87,21383,0
88,21384,0
89,21385,0
90,21386,0
91,21387,0
92,21388,0
93,21389,0
94,21390,0
95,21391,0
96,21392,0
97,21393,0
98,21394,0
99,21395,0
100,20419,0
101,20422,4
102,20456,1
103,20471,4
104,20478,0
105,20493,2
106,20496,0
107,20508,4
108,20511,4
109,20565,4
110,20588,0
111,20589,0
112,20590,0
113,20591,0
114,20592,0
115,20593,0
116,20594,0
117,20595,0
118,20596,0
119,20597,0
120,20598,0
121,20599,0
122,20600,0
123,20601,0
124,20602,0
125,20603,0
126,20604,0
127,20605,0
128,20606,0
129,20607,0
130,20635,4
131,20636,0
132,20664,1
133,20689,0
134,20690,0
135,20691,0
136,20692,0
137,20711,1
138,20712,1
139,20722,1
140,20743,4
141,20744,4
142,20769,4
143,20808,0
144,20822,0
145,20823,0
146,20825,4
147,20833,4
148,20855,4
149,20864,1
150,20866,1
151,20867,1
152,20869,1
153,20870,1
154,20889,2
155,20890,2
156,20891,2
157,20892,2
158,20893,2
159,20894,2
160,20895,2
161,20930,4
162,20932,4
163,20938,4
164,20949,4
165,20954,1
166,20956,4
167,20961,2
168,21024,0
169,21025,0
170,21026,0
171,21027,0
172,21028,0
173,21034,0
174,21035,0
175,21036,0
176,21062,0
177,21063,0
178,21082,4
179,21083,4
180,21084,0
181,21120,1
182,21141,1
183,21158,0
184,21159,0
185,21160,0
186,21161,0
187,21162,0
188,21163,0
189,21164,0
190,21165,0
191,21166,0
192,21167,0
193,21168,0
194,21169,0
195,21170,0
196,21171,0
197,21172,0
198,21173,0
199,21174,0
0,21814,0
1,21815,0
2,21816,0
3,21817,0
4,21818,0
5,21819,0
6,21820,0
7,21825,2
8,21826,0
9,21827,0
10,21828,0
11,21829,0
12,21830,0
13,21831,0
14,21832,0
15,21833,0
16,21834,0
17,21835,0
18,21836,0
19,21837,0
20,21838,4
21,21839,4
22,21840,0
23,21841,0
24,21842,0
25,21843,0
26,21844,0
27,21845,0
28,21846,0
29,21852,2
30,21876,0
31,21877,0
32,21878,0
33,21879,0
34,21883,1
35,21938,1
36,21965,0
37,21972,4
38,22019,4
39,22020,4
40,22021,0
41,22046,4
42,22047,4
43,22051,4
44,22088,2
45,22090,4
46,22160,2
47,22161,0
48,22163,4
49,22196,4
50,22197,0
51,22198,0
52,22199,0
53,22200,0
54,22201,0
55,22240,0
56,22301,4
57,22322,1
58,22327,1
59,22378,0
60,22379,0
61,22445,4
62,22448,1
63,22457,1
64,22458,1
65,22469,1
66,22474,0
67,22475,0
68,22476,0
69,22477,0
70,22478,2
71,22483,1
72,22513,0
73,22514,0
74,22533,0
75,22544,0
76,22545,1
77,22546,1
78,22547,1
79,22552,0
80,22553,0
81,22554,0
82,22555,0
83,22556,0
84,22557,0
85,22558,0
86,22559,0
87,22560,0
88,22561,0
89,22562,0
90,22563,0
91,22564,0
92,22565,0
93,22566,0
94,22567,0
95,22568,0
96,22569,0
97,22570,0
98,22571,0
99,22572,0
100,21397,0
101,21398,0
102,21399,0
103,21400,0
104,21401,0
105,21403,4
106,21414,1
107,21439,4
108,21443,1
109,21512,0
110,21513,4
111,21533,0
112,21534,0
113,21535,0
114,21536,0
115,21537,0
116,21538,0
117,21543,0
118,21544,0
119,21545,0
120,21546,0
121,21547,0
122,21548,0
123,21549,0
124,21550,0
125,21551,0
126,21552,0
127,21553,0
128,21554,0
129,21555,0
130,21556,0
131,21557,0
132,21558,0
133,21559,0
134,21560,0
135,21561,0
136,21562,0
137,21563,0
138,21564,0
139,21565,0
140,21566,0
141,21567,0
142,21568,0
143,21569,0
144,21570,0
145,21571,0
146,21572,0
147,21573,0
148,21574,0
149,21575,0
150,21576,0
151,21582,4
152,21583,0
153,21589,1
154,21611,5
155,21618,1
156,21619,1
157,21620,1
158,21621,0
159,21625,1
160,21626,1
161,21653,2
162,21670,0
163,21671,0
164,21672,0
165,21673,0
166,21674,0
167,21677,0
168,21678,0
169,21679,0
170,21680,0
171,21681,0
172,21682,2
173,21683,0
174,21690,4
175,21717,1
176,21773,0
177,21774,0
178,21775,0
179,21776,0
180,21777,0
181,21778,0
182,21779,0
183,21780,0
184,21781,0
185,21782,0
186,21783,0
187,21785,2
188,21786,2
189,21787,2
190,21788,2
191,21789,2
192,21801,0
193,21807,0
194,21808,0
195,21809,0
196,21810,0
197,21811,2
198,21812,2
199,21813,2
0,23121,1
1,23122,1
2,23130,0
3,23132,1
4,23133,1
5,23160,0
6,23161,0
7,23162,0
8,23175,0
9,23176,0
10,23177,2
11,23178,2
12,23182,0
13,23183,0
14,23184,0
15,23185,0
16,23186,0
17,23187,0
18,23188,0
19,23189,0
20,23190,0
21,23191,0
22,23192,0
23,23193,0
24,23195,0
25,23209,0
26,23210,0
27,23211,0
28,23212,0
29,23213,0
30,23214,0
31,23215,0
32,23216,0
33,23217,0
34,23218,0
35,23219,0
36,23220,0
37,23221,0
38,23222,0
39,23223,0
40,23224,0
41,23225,0
42,23226,0
43,23227,0
44,23228,0
45,23229,0
46,23230,0
47,23231,0
48,23232,0
49,23233,0
50,23234,0
51,23235,0
52,23306,4
53,23372,0
54,23373,0
55,23374,0
56,23375,1
57,23376,1
58,23398,5
59,23400,5
60,23401,5
61,23422,1
62,23423,1
63,23424,1
64,23425,1
65,23426,1
66,23485,0
67,23486,0
68,23487,0
69,23488,0
70,23489,0
71,23490,0
72,23491,0
73,23492,0
74,23493,0
75,23498,0
76,23499,0
77,23500,0
78,23501,0
79,23502,0
80,23503,0
81,23504,0
82,23507,0
83,23508,0
84,23509,0
85,23510,0
86,23511,0
87,23512,0
88,23513,0
89,23514,0
90,23515,0
91,23516,0
92,23517,0
93,23518,0
94,23519,0
95,23520,0
96,23521,0
97,23522,1
98,23523,0
99,23524,0
100,22573,0
101,22574,0
102,22575,0
103,22576,0
104,22577,0
105,22580,0
106,22610,0
107,22611,0
108,22612,0
109,22625,4
110,22626,4
111,22627,4
112,22628,4
113,22656,4
114,22657,4
115,22744,4
116,22750,0
117,22751,0
118,22752,0
119,22753,0
120,22754,0
121,22755,0
122,22756,0
123,22757,0
124,22758,0
125,22759,0
126,22760,0
127,22761,0
128,22762,0
129,22763,0
130,22764,0
131,22765,0
132,22766,0
133,22767,0
134,22768,0
135,22769,0
136,22770,0
137,22771,0
138,22772,0
139,22773,0
140,22774,0
141,22775,0
142,22776,0
143,22777,0
144,22778,0
145,22779,0
146,22780,0
147,22781,0
148,22782,0
149,22783,0
150,22784,0
151,22785,0
152,22786,0
153,22787,0
154,22788,0
155,22789,0
156,22790,0
157,22791,0
158,22792,0
159,22793,0
160,22794,0
161,22795,0
162,22796,0
163,22797,0
164,22798,0
165,22799,0
166,22800,0
167,22801,0
168,22802,0
169,22803,0
170,22804,0
171,22805,0
172,22806,0
173,22827,4
174,22883,0
175,22885,0
176,22886,0
177,22887,0
178,22975,0
179,22978,4
180,22988,1
181,22989,1
182,22992,0
183,23060,4
184,23077,1
185,23091,0
186,23092,0
187,23093,0
188,23094,0
189,23095,0
190,23096,0
191,23097,0
192,23098,0
193,23099,0
194,23115,1
195,23116,1
196,23117,1
197,23118,2
198,23119,1
199,23120,1
0,23908,0
1,23909,0
2,23910,0
3,23911,0
4,23912,0
5,23913,0
6,23915,0
7,23916,2
8,23917,2
9,23936,4
10,23938,0
11,23939,0
12,23940,0
13,23941,0
14,23942,0
15,23943,0
16,23944,2
17,23947,1
18,23973,1
19,24024,1
20,24025,1
21,24026,1
22,24027,1
23,24034,0
24,24035,0
25,24036,0
26,24037,0
27,24038,0
28,24039,0
29,24040,0
30,24041,0
31,24042,0
32,24058,0
33,24059,0
34,24060,0
35,24061,0
36,24062,0
37,24063,0
38,24064,0
39,24065,0
40,24066,0
41,24069,1
42,24071,1
43,24072,1
44,24073,1
45,24074,1
46,24130,0
47,24131,0
48,24132,0
49,24133,0
50,24134,0
51,24135,0
52,24136,0
53,24137,0
54,24138,0
55,24139,0
56,24140,0
57,24149,0
58,24150,0
59,24171,1
60,24172,1
61,24183,0
62,24184,0
63,24186,0
64,24187,0
65,24188,0
66,24189,0
67,24190,0
68,24191,0
69,24192,0
70,24193,0
71,24194,0
72,24195,0
73,24196,0
74,24197,0
75,24198,0
76,24199,0
77,24200,0
78,24201,0
79,24202,0
80,24203,0
81,24231,0
82,24232,0
83,24233,0
84,24234,0
85,24235,0
86,24236,0
87,24237,0
88,24238,0
89,24239,0
90,24240,0
91,24241,0
92,24242,0
93,24243,0
94,24244,0
95,24245,0
96,24246,0
97,24247,0
98,24248,0
99,24249,0
100,23525,0
101,23526,4
102,23527,4
103,23599,2
104,23600,0
105,23601,0
106,23602,0
107,23603,0
108,23604,0
109,23605,0
110,23606,0
111,23607,0
112,23608,0
113,23609,0
114,23610,0
115,23611,0
116,23612,0
117,23613,0
118,23614,0
119,23615,0
120,23616,0
121,23617,0
122,23627,4
123,23635,0
124,23636,0
125,23637,0
126,23638,0
127,23639,0
128,23640,0
129,23641,0
130,23642,0
131,23643,0
132,23644,0
133,23645,0
134,23646,0
135,23647,0
136,23648,0
137,23649,0
138,23650,0
139,23651,0
140,23652,0
141,23654,0
142,23655,0
143,23656,0
144,23657,0
145,23658,0
146,23659,0
147,23660,0
148,23661,0
149,23662,0
150,23663,0
151,23664,0
152,23665,0
153,23666,0
154,23667,0
155,23668,0
156,23669,0
157,23670,0
158,23671,0
159,23672,0
160,23673,0
161,23684,0
162,23685,0
163,23715,4
164,23717,4
165,23733,4
166,23776,0
167,23777,0
168,23778,0
169,23779,0
170,23780,0
171,23781,0
172,23782,0
173,23783,0
174,23784,0
175,23791,1
176,23792,0
177,23793,0
178,23794,0
179,23795,0
180,23796,0
181,23797,0
182,23798,0
183,23799,0
184,23800,0
185,23801,0
186,23802,0
187,23803,0
188,23804,1
189,23823,0
190,23835,1
191,23898,2
192,23899,0
193,23900,0
194,23901,0
195,23902,0
196,23903,0
197,23905,0
198,23906,0
199,23907,0
0,24973,1
1,24974,1
2,24975,1
3,24976,1
4,24977,1
5,24978,1
6,24979,1
7,24980,1
8,24981,1
9,24982,1
10,24983,1
11,24984,1
12,24985,1
13,24986,1
14,24987,1
15,24988,1
16,25003,4
17,25013,1
18,25023,4
19,25024,4
20,25025,4
21,25026,4
22,25032,0
23,25033,0
24,25071,2
25,25072,2
26,25073,2
27,25074,0
28,25075,0
29,25076,0
30,25077,0
31,25078,0
32,25079,0
33,25080,0
34,25081,0
35,25082,0
36,25083,0
37,25084,0
38,25085,0
39,25086,0
40,25087,0
41,25088,0
42,25089,1
43,25092,0
44,25093,0
45,25094,0
46,25095,0
47,25096,0
48,25097,0
49,25098,0
50,25099,0
51,25100,0
52,25101,0
53,25102,0
54,25103,0
55,25127,4
56,25136,4
57,25142,0
58,25143,0
59,25144,0
60,25145,0
61,25146,0
62,25147,0
63,25148,0
64,25149,0
65,25150,0
66,25151,0
67,25152,0
68,25153,0
69,25154,0
70,25155,0
71,25156,0
72,25157,0
73,25158,0
74,25169,0
75,25170,0
76,25171,0
77,25172,0
78,25181,0
79,25182,0
80,25183,0
81,25184,0
82,25185,0
83,25186,0
84,25196,2
85,25197,2
86,25198,2
87,25199,2
88,25200,2
89,25201,0
90,25202,0
91,25203,0
92,25204,0
93,25205,0
94,25208,1
95,25222,1
96,25249,4
97,25293,1
98,25294,0
99,25299,4
100,24250,0
101,24251,0
102,24252,0
103,24253,0
104,24254,0
105,24255,0
106,24256,0
107,24257,0
108,24258,0
109,24259,0
110,24260,0
111,24261,0
112,24262,0
113,24263,0
114,24264,0
115,24265,0
116,24266,0
117,24267,0
118,24268,0
119,24269,0
120,24270,0
121,24271,0
122,24272,0
123,24273,0
124,24274,0
125,24275,0
126,24276,0
127,24277,0
128,24278,0
129,24279,0
130,24280,0
131,24281,0
132,24282,0
133,24283,0
134,24307,2
135,24308,0
136,24309,2
137,24310,2
138,24311,2
139,24323,0
140,24324,0
141,24325,0
142,24326,0
143,24327,0
144,24328,0
145,24329,0
146,24330,0
147,24331,0
148,24332,0
149,24333,0
150,24334,0
151,24335,0
152,24336,0
153,24337,0
154,24338,0
155,24339,0
156,24340,0
157,24341,0
158,24342,0
159,24393,1
160,24394,1
161,24494,2
162,24495,2
163,24514,0
164,24558,0
165,24559,0
166,24615,0
167,24638,0
168,24675,0
169,24676,0
170,24677,0
171,24678,0
172,24679,0
173,24757,2
174,24758,0
175,24759,0
176,24760,0
177,24761,0
178,24762,0
179,24763,0
180,24764,0
181,24765,0
182,24766,0
183,24767,0
184,24798,0
185,24799,0
186,24800,0
187,24801,0
188,24802,0
189,24823,1
190,24829,0
191,24830,0
192,24912,0
193,24913,0
194,24914,0
195,24944,1
196,24951,1
197,24960,4
198,24962,4
199,24972,1
0,25311,1
1,25312,1
2,25367,4
3,25386,0
4,25387,0
5,25388,0
6,25389,0
7,25390,0
8,25391,0
9,25392,0
10,25393,0
11,25394,0
12,25395,0
13,25396,0
14,25397,0
15,25398,0
16,25399,0
17,25400,0
18,25401,0
19,25402,0
20,25403,0
21,25404,0
22,25405,0
23,25406,0
24,25407,0
25,25408,0
26,25409,0
27,25410,0
28,25411,0
29,25418,2
30,25419,2
31,25420,0
32,25458,1
33,25459,1
34,25460,1
35,25496,1
36,25509,1
37,25510,1
38,25572,0
39,25573,0
40,25574,0
41,25575,0
42,25576,0
43,25577,0
44,25578,0
45,25579,0
46,25580,0
47,25581,0
48,25582,0
49,25583,0
50,25584,0
51,25585,0
52,25586,0
53,25587,0
54,25588,0
55,25589,0
56,25590,4
57,25591,0
58,25592,0
59,25593,0
60,25594,0
61,25596,0
62,25597,0
63,25598,0
64,25599,0
65,25600,0
66,25601,0
67,25602,0
68,25603,0
69,25604,0
70,25605,0
71,25606,0
72,25607,0
73,25608,0
74,25609,0
75,25610,0
76,25611,0
77,25612,0
78,25614,0
79,25615,0
80,25616,0
81,25617,0
82,25618,0
83,25619,2
84,25620,2
85,25621,2
86,25622,2
87,25623,2
88,25642,4
89,25647,0
90,25654,4
91,25659,0
92,25660,0
93,25661,0
94,25662,0
95,25663,0
96,25664,0
97,25665,0
98,25666,0
99,25667,0
100,25668,0
101,25669,0
102,25731,0
103,25732,4
104,25733,0
105,25734,2
106,25737,0
107,25738,0
108,25739,0
109,25740,0
110,25741,0
111,25742,0
112,25743,0
113,25744,0
114,25745,0
115,25746,0
116,25747,0
117,25748,0
118,25753,1
119,25754,1
120,25756,1
121,25757,1
122,25759,1
123,25795,0
124,25796,4
125,25808,4
126,25867,4
127,25868,0
128,25869,0
129,25870,0
130,25871,0
131,25872,0
132,25873,0
133,25874,0
134,25875,0
135,25880,0
136,25881,0
137,25882,0
138,25883,0
139,25884,0
140,25885,0
141,25886,0
142,25887,0
143,25888,0
144,25905,1
145,25913,4
146,25938,0
147,25939,0
148,25988,0
149,25990,0
150,26001,0
151,26002,0
152,26003,0
153,26025,0
154,26026,0
155,26027,0
156,26028,0
157,26103,5
158,26106,1
159,26107,1
160,26108,1
161,26109,1
162,26110,1
163,26182,4
164,26183,4
165,26187,4
166,26188,0
167,26189,0
168,26190,0
169,26191,0
170,26192,0
171,26193,0
172,26194,0
173,26195,0
174,26196,0
175,26197,0
176,26198,0
177,26199,0
178,26200,0
179,26201,0
180,26202,0
181,26203,0
182,26204,0
183,26205,0
184,26206,0
185,26207,0
186,26208,0
187,26209,0
188,26210,0
189,26211,0
190,26212,0
191,26213,0
192,26214,0
193,26215,0
194,26216,0
195,26217,0
196,26218,0
197,26219,0
198,26220,0
199,26221,0
0,26243,0
1,26247,0
2,26248,4
3,26266,1
4,26267,1
5,26268,1
6,26338,2
7,26351,0
8,26352,0
9,26353,0
10,26354,0
11,26355,0
12,26356,0
13,26357,0
14,26358,0
15,26359,0
16,26389,0
17,26390,0
18,26392,0
19,26393,0
20,26394,0
21,26395,0
22,26396,0
23,26397,0
24,26398,0
25,26399,0
26,26400,0
27,26401,0
28,26402,0
29,26403,0
30,26404,0
31,26405,0
32,26406,0
33,26407,0
34,26408,0
35,26409,0
36,26410,0
37,26411,0
38,26412,0
39,26413,0
40,26414,0
41,26415,0
42,26416,0
43,26417,0
44,26418,0
45,26419,0
46,26437,1
47,26448,1
48,26449,1
49,26450,2
50,26451,2
51,26483,1
52,26487,1
53,26494,1
54,26495,1
55,26496,1
56,26497,1
57,26506,0
58,26513,1
59,26514,1
60,26515,1
61,26516,1
62,26517,1
63,26525,0
64,26530,0
65,26584,1
66,26588,0
67,26589,0
68,26590,0
69,26591,0
70,26592,0
71,26593,0
72,26616,4
73,26619,1
74,26624,4
75,26632,4
76,26649,0
77,26650,0
78,26651,0
79,26652,0
80,26669,2
81,26675,4
82,26686,0
83,26687,0
84,26688,0
85,26701,0
86,26702,0
87,26704,0
88,26705,0
89,26727,0
90,26804,1
91,26805,1
92,26806,4
93,26807,4
94,26808,4
95,26809,4
96,26810,4
97,26811,4
98,26812,4
99,26813,4
100,26814,4
101,26815,4
102,26816,4
103,26817,4
104,26818,4
105,26819,2
106,26820,4
107,26821,4
108,26822,4
109,26823,4
110,26824,4
111,26825,4
112,26826,4
113,26831,0
114,26838,1
115,26839,1
116,26886,1
117,26887,1
118,26888,1
119,26889,1
120,26890,1
121,26891,1
122,26931,1
123,26953,0
124,26954,0
125,26955,0
126,27000,1
127,27002,1
128,27003,1
129,27079,0
130,27081,0
131,27082,0
132,27083,0
133,27084,0
134,27099,1
135,27100,1
136,27101,1
137,27102,1
138,27156,0
139,27157,0
140,27158,0
141,27159,0
142,27160,0
143,27161,0
144,27162,0
145,27163,0
146,27164,0
147,27165,0
148,27166,0
149,27167,0
150,27168,0
151,27169,0
152,27170,0
153,27171,0
154,27172,0
155,27173,0
156,27174,0
157,27175,0
158,27180,2
159,27181,1
160,27185,0
161,27186,0
162,27187,0
163,27188,0
164,27189,0
165,27190,0
166,27191,0
167,27192,0
168,27193,0
169,27194,0
170,27195,0
171,27196,0
172,27199,4
173,27204,1
174,27306,1
175,27307,1
176,27334,1
177,27335,0
178,27336,0
179,27337,0
180,27357,4
181,27386,4
182,27400,1
183,27428,4
184,27433,1
185,27491,0
186,27507,1
187,27508,1
188,27509,1
189,27510,1
190,27511,4
191,27512,0
192,27525,4
193,27526,4
194,27527,4
195,27547,4
196,27548,4
197,27563,0
198,27564,0
199,27565,0
0,27566,0
1,27567,0
2,27568,0
3,27569,1
4,27579,0
5,27580,0
6,27581,0
7,27587,4
8,27594,0
9,27595,0
10,27596,0
11,27597,0
12,27598,0
13,27599,0
14,27600,0
15,27601,0
16,27602,0
17,27603,0
18,27606,4
19,27607,0
20,27608,0
21,27609,0
22,27620,1
23,27628,1
24,27645,4
25,27646,4
26,27647,4
27,27658,0
28,27717,4
29,27728,5
30,27729,5
31,27762,0
32,27775,4
33,27792,4
34,27798,0
35,27821,0
36,27857,0
37,27859,4
38,27860,4
39,27861,4
40,27881,0
41,27882,0
42,27883,0
43,27884,0
44,27885,0
45,27886,0
46,27887,0
47,27888,0
48,27889,0
49,27890,0
50,27891,0
51,27892,0
52,27893,0
53,27894,0
54,27895,0
55,27896,0
56,27897,0
57,27898,0
58,27899,0
59,27900,0
60,27901,0
61,27902,0
62,27903,0
63,27904,0
64,27905,0
65,27906,0
66,27907,0
67,27933,0
68,27934,0
69,27946,0
70,27947,0
71,27948,0
72,27949,0
73,27950,0
74,27951,0
75,27952,0
76,27953,0
77,27954,0
78,27955,0
79,27956,0
80,27957,0
81,27958,0
82,27959,0
83,27960,0
84,27961,0
85,27962,4
86,27963,4
87,27964,4
88,27965,4
89,27966,4
90,27967,0
91,27968,0
92,27969,0
93,27970,0
94,27971,0
95,27972,0
96,27973,0
97,27974,0
98,27975,0
99,27976,0
100,27977,0
101,27978,0
102,27979,0
103,27980,0
104,27981,0
105,27983,4
106,28030,0
107,28048,0
108,28049,4
109,28053,4
110,28054,4
111,28055,0
112,28056,0
113,28057,4
114,28058,4
115,28059,4
116,28060,4
117,28061,4
118,28076,4
119,28077,4
120,28078,4
121,28079,4
122,28080,4
123,28092,0
124,28105,0
125,28106,0
126,28107,0
127,28108,0
128,28109,0
129,28110,0
130,28111,0
131,28112,0
132,28113,0
133,28114,0
134,28115,0
135,28116,0
136,28117,0
137,28118,0
138,28119,0
139,28120,0
140,28121,0
141,28174,0
142,28176,1
143,28199,1
144,28209,1
145,28219,4
146,28257,0
147,28297,0
148,28302,0
149,28383,4
150,28401,1
151,28413,1
152,28414,1
153,28415,1
154,28416,1
155,28417,0
156,28418,0
157,28420,0
158,28421,0
159,28431,0
160,28435,0
161,28460,0
162,28461,0
163,28478,4
164,28626,2
165,28627,2
166,28637,0
167,28638,0
168,28639,0
169,28645,0
170,28646,0
171,28647,0
172,28648,0
173,28649,0
174,28650,0
175,28651,0
176,28652,0
177,28653,0
178,28654,0
179,28655,0
180,28656,0
181,28657,0
182,28658,0
183,28659,0
184,28660,0
185,28661,0
186,28662,0
187,28663,0
188,28664,0
189,28665,0
190,28666,0
191,28667,0
192,28668,0
193,28669,2
194,28704,0
195,28706,0
196,28740,0
197,28741,0
198,28742,0
199,28743,0
0,28744,0
1,28745,0
2,28760,0
3,28794,1
4,28887,4
5,28890,0
6,28891,0
7,28892,0
8,28893,0
9,28894,0
10,28895,0
11,28896,0
12,28897,0
13,28898,0
14,28900,0
15,28901,0
16,28902,0
17,28903,0
18,28904,0
19,28905,0
20,28906,0
21,28907,0
22,28908,0
23,28909,0
24,28910,0
25,28911,0
26,28912,0
27,28913,0
28,28914,0
29,28915,0
30,28916,0
31,28917,0
32,28918,0
33,28919,0
34,28920,0
35,28921,0
36,28923,0
37,28924,0
38,28925,0
39,28926,0
40,28927,0
41,28928,0
42,28929,0
43,28934,0
44,28935,0
45,28936,0
46,28937,0
47,28938,0
48,28939,0
49,28940,0
50,28941,0
51,28942,0
52,28943,0
53,28944,0
54,28946,0
55,28947,0
56,28948,0
57,28949,0
58,28953,0
59,28954,0
60,28955,0
61,28956,0
62,28958,0
63,28959,0
64,28960,0
65,28961,0
66,28962,0
67,28963,0
68,28964,0
69,28965,0
70,28966,0
71,28967,0
72,28968,0
73,28969,0
74,28970,0
75,28971,0
76,28972,0
77,28973,0
78,28974,2
79,28975,0
80,28976,0
81,28977,0
82,28978,4
83,28979,4
84,28980,4
85,28981,4
86,28982,4
87,28983,4
88,28984,4
89,28985,4
90,28986,4
91,28987,4
92,28988,4
93,28989,4
94,28990,0
95,28991,0
96,28992,0
97,28993,0
98,28994,0
99,28995,0
100,28996,0
101,28997,0
102,28998,0
103,28999,0
104,29000,0
105,29001,0
106,29019,4
107,29073,4
108,29079,4
109,29080,4
110,29083,1
111,29088,4
112,29096,0
113,29101,0
114,29102,0
115,29127,0
116,29140,1
117,29141,1
118,29142,1
119,29143,1
120,29144,1
121,29145,1
122,29146,1
123,29147,1
124,29148,1
125,29149,1
126,29161,0
127,29162,0
128,29163,0
129,29164,0
130,29176,0
131,29177,0
132,29178,0
133,29180,0
134,29188,0
135,29189,0
136,29190,0
137,29214,0
138,29247,2
139,29265,1
140,29342,0
141,29395,2
142,29430,2
143,29443,1
144,29449,4
145,29456,1
146,29457,1
147,29458,1
148,29484,1
149,29485,1
150,29487,1
151,29488,1
152,29493,2
153,29502,4
154,29516,2
155,29522,2
156,29531,1
157,29551,1
158,29585,0
159,29586,0
160,29587,0
161,29588,0
162,29589,0
163,29590,0
164,29591,0
165,29592,0
166,29593,0
167,29594,0
168,29595,0
169,29596,0
170,29597,0
171,29598,0
172,29599,0
173,29600,0
174,29601,0
175,29602,0
176,29603,0
177,29604,1
178,29605,1
179,29606,1
180,29607,1
181,29608,1
182,29609,0
183,29610,0
184,29611,0
185,29612,0
186,29613,0
187,29614,0
188,29615,0
189,29628,4
190,29640,1
191,29641,1
192,29642,1
193,29643,1
194,29675,4
195,29695,1
196,29697,4
197,29709,0
198,29731,1
199,29732,1
0,29766,2
1,29768,2
2,29769,2
3,29770,2
4,29771,2
5,29795,0
6,29801,4
7,29803,4
8,29804,0
9,29805,4
10,29816,4
11,29819,4
12,29820,4
13,29821,4
14,29823,4
15,29873,4
16,29878,1
17,29880,0
18,29889,2
19,29905,0
20,29954,0
21,29992,0
22,29993,0
23,29994,0
24,29995,0
25,29996,0
26,29998,1
27,29999,1
28,30039,2
29,30040,0
30,30041,0
31,30042,0
32,30043,0
33,30044,0
34,30045,0
35,30046,0
36,30047,0
37,30048,0
38,30049,0
39,30050,0
40,30051,0
41,30052,0
42,30053,0
43,30086,4
44,30113,2
45,30118,0
46,30139,2
47,30140,2
48,30141,2
49,30142,2
50,30143,2
51,30149,0
52,30150,0
53,30151,0
54,30152,0
55,30153,0
56,30179,0
57,30185,0
58,30186,0
59,30187,0
60,30188,2
61,30189,0
62,30190,0
63,30203,0
64,30235,0
65,30236,0
66,30237,0
67,30238,0
68,30239,0
69,30240,0
70,30241,0
71,30242,0
72,30243,0
73,30244,0
74,30245,0
75,30246,0
76,30247,0
77,30248,0
78,30249,0
79,30250,0
80,30251,0
81,30252,0
82,30253,0
83,30254,0
84,30255,0
85,30256,0
86,30257,0
87,30258,0
88,30266,1
89,30269,0
90,30270,0
91,30271,0
92,30322,0
93,30323,0
94,30324,0
95,30325,0
96,30326,0
97,30327,0
98,30328,0
99,30329,0
100,30330,0
101,30331,0
102,30332,0
103,30333,0
104,30334,0
105,30335,0
106,30336,0
107,30337,0
108,30338,0
109,30339,0
110,30347,4
111,30348,0
112,30394,4
113,30430,1
114,30484,0
115,30485,0
116,30486,0
117,30487,0
118,30488,0
119,30497,0
120,30498,0
121,30514,1
122,30515,1
123,30559,0
124,30569,0
125,30571,2
126,30594,2
127,30595,2
128,30596,2
129,30597,2
130,30598,2
131,30599,2
132,30600,2
133,30601,0
134,30602,0
135,30603,0
136,30604,0
137,30605,0
138,30606,0
139,30607,0
140,30608,0
141,30609,0
142,30656,0
143,30666,0
144,30683,0
145,30686,0
146,30707,1
147,30711,5
148,30715,1
149,30716,1
150,30717,1
151,30718,1
152,30719,1
153,30720,1
154,30722,0
155,30723,1
156,30730,4
157,30740,1
158,30741,1
159,30744,1
160,30745,2
161,30767,1
162,30774,1
163,30775,1
164,30776,1
165,30777,1
166,30787,2
167,30788,2
168,30789,2
169,30790,2
170,30791,2
171,30792,2
172,30793,1
173,30794,1
174,30795,1
175,30796,1
176,30797,1
177,30801,1
178,30802,1
179,30803,1
180,30817,1
181,30865,0
182,30866,0
183,30867,0
184,30868,0
185,30869,0
186,30870,0
187,30871,0
188,30872,0
189,30873,0
190,31051,0
191,31052,0
192,31055,0
193,31057,4
194,31068,0
195,31069,2
196,31070,2
197,31071,2
198,31089,0
199,31096,4
0,31986,1
1,32035,4
2,32076,2
3,32105,0
4,32106,0
5,32107,0
6,32108,0
7,32109,0
8,32110,0
9,32111,0
10,32112,0
11,32113,0
12,32114,0
13,32115,0
14,32116,0
15,32117,0
16,32118,0
17,32119,0
18,32120,0
19,32121,0
20,32122,0
21,32123,0
22,32124,0
23,32125,0
24,32126,0
25,32127,0
26,32128,0
27,32147,0
28,32149,4
29,32162,4
30,32163,4
31,32164,4
32,32165,4
33,32166,4
34,32167,4
35,32170,1
36,32190,4
37,32200,0
38,32203,0
39,32204,0
40,32205,0
41,32206,0
42,32207,0
43,32208,0
44,32209,0
45,32210,0
46,32211,0
47,32227,2
48,32228,2
49,32229,0
50,32230,0
51,32231,0
52,32232,0
53,32239,4
54,32247,4
55,32254,1
56,32255,0
57,32256,0
58,32257,0
59,32258,0
60,32259,0
61,32260,0
62,32261,0
63,32262,0
64,32263,0
65,32264,0
66,32265,0
67,32266,0
68,32267,0
69,32268,0
70,32269,0
71,32270,0
72,32271,1
73,32272,1
74,32273,0
75,32274,0
76,32276,0
77,32277,0
78,32278,0
79,32279,0
80,32280,0
81,32281,0
82,32282,0
83,32283,0
84,32284,0
85,32285,0
86,32286,0
87,32287,0
88,32288,0
89,32289,1
90,32307,4
91,32308,0
92,32309,0
93,32310,0
94,32311,0
95,32312,0
96,32313,0
97,32314,0
98,32315,0
99,32316,0
100,31097,4
101,31164,0
102,31193,4
103,31217,4
104,31270,0
105,31279,0
106,31281,0
107,31304,1
108,31305,1
109,31308,0
110,31309,0
111,31327,0
112,31328,0
113,31340,4
114,31456,0
115,31458,4
116,31459,4
117,31464,1
118,31529,1
119,31552,0
120,31553,0
121,31554,0
122,31555,0
123,31556,0
124,31557,0
125,31558,0
126,31559,2
127,31560,0
128,31561,0
129,31562,0
130,31570,0
131,31630,2
132,31634,0
133,31636,0
134,31637,0
135,31638,0
136,31639,0
137,31641,4
138,31642,2
139,31643,0
140,31644,0
141,31652,2
142,31658,0
143,31669,4
144,31687,0
145,31698,0
146,31699,0
147,31700,0
148,31701,0
149,31702,0
150,31703,0
151,31704,0
152,31705,0
153,31706,0
154,31707,0
155,31708,0
156,31754,2
157,31766,1
158,31773,0
159,31790,0
160,31792,0
161,31794,0
162,31795,0
163,31797,0
164,31799,0
165,31803,1
166,31823,1
167,31836,0
168,31859,0
169,31860,0
170,31878,4
171,31881,0
172,31882,0
173,31883,0
174,31884,0
175,31885,0
176,31886,0
177,31887,0
178,31888,0
179,31889,0
180,31890,0
181,31891,0
182,31892,0
183,31893,0
184,31894,0
185,31895,0
186,31896,0
187,31897,0
188,31898,0
189,31899,0
190,31900,0
191,31901,0
192,31902,0
193,31903,0
194,31904,0
195,31938,0
196,31939,0
197,31943,0
198,31974,1
199,31975,1
0,33103,0
1,33104,0
2,33105,0
3,33106,0
4,33107,0
5,33108,0
6,33122,1
7,33195,0
8,33196,0
9,33197,0
10,33198,0
11,33199,0
12,33200,0
13,33201,0
14,33202,0
15,33203,0
16,33204,0
17,33206,0
18,33207,0
19,33208,0
20,33209,0
21,33210,0
22,33211,0
23,33212,0
24,33213,0
25,33214,0
26,33225,0
27,33226,0
28,33227,0
29,33243,4
30,33269,4
31,33270,4
32,33303,4
33,33306,0
34,33345,4
35,33357,5
36,33446,1
37,33468,0
38,33474,0
39,33485,0
40,33487,4
41,33524,4
42,33543,0
43,33544,0
44,33545,0
45,33557,0
46,33605,4
47,33617,0
48,33618,0
49,33619,0
50,33620,0
51,33621,0
52,33623,0
53,33624,0
54,33625,0
55,33626,0
56,33627,0
57,33628,0
58,33629,0
59,33651,0
60,33652,0
61,33653,0
62,33654,0
63,33657,4
64,33706,1
65,33726,4
66,33727,4
67,33728,4
68,33730,4
69,33765,1
70,33787,2
71,33788,1
72,33792,1
73,33795,0
74,33827,0
75,33828,0
76,33829,0
77,33830,0
78,33831,0
79,33832,0
80,33833,0
81,33834,0
82,33835,0
83,33836,0
84,33837,0
85,33869,0
86,33879,0
87,33899,4
88,33976,1
89,33979,0
90,33980,0
91,33981,0
92,33990,1
93,33991,1
94,33992,1
95,34002,2
96,34003,2
97,34004,2
98,34005,2
99,34006,2
100,32317,0
101,32318,0
102,32319,0
103,32320,0
104,32321,0
105,32322,0
106,32345,1
107,32346,1
108,32348,1
109,32359,1
110,32360,2
111,32365,0
112,32366,0
113,32367,0
114,32368,0
115,32369,0
116,32370,0
117,32371,0
118,32372,0
119,32373,0
120,32374,2
121,32400,4
122,32442,4
123,32449,4
124,32501,0
125,32516,0
126,32517,0
127,32519,0
128,32521,0
129,32523,0
130,32524,0
131,32525,0
132,32526,0
133,32528,0
134,32535,1
135,32536,1
136,32537,1
137,32538,1
138,32539,1
139,32571,1
140,32572,1
141,32573,1
142,32574,1
143,32586,4
144,32599,0
145,32600,0
146,32601,0
147,32602,1
148,32604,2
149,32644,2
150,32670,0
151,32671,0
152,32672,0
153,32673,0
154,32706,4
155,32708,4
156,32724,2
157,32782,1
158,32783,0
159,32784,0
160,32811,0
161,32812,0
162,32824,0
163,32825,0
164,32874,4
165,32913,1
166,32923,2
167,32985,0
168,32986,0
169,32987,4
170,32988,0
171,32989,0
172,32990,0
173,32999,4
174,33000,4
175,33001,4
176,33015,1
177,33016,1
178,33017,1
179,33018,1
180,33019,1
181,33020,1
182,33029,1
183,33030,0
184,33031,0
185,33032,0
186,33033,0
187,33034,0
188,33035,0
189,33036,0
190,33037,0
191,33038,0
192,33039,0
193,33041,0
194,33053,4
195,33054,4
196,33067,0
197,33069,4
198,33079,1
199,33102,0
0,34035,2
1,34054,1
2,34096,5
3,34097,2
4,34098,4
5,34106,4
6,34107,4
7,34136,2
8,34137,0
9,34138,0
10,34142,0
11,34143,0
12,34144,0
13,34145,0
14,34146,0
15,34147,0
16,34148,0
17,34149,0
18,34150,0
19,34151,0
20,34158,0
21,34159,0
22,34160,0
23,34161,0
24,34162,0
25,34163,0
26,34164,0
27,34165,0
28,34166,0
29,34167,0
30,34168,0
31,34169,0
32,34170,0
33,34171,0
34,34172,0
35,34173,0
36,34174,0
37,34175,0
38,34176,0
39,34177,0
40,34178,0
41,34179,0
42,34180,0
43,34181,0
44,34182,0
45,34183,0
46,34189,4
47,34205,2
48,34208,0
49,34209,0
50,34210,0
51,34211,0
52,34212,0
53,34213,0
54,34214,0
55,34215,0
56,34216,0
57,34217,0
58,34218,0
59,34219,0
60,34220,0
61,34221,0
62,34222,0
63,34223,0
64,34224,0
65,34225,0
66,34226,0
67,34227,0
68,34228,0
69,34229,0
70,34230,0
71,34231,2
72,34232,0
73,34233,0
74,34234,0
75,34235,0
76,34254,4
77,34302,1
78,34303,1
79,34304,1
80,34305,1
81,34306,1
82,34307,1
83,34308,1
84,34359,0
85,34361,1
86,34392,4
87,34419,4
88,34421,1
89,34423,0
90,34426,0
91,34427,0
92,34428,0
93,34429,0
94,34430,0
95,34431,0
96,34432,0
97,34433,0
98,34479,2
99,34483,2
100,34521,1
101,34526,4
102,34573,0
103,34574,1
104,34575,0
105,34591,0
106,34611,4
107,34619,1
108,34621,2
109,34622,0
110,34645,0
111,34646,0
112,34681,1
113,34689,4
114,34749,4
115,34761,2
116,34762,2
117,34763,2
118,34764,5
119,34765,5
120,34769,0
121,34770,0
122,34771,0
123,34772,0
124,34773,0
125,34774,0
126,34775,0
127,34776,0
128,34777,0
129,34778,0
130,34779,0
131,34780,0
132,34781,0
133,34782,0
134,34783,0
135,34784,0
136,34785,0
137,34786,0
138,34871,0
139,34872,0
140,34873,0
141,34874,0
142,34875,0
143,34876,0
144,34877,0
145,34878,0
146,34879,0
147,34880,0
148,34881,0
149,34882,0
150,34883,0
151,34884,0
152,34885,0
153,34886,0
154,34887,0
155,34888,0
156,34889,0
157,34890,0
158,34891,0
159,34892,0
160,34893,0
161,34894,0
162,34895,0
163,34896,0
164,34897,0
165,34898,0
166,34899,0
167,34900,0
168,34901,0
169,34902,0
170,34903,0
171,34904,0
172,34905,0
173,34906,0
174,34907,0
175,34908,0
176,34909,0
177,34951,0
178,34977,0
179,35011,1
180,35012,1
181,35045,1
182,35050,4
183,35054,4
184,35055,0
185,35064,4
186,35094,2
187,35097,0
188,35099,4
189,35120,0
190,35121,0
191,35122,0
192,35136,0
193,35137,0
194,35138,0
195,35139,0
196,35140,0
197,35141,0
198,35142,0
199,35143,0
0,35146,4
1,35147,4
2,35148,4
3,35149,4
4,35228,4
5,35262,0
6,35263,0
7,35264,0
8,35265,0
9,35266,0
10,35360,0
11,35361,0
12,35385,4
13,35386,4
14,35424,4
15,35426,0
16,35440,4
17,35487,0
18,35496,4
19,35553,4
20,35554,0
21,35557,4
22,35559,0
23,35560,0
24,35561,0
25,35562,0
26,35563,0
27,35564,0
28,35565,0
29,35566,0
30,35567,0
31,35568,0
32,35569,0
33,35570,0
34,35571,0
35,35572,0
36,35573,0
37,35613,1
38,35636,4
39,35656,0
40,35657,0
41,35658,0
42,35659,0
43,35660,0
44,35661,0
45,35662,0
46,35664,0
47,35665,0
48,35666,0
49,35683,5
50,35684,4
51,35685,4
52,35711,1
53,35712,1
54,35720,2
55,35736,2
56,35737,2
57,35738,2
58,35780,0
59,35797,0
60,35798,4
61,35801,4
62,35816,0
63,35817,0
64,35818,0
65,35819,0
66,35840,0
67,35841,0
68,35842,0
69,35843,0
70,35844,0
71,35845,0
72,35846,0
73,35847,0
74,35848,0
75,35849,0
76,35850,0
77,35851,0
78,35852,0
79,35853,0
80,35854,0
81,35855,0
82,35856,0
83,35857,0
84,35858,0
85,35859,0
86,35863,4
87,35864,4
88,35937,0
89,35938,0
90,35975,4
91,35976,4
92,36023,0
93,36029,4
94,36039,4
95,36046,2
96,36047,2
97,36048,2
98,36106,4
99,36114,1
100,36119,4
101,36129,0
102,36130,0
103,36131,0
104,36132,0
105,36141,0
106,36142,0
107,36143,0
108,36144,0
109,36145,0
110,36162,2
111,36163,2
112,36164,2
113,36165,2
114,36166,2
115,36167,2
116,36168,2
117,36169,2
118,36170,2
119,36171,2
120,36172,2
121,36173,0
122,36174,0
123,36175,0
124,36176,0
125,36177,0
126,36178,0
127,36179,0
128,36243,4
129,36244,4
130,36249,4
131,36339,4
132,36340,4
133,36342,4
134,36343,4
135,36377,0
136,36386,0
137,36390,2
138,36439,4
139,36452,4
140,36456,0
141,36459,4
142,36489,0
143,36490,0
144,36491,1
145,36504,0
146,36529,0
147,36560,0
148,36571,2
149,36572,0
150,36587,4
151,36594,4
152,36608,0
153,36623,4
154,36642,0
155,36643,0
156,36644,0
157,36645,4
158,36696,0
159,36751,0
160,36757,0
161,36763,0
162,36764,0
163,36765,0
164,36766,0
165,36767,0
166,36768,0
167,36769,0
168,36770,0
169,36771,0
170,36772,0
171,36773,0
172,36774,0
173,36775,0
174,36776,0
175,36777,0
176,36778,0
177,36779,0
178,36780,0
179,36781,0
180,36782,0
181,36783,0
182,36784,0
183,36785,0
184,36786,0
185,36787,0
186,36788,0
187,36789,0
188,36790,0
189,36791,0
190,36792,0
191,36793,0
192,36794,0
193,36795,0
194,36796,0
195,36797,0
196,36798,0
197,36799,4
198,36800,0
199,36801,0
0,36802,4
1,36804,0
2,36805,0
3,36806,0
4,36807,0
5,36808,0
6,36809,0
7,36810,0
8,36811,0
9,36812,0
10,36813,0
11,36814,0
12,36815,0
13,36816,0
14,36817,0
15,36818,0
16,36886,0
17,36898,0
18,36899,0
19,36900,0
20,36910,0
21,36911,0
22,36912,0
23,36913,0
24,36914,0
25,36915,0
26,36916,0
27,36917,0
28,36918,0
29,36919,0
30,36920,0
31,36921,0
32,36922,0
33,36923,0
34,36924,0
35,36925,0
36,36967,0
37,37000,0
38,37001,0
39,37006,1
40,37037,0
41,37039,0
42,37040,0
43,37041,0
44,37042,0
45,37043,0
46,37044,0
47,37045,0
48,37046,0
49,37047,0
50,37048,0
51,37061,2
52,37062,2
53,37063,2
54,37064,2
55,37065,2
56,37066,0
57,37067,0
58,37068,0
59,37069,0
60,37070,0
61,37071,0
62,37072,0
63,37073,0
64,37074,0
65,37109,1
66,37125,0
67,37137,4
68,37148,4
69,37154,2
70,37173,0
71,37203,0
72,37218,0
73,37264,0
74,37285,4
75,37290,0
76,37291,0
77,37292,0
78,37293,0
79,37294,0
80,37295,0
81,37296,0
82,37297,0
83,37298,0
84,37299,0
85,37300,0
86,37301,0
87,37302,0
88,37310,4
89,37364,0
90,37365,0
91,37366,0
92,37367,0
93,37368,0
94,37369,0
95,37370,0
96,37371,0
97,37372,0
98,37373,0
99,37374,0
100,37375,0
101,37384,0
102,37385,0
103,37386,0
104,37387,0
105,37389,1
106,37390,1
107,37391,1
108,37409,4
109,37410,4
110,37425,4
111,37426,1
112,37465,4
113,37469,4
114,37477,4
115,37490,0
116,37491,0
117,37492,0
118,37493,0
119,37494,0
120,37495,0
121,37496,0
122,37497,0
123,37498,0
124,37499,0
125,37500,0
126,37501,0
127,37502,0
128,37503,0
129,37504,0
130,37505,0
131,37507,0
132,37508,0
133,37509,0
134,37511,2
135,37512,2
136,37513,2
137,37514,0
138,37515,0
139,37516,0
140,37517,0
141,37518,0
142,37519,0
143,37520,0
144,37521,0
145,37522,0
146,37523,0
147,37524,0
148,37525,0
149,37526,0
150,37527,0
151,37528,0
152,37529,0
153,37530,0
154,37531,0
155,37532,0
156,37533,0
157,37534,0
158,37535,0
159,37536,0
160,37537,0
161,37538,0
162,37539,0
163,37546,0
164,37547,0
165,37558,0
166,37576,0
167,37577,0
168,37578,0
169,37579,0
170,37580,0
171,37581,0
172,37582,0
173,37583,0
174,37584,0
175,37585,0
176,37586,0
177,37587,0
178,37590,1
179,37603,0
180,37604,0
181,37605,0
182,37606,0
183,37607,0
184,37608,0
185,37609,0
186,37610,0
187,37611,0
188,37612,0
189,37613,0
190,37614,0
191,37615,0
192,37616,0
193,37618,0
194,37619,0
195,37620,0
196,37635,4
197,37663,5
198,37673,4
199,37677,0
0,38274,4
1,38292,0
2,38299,0
3,38300,0
4,38326,1
5,38336,4
6,38343,0
7,38349,1
8,38350,1
9,38351,1
10,38352,1
11,38356,1
12,38397,0
13,38398,0
14,38399,0
15,38400,0
16,38401,0
17,38402,0
18,38403,0
19,38404,0
20,38405,0
21,38406,0
22,38407,0
23,38408,0
24,38409,0
25,38410,0
26,38411,0
27,38412,0
28,38413,0
29,38417,0
30,38418,0
31,38419,0
32,38427,1
33,38430,0
34,38431,0
35,38432,0
36,38433,0
37,38434,0
38,38435,0
39,38436,0
40,38437,0
41,38438,0
42,38439,0
43,38440,0
44,38441,0
45,38442,0
46,38443,0
47,38444,0
48,38445,0
49,38446,0
50,38447,0
51,38448,0
52,38449,0
53,38450,0
54,38451,0
55,38452,0
56,38453,0
57,38454,0
58,38458,2
59,38465,0
60,38466,2
61,38467,0
62,38468,1
63,38493,0
64,38494,0
65,38502,4
66,38508,0
67,38509,0
68,38521,4
69,38571,4
70,38573,0
71,38582,1
72,38644,4
73,38654,0
74,38655,0
75,38656,0
76,38657,0
77,38658,0
78,38659,1
79,38660,1
80,38672,0
81,38685,0
82,38686,0
83,38780,0
84,38781,0
85,38785,0
86,38786,0
87,38787,0
88,38788,0
89,38812,0
90,38813,0
91,38814,0
92,38838,4
93,38839,4
94,38861,4
95,38924,4
96,38957,0
97,39009,0
98,39010,0
99,39056,1
100,37678,0
101,37679,0
102,37680,0
103,37681,0
104,37688,1
105,37689,1
106,37690,2
107,37691,2
108,37692,2
109,37693,2
110,37694,1
111,37695,2
112,37696,2
113,37744,4
114,37746,4
115,37757,0
116,37791,4
117,37820,0
118,37821,0
119,37822,0
120,37823,0
121,37824,0
122,37825,0
123,37826,0
124,37827,0
125,37828,0
126,37829,0
127,37830,0
128,37831,0
129,37832,0
130,37833,0
131,37834,0
132,37835,0
133,37836,0
134,37837,0
135,37838,0
136,37839,0
137,37840,0
138,37841,0
139,37842,0
140,37857,1
141,37860,0
142,37861,2
143,37862,2
144,37863,2
145,37864,2
146,37865,0
147,37866,0
148,37867,0
149,37868,0
150,37869,0
151,37889,0
152,37902,1
153,37910,1
154,37913,0
155,37914,0
156,37915,0
157,37916,0
158,37917,0
159,37918,0
160,37919,0
161,37920,0
162,37921,0
163,37922,0
164,37923,0
165,37924,0
166,37925,0
167,37926,0
168,37927,0
169,37928,0
170,37929,0
171,37930,0
172,37931,0
173,37932,0
174,37933,0
175,37934,0
176,37935,0
177,37936,0
178,37937,0
179,37938,0
180,37939,0
181,37940,0
182,37941,2
183,37942,4
184,37943,4
185,37944,4
186,37945,4
187,38014,2
188,38028,4
189,38055,0
190,38085,4
191,38118,4
192,38142,4
193,38143,4
194,38149,0
195,38150,0
196,38151,0
197,38254,4
198,38255,4
199,38273,4
0,39059,1
1,39061,1
2,39072,0
3,39105,4
4,39164,4
5,39185,0
6,39186,0
7,39187,0
8,39188,0
9,39189,0
10,39190,0
11,39191,0
12,39192,0
13,39193,0
14,39194,0
15,39195,0
16,39196,0
17,39199,0
18,39212,0
19,39213,0
20,39214,0
21,39215,0
22,39216,0
23,39217,0
24,39218,0
25,39289,4
26,39290,0
27,39311,4
28,39313,4
29,39319,4
30,39320,4
31,39344,1
32,39352,2
33,39388,0
34,39389,0
35,39390,0
36,39392,0
37,39408,0
38,39409,0
39,39411,0
40,39417,0
41,39429,2
42,39434,4
43,39472,4
44,39502,1
45,39539,4
46,39542,2
47,39589,0
48,39591,0
49,39592,0
50,39602,4
51,39606,4
52,39638,4
53,39671,0
54,39672,0
55,39673,0
56,39674,2
57,39675,2
58,39714,0
59,39715,0
60,39716,0
61,39717,0
62,39718,0
63,39719,0
64,39720,0
65,39721,0
66,39722,0
67,39723,0
68,39724,0
69,39725,0
70,39726,0
71,39727,0
72,39728,0
73,39729,0
74,39730,0
75,39731,0
76,39732,0
77,39761,2
78,39762,0
79,39763,0
80,39764,0
81,39765,0
82,39810,4
83,39845,4
84,39860,0
85,39861,0
86,39876,4
87,39879,0
88,39880,0
89,39881,0
90,39882,0
91,39883,0
92,39884,0
93,39885,0
94,39886,0
95,39887,0
96,39888,0
97,39891,5
98,39894,0
99,39895,0
100,39929,0
101,39930,0
102,39963,0
103,39964,0
104,39970,4
105,39974,2
106,39975,2
107,39976,2
108,39977,2
109,39978,2
110,39979,2
111,39980,2
112,39981,2
113,39982,2
114,39983,4
115,39985,0
116,39986,0
117,39987,0
118,39988,0
119,39989,0
120,39998,4
121,40010,4
122,40048,4
123,40052,0
124,40064,0
125,40154,0
126,40165,0
127,40166,0
128,40169,0
129,40223,1
130,40224,1
131,40225,2
132,40226,1
133,40227,0
134,40228,0
135,40229,0
136,40230,0
137,40231,0
138,40232,0
139,40233,0
140,40234,0
141,40235,0
142,40236,0
143,40237,0
144,40238,0
145,40239,2
146,40256,0
147,40257,0
148,40258,4
149,40265,0
150,40267,0
151,40274,0
152,40293,4
153,40307,0
154,40308,0
155,40310,0
156,40354,1
157,40355,1
158,40356,2
159,40357,2
160,40416,1
161,40417,1
162,40427,1
163,40428,1
164,40429,1
165,40430,1
166,40431,1
167,40432,1
168,40447,4
169,40450,4
170,40459,0
171,40460,0
172,40461,0
173,40468,4
174,40470,4
175,40475,0
176,40541,0
177,40553,4
178,40556,0
179,40557,0
180,40558,1
181,40565,1
182,40599,5
183,40600,5
184,40604,5
185,40619,0
186,40636,0
187,40651,2
188,40698,0
189,40699,0
190,40705,4
191,40724,1
192,40725,1
193,40797,4
194,40812,0
195,40813,0
196,40814,0
197,40815,0
198,40816,0
199,40817,0
0,40818,0
1,40819,0
2,40820,0
3,40821,0
4,40822,0
5,40823,0
6,40824,0
7,40825,0
8,40826,0
9,40827,0
10,40828,0
11,40829,0
12,40830,0
13,40831,0
14,40832,0
15,40833,0
16,40834,0
17,40835,0
18,40836,0
19,40837,0
20,40838,0
21,40839,0
22,40840,0
23,40841,0
24,40842,0
25,40843,0
26,40844,0
27,40845,0
28,40846,0
29,40847,0
30,40848,0
31,40849,0
32,40850,0
33,40851,0
34,40852,0
35,40853,0
36,40854,0
37,40855,0
38,40856,0
39,40857,0
40,40858,0
41,40859,0
42,40860,0
43,40861,0
44,40862,0
45,40863,0
46,40864,0
47,40865,0
48,40866,0
49,40867,0
50,40868,0
51,40869,0
52,40910,1
53,40911,1
54,40958,0
55,40985,4
56,40986,4
57,41002,4
58,41005,1
59,41006,1
60,41007,1
61,41008,0
62,41009,0
63,41054,4
64,41066,0
65,41067,0
66,41068,0
67,41069,0
68,41088,1
69,41100,0
70,41140,0
71,41141,0
72,41142,0
73,41143,0
74,41144,0
75,41145,0
76,41146,0
77,41147,0
78,41148,0
79,41209,4
80,41210,4
81,41273,4
82,41274,4
83,41276,2
84,41277,4
85,41311,1
86,41325,2
87,41326,2
88,41344,4
89,41365,0
90,41366,0
91,41390,0
92,41391,0
93,41438,0
94,41439,0
95,41440,0
96,41441,0
97,41442,0
98,41443,0
99,41444,0
100,41445,0
101,41446,0
102,41447,0
103,41448,0
104,41449,0
105,41450,0
106,41451,0
107,41452,0
108,41453,0
109,41469,0
110,41471,0
111,41481,2
112,41524,0
113,41544,1
114,41551,4
115,41560,0
116,41561,0
117,41562,0
118,41563,0
119,41564,0
120,41565,0
121,41566,0
122,41567,0
123,41568,0
124,41569,0
125,41570,0
126,41571,0
127,41572,0
128,41573,0
129,41574,0
130,41575,0
131,41576,0
132,41577,0
133,41578,0
134,41579,0
135,41580,0
136,41581,0
137,41582,0
138,41592,0
139,41593,0
140,41594,0
141,41595,0
142,41596,0
143,41597,0
144,41598,0
145,41599,0
146,41600,0
147,41601,0
148,41602,0
149,41603,0
150,41604,0
151,41605,0
152,41606,0
153,41607,0
154,41608,0
155,41616,0
156,41623,1
157,41624,1
158,41625,1
159,41643,1
160,41662,0
161,41671,0
162,41680,0
163,41681,0
164,41682,0
165,41683,0
166,41684,0
167,41685,0
168,41686,0
169,41687,0
170,41688,0
171,41689,0
172,41690,0
173,41691,0
174,41692,0
175,41693,0
176,41694,0
177,41695,0
178,41696,0
179,41697,0
180,41716,0
181,41724,2
182,41730,1
183,41748,1
184,41749,1
185,41752,0
186,41797,4
187,41818,1
188,41820,1
189,41827,0
190,41828,0
191,41829,0
192,41830,0
193,41831,0
194,41832,0
195,41833,0
196,41834,0
197,41835,0
198,41850,4
199,41873,0
0,42362,1
1,42390,1
2,42411,0
3,42448,4
4,42449,4
5,42463,0
6,42520,0
7,42521,0
8,42526,4
9,42527,4
10,42548,2
11,42550,0
12,42551,0
13,42552,0
14,42553,0
15,42611,0
16,42612,0
17,42613,0
18,42615,0
19,42616,0
20,42617,0
21,42625,5
22,42626,4
23,42627,4
24,42628,4
25,42629,4
26,42630,4
27,42631,4
28,42632,4
29,42633,4
30,42634,4
31,42635,4
32,42636,4
33,42637,4
34,42638,4
35,42647,0
36,42648,2
37,42649,2
38,42650,0
39,42651,1
40,42652,0
41,42653,2
42,42654,0
43,42655,0
44,42656,0
45,42657,0
46,42658,0
47,42659,0
48,42660,0
49,42722,0
50,42732,0
51,42741,4
52,42778,0
53,42779,0
54,42780,0
55,42781,0
56,42782,0
57,42783,0
58,42784,0
59,42785,0
60,42786,0
61,42787,0
62,42788,0
63,42789,0
64,42790,0
65,42791,0
66,42792,0
67,42793,0
68,42794,0
69,42795,0
70,42796,0
71,42797,0
72,42798,0
73,42799,0
74,42800,0
75,42801,0
76,42802,0
77,42803,0
78,42804,0
79,42805,0
80,42806,0
81,42807,0
82,42808,0
83,42809,0
84,42810,0
85,42811,0
86,42812,0
87,42813,0
88,42814,0
89,42815,0
90,42816,0
91,42819,4
92,42830,0
93,42893,1
94,42894,1
95,42895,1
96,42896,1
97,42897,1
98,42898,1
99,42899,1
100,41874,0
101,41875,0
102,41876,0
103,41877,0
104,41878,0
105,41879,0
106,41880,0
107,41881,0
108,41882,0
109,41883,0
110,41884,0
111,41885,0
112,41886,0
113,41887,0
114,41888,0
115,41889,0
116,41890,0
117,41891,0
118,41892,0
119,41893,0
120,41894,0
121,41895,0
122,41896,0
123,41897,0
124,41898,0
125,41899,0
126,41900,0
127,41904,0
128,41905,0
129,41906,0
130,41907,0
131,41908,0
132,41909,0
133,41910,0
134,41911,0
135,41912,0
136,41913,0
137,41914,0
138,41915,0
139,41916,0
140,41917,0
141,41918,0
142,41919,0
143,41920,0
144,41921,0
145,41922,0
146,41923,0
147,41924,0
148,41925,0
149,41926,0
150,41927,0
151,41928,0
152,41929,0
153,41968,0
154,41969,0
155,41970,0
156,41971,0
157,41972,0
158,41973,0
159,41974,0
160,41975,0
161,41976,0
162,41977,0
163,41987,0
164,41988,0
165,42010,0
166,42012,0
167,42013,0
168,42014,0
169,42015,0
170,42016,0
171,42017,0
172,42019,4
173,42022,1
174,42035,4
175,42063,0
176,42079,0
177,42080,0
178,42084,0
179,42097,4
180,42098,4
181,42099,4
182,42101,4
183,42102,4
184,42160,4
185,42172,1
186,42177,0
187,42187,0
188,42188,0
189,42189,0
190,42260,4
191,42261,4
192,42262,4
193,42263,4
194,42277,0
195,42283,4
196,42302,5
197,42303,5
198,42308,4
199,42334,0
0,42900,1
1,42934,0
2,42937,4
3,42952,1
4,42953,0
5,42955,0
6,42956,0
7,42969,0
8,42981,0
9,42982,0
10,42983,0
11,42984,0
12,42985,0
13,42986,0
14,42987,0
15,42988,0
16,42989,0
17,42990,1
18,43008,0
19,43076,4
20,43080,0
21,43094,0
22,43096,4
23,43097,4
24,43098,5
25,43125,0
26,43126,0
27,43127,0
28,43128,0
29,43132,4
30,43133,4
31,43135,4
32,43137,4
33,43146,1
34,43163,0
35,43220,0
36,43223,0
37,43227,0
38,43228,0
39,43229,0
40,43230,0
41,43231,0
42,43232,0
43,43233,0
44,43234,0
45,43237,0
46,43245,4
47,43268,0
48,43289,0
49,43298,4
50,43299,4
51,43300,0
52,43302,1
53,43313,4
54,43329,0
55,43331,4
56,43332,2
57,43340,0
58,43341,0
59,43353,1
60,43354,1
61,43355,1
62,43358,0
63,43359,0
64,43360,0
65,43361,0
66,43362,0
67,43395,0
68,43397,0
69,43400,0
70,43401,0
71,43402,0
72,43413,4
73,43424,1
74,43425,1
75,43434,0
76,43436,0
77,43446,1
78,43447,1
79,43448,1
80,43449,1
81,43483,0
82,43496,4
83,43529,0
84,43559,0
85,43560,0
86,43562,0
87,43564,0
88,43565,0
89,43566,0
90,43609,4
91,43617,4
92,43619,1
93,43635,4
94,43652,1
95,43657,0
96,43658,0
97,43665,4
98,43691,0
99,43692,0
100,43693,0
101,43694,0
102,43695,0
103,43696,0
104,43697,0
105,43698,0
106,43699,0
107,43700,0
108,43701,0
109,43702,0
110,43703,0
111,43704,0
112,43705,0
113,43706,0
114,43707,0
115,43708,0
116,43709,0
117,43710,0
118,43711,0
119,43712,0
120,43713,0
121,43714,0
122,43737,0
123,43791,4
124,43823,2
125,43824,2
126,43825,2
127,43827,0
128,43828,0
129,43884,0
130,43885,0
131,43939,0
132,43940,0
133,43941,0
134,43943,0
135,43944,0
136,43945,0
137,43971,4
138,43978,1
139,43979,5
140,43989,0
141,43990,0
142,43991,0
143,43992,0
144,43993,0
145,43994,0
146,43995,0
147,43996,0
148,44006,0
149,44023,0
150,44025,0
151,44026,0
152,44027,0
153,44028,0
154,44029,0
155,44030,0
156,44042,1
157,44044,1
158,44046,1
159,44090,1
160,44140,4
161,44158,1
162,44175,4
163,44178,1
164,44180,1
165,44210,1
166,44220,0
167,44226,0
168,44229,0
169,44230,0
170,44231,4
171,44232,2
172,44233,0
173,44234,0
174,44235,0
175,44236,0
176,44237,0
177,44238,0
178,44239,0
179,44240,0
180,44241,0
181,44242,0
182,44243,0
183,44244,0
184,44261,4
185,44286,0
186,44287,0
187,44288,4
188,44289,4
189,44290,4
190,44310,4
191,44374,0
192,44375,0
193,44376,0
194,44377,0
195,44386,0
196,44431,4
197,44458,4
198,44460,0
199,44464,4
0,44470,0
1,44471,0
2,44492,4
3,44507,0
4,44508,0
5,44509,0
6,44510,0
7,44511,0
8,44512,0
9,44513,0
10,44514,0
11,44515,0
12,44516,0
13,44517,0
14,44518,0
15,44519,0
16,44520,0
17,44521,0
18,44522,0
19,44523,0
20,44524,0
21,44525,0
22,44526,0
23,44527,0
24,44528,0
25,44529,0
26,44532,0
27,44533,0
28,44534,0
29,44535,0
30,44536,0
31,44537,0
32,44538,0
33,44539,0
34,44540,0
35,44541,0
36,44542,0
37,44543,0
38,44544,0
39,44601,4
40,44610,4
41,44628,4
42,44630,1
43,44631,1
44,44632,1
45,44638,1
46,44670,2
47,44671,2
48,44672,2
49,44673,2
50,44674,2
51,44675,2
52,44676,0
53,44677,0
54,44678,0
55,44679,0
56,44680,0
57,44681,0
58,44700,0
59,44708,0
60,44709,0
61,44710,0
62,44711,0
63,44725,0
64,44726,0
65,44728,0
66,44729,0
67,44737,0
68,44738,0
69,44739,0
70,44740,0
71,44752,1
72,44795,1
73,44796,1
74,44797,1
75,44798,1
76,44799,1
77,44800,1
78,44801,1
79,44802,1
80,44803,1
81,44804,1
82,44818,0
83,44819,0
84,44820,0
85,44821,0
86,44848,0
87,44856,4
88,44859,4
89,44879,0
90,44880,0
91,44881,0
92,44882,0
93,44883,0
94,44884,0
95,44885,0
96,44886,0
97,44887,0
98,44888,0
99,44889,0
100,44890,0
101,44891,0
102,44913,4
103,44939,4
104,44946,4
105,44964,1
106,44965,1
107,44966,1
108,44972,5
109,44973,2
110,45001,4
111,45023,0
112,45024,0
113,45025,0
114,45026,0
115,45027,0
116,45028,0
117,45029,0
118,45030,0
119,45032,4
120,45065,0
121,45066,0
122,45067,0
123,45068,0
124,45069,0
125,45070,0
126,45071,0
127,45072,0
128,45074,0
129,45078,0
130,45132,1
131,45169,1
132,45175,1
133,45176,1
134,45177,1
135,45205,0
136,45206,0
137,45207,0
138,45208,0
139,45249,0
140,45250,0
141,45251,0
142,45252,0
143,45253,0
144,45254,0
145,45255,0
146,45256,0
147,45257,0
148,45258,0
149,45259,0
150,45260,0
151,45261,0
152,45262,1
153,45263,1
154,45264,1
155,45265,1
156,45272,4
157,45274,4
158,45340,4
159,45347,0
160,45348,0
161,45349,0
162,45350,0
163,45351,0
164,45352,0
165,45353,0
166,45354,0
167,45362,4
168,45380,0
169,45387,1
170,45413,0
171,45424,0
172,45425,0
173,45433,4
174,45459,1
175,45460,1
176,45461,1
177,45462,1
178,45463,1
179,45464,1
180,45465,1
181,45466,1
182,45467,2
183,45468,2
184,45481,0
185,45482,0
186,45483,0
187,45484,0
188,45485,0
189,45486,2
190,45509,4
191,45512,0
192,45513,0
193,45514,0
194,45515,0
195,45516,0
196,45517,0
197,45518,0
198,45519,0
199,45520,0
0,45521,0
1,45522,0
2,45523,0
3,45524,0
4,45525,0
5,45526,0
6,45527,0
7,45528,0
8,45529,0
9,45533,0
10,45566,1
11,45606,4
12,45623,4
13,45624,4
14,45661,0
15,45664,0
16,45665,0
17,45688,0
18,45711,4
19,45712,4
20,45819,0
21,45820,0
22,45821,0
23,45822,0
24,45825,1
25,45829,0
26,45830,0
27,45831,0
28,45832,0
29,45833,0
30,45834,0
31,45835,0
32,45836,0
33,45837,0
34,45838,0
35,45839,0
36,45840,0
37,45841,0
38,45842,0
39,45843,0
40,45866,0
41,45874,0
42,45875,0
43,45876,0
44,45877,0
45,45878,0
46,45879,0
47,45880,0
48,45881,0
49,45882,0
50,45883,0
51,45884,0
52,45885,0
53,45886,0
54,45887,0
55,45888,0
56,45889,0
57,45890,0
58,45891,0
59,45892,0
60,45898,0
61,45899,0
62,45900,0
63,45901,0
64,45904,4
65,45921,4
66,45922,4
67,45923,4
68,46005,4
69,46028,0
70,46029,0
71,46030,0
72,46031,0
73,46032,0
74,46033,0
75,46034,0
76,46035,0
77,46036,0
78,46040,0
79,46041,0
80,46042,0
81,46043,0
82,46047,2
83,46055,0
84,46056,0
85,46058,0
86,46079,1
87,46080,1
88,46081,1
89,46088,4
90,46091,0
91,46126,4
92,46134,1
93,46177,0
94,46178,0
95,46179,0
96,46180,0
97,46181,0
98,46185,0
99,46190,1
100,46248,4
101,46262,0
102,46283,0
103,46302,4
104,46309,0
105,46313,0
106,46329,0
107,46349,0
108,46362,1
109,46373,5
110,46375,1
111,46376,1
112,46378,1
113,46380,1
114,46386,0
115,46387,0
116,46388,0
117,46389,0
118,46390,0
119,46391,0
120,46392,0
121,46393,0
122,46394,0
123,46395,0
124,46396,0
125,46397,0
126,46400,0
127,46418,1
128,46419,1
129,46420,0
130,46421,0
131,46422,0
132,46423,0
133,46424,0
134,46425,0
135,46426,0
136,46427,0
137,46428,0
138,46429,0
139,46430,0
140,46431,0
141,46432,1
142,46433,1
143,46434,1
144,46435,1
145,46436,0
146,46437,0
147,46438,0
148,46439,0
149,46440,0
150,46441,0
151,46442,0
152,46443,0
153,46450,0
154,46451,0
155,46452,2
156,46453,0
157,46454,2
158,46455,2
159,46456,2
160,46457,0
161,46522,0
162,46550,0
163,46571,1
164,46572,1
165,46573,1
166,46611,4
167,46647,4
168,46666,0
169,46667,0
170,46669,0
171,46670,0
172,46671,0
173,46672,0
174,46682,0
175,46712,4
176,46771,1
177,46805,4
178,46806,5
179,46807,5
180,46808,5
181,46809,5
182,46810,4
183,46829,1
184,46830,0
185,46831,0
186,46832,0
187,46833,0
188,46834,0
189,46835,0
190,46836,0
191,46837,0
192,46838,0
193,46839,0
194,46840,0
195,46841,0
196,46842,0
197,46843,0
198,46844,0
199,46845,0
0,46846,0
1,46847,0
2,46848,0
3,46861,2
4,46862,2
5,46863,2
6,46864,2
7,46865,2
8,46866,0
9,46867,0
10,46868,0
11,46869,0
12,46870,0
13,46871,0
14,46881,1
15,46882,1
16,46883,1
17,46884,1
18,46885,1
19,46886,1
20,46887,1
21,46888,1
22,46889,1
23,46891,0
24,46892,0
25,46929,0
26,46930,0
27,46931,0
28,46932,0
29,46933,0
30,46934,0
31,46935,0
32,46936,0
33,46937,0
34,46938,0
35,46939,0
36,46941,0
37,46942,0
38,46943,0
39,46944,0
40,46945,0
41,46946,0
42,46947,0
43,46948,0
44,46949,0
45,46950,0
46,46962,2
47,46963,2
48,46964,2
49,46966,2
50,47030,4
51,47031,4
52,47032,4
53,47068,1
54,47069,1
55,47070,1
56,47071,1
57,47072,1
58,47073,1
59,47074,1
60,47075,1
61,47099,4
62,47112,0
63,47113,0
64,47114,0
65,47115,0
66,47116,0
67,47117,0
68,47118,0
69,47119,0
70,47120,0
71,47121,0
72,47122,0
73,47123,0
74,47124,0
75,47180,0
76,47181,0
77,47182,0
78,47183,0
79,47184,0
80,47185,0
81,47186,0
82,47197,0
83,47204,0
84,47217,0
85,47218,0
86,47219,0
87,47220,0
88,47221,0
89,47222,0
90,47223,0
91,47224,0
92,47225,0
93,47226,0
94,47227,0
95,47228,0
96,47229,0
97,47230,0
98,47231,0
99,47232,0
100,47233,0
101,47234,0
102,47235,0
103,47236,0
104,47237,0
105,47238,0
106,47239,0
107,47240,0
108,47241,0
109,47242,0
110,47243,0
111,47244,0
112,47245,0
113,47246,0
114,47247,0
115,47248,0
116,47249,0
117,47250,0
118,47251,0
119,47252,0
120,47253,0
121,47286,1
122,47287,1
123,47291,0
124,47292,0
125,47293,0
126,47294,0
127,47295,0
128,47296,0
129,47297,0
130,47298,0
131,47299,0
132,47300,0
133,47301,0
134,47302,0
135,47303,0
136,47304,0
137,47305,0
138,47306,0
139,47307,0
140,47308,0
141,47309,0
142,47310,0
143,47311,0
144,47312,0
145,47313,0
146,47314,0
147,47315,0
148,47316,2
149,47317,2
150,47363,0
151,47368,1
152,47398,4
153,47450,2
154,47454,0
155,47455,0
156,47456,0
157,47457,0
158,47458,0
159,47459,0
160,47460,0
161,47461,0
162,47462,0
163,47463,0
164,47464,0
165,47465,0
166,47466,0
167,47467,0
168,47468,0
169,47474,0
170,47475,0
171,47476,0
172,47490,4
173,47491,4
174,47493,4
175,47494,4
176,47495,4
177,47553,4
178,47574,0
179,47575,0
180,47576,0
181,47577,0
182,47578,0
183,47579,0
184,47580,0
185,47581,0
186,47582,0
187,47583,0
188,47584,0
189,47585,0
190,47586,0
191,47587,0
192,47588,0
193,47589,0
194,47590,0
195,47591,0
196,47592,0
197,47593,0
198,47594,0
199,47630,0
0,48024,4
1,48083,1
2,48086,2
3,48087,1
4,48088,1
5,48089,1
6,48090,1
7,48091,1
8,48092,1
9,48118,1
10,48119,2
11,48120,2
12,48121,2
13,48122,2
14,48123,2
15,48124,0
16,48125,2
17,48126,2
18,48127,2
19,48128,2
20,48130,2
21,48131,2
22,48132,2
23,48133,2
24,48135,2
25,48136,2
26,48137,2
27,48138,2
28,48139,0
29,48140,0
30,48141,0
31,48157,0
32,48158,0
33,48159,0
34,48160,0
35,48161,0
36,48162,0
37,48163,0
38,48190,2
39,48191,2
40,48192,2
41,48193,0
42,48194,4
43,48197,4
44,48200,0
45,48225,4
46,48242,0
47,48243,0
48,48293,0
49,48294,0
50,48295,0
51,48296,0
52,48297,0
53,48298,0
54,48299,0
55,48300,0
56,48306,0
57,48307,0
58,48308,0
59,48309,0
60,48310,0
61,48311,0
62,48312,0
63,48313,0
64,48314,0
65,48315,0
66,48316,0
67,48317,0
68,48318,0
69,48335,2
70,48336,2
71,48337,2
72,48338,2
73,48339,0
74,48340,0
75,48341,0
76,48342,0
77,48343,0
78,48344,0
79,48356,2
80,48357,2
81,48377,4
82,48434,0
83,48461,0
84,48477,4
85,48494,0
86,48532,4
87,48533,4
88,48535,0
89,48542,4
90,48560,1
91,48561,1
92,48562,1
93,48563,1
94,48564,1
95,48565,1
96,48566,1
97,48567,1
98,48568,0
99,48577,0
100,47637,0
101,47639,0
102,47644,4
103,47660,1
104,47665,2
105,47681,0
106,47687,0
107,47713,1
108,47742,2
109,47746,0
110,47751,0
111,47752,0
112,47753,0
113,47754,0
114,47755,0
115,47756,0
116,47757,0
117,47758,0
118,47759,0
119,47760,0
120,47761,0
121,47762,0
122,47763,0
123,47764,0
124,47765,0
125,47767,4
126,47768,4
127,47774,4
128,47775,4
129,47776,4
130,47777,4
131,47793,0
132,47817,1
133,47842,2
134,47853,4
135,47859,0
136,47861,0
137,47862,0
138,47919,0
139,47921,0
140,47922,0
141,47944,4
142,47945,4
143,47947,4
144,47951,0
145,47952,0
146,47953,0
147,47954,0
148,47955,0
149,47956,0
150,47957,0
151,47958,0
152,47959,0
153,47960,0
154,47961,0
155,47962,0
156,47963,0
157,47964,0
158,47965,0
159,47966,0
160,47967,0
161,47968,0
162,47969,0
163,47970,0
164,47971,0
165,47972,0
166,47973,0
167,47974,0
168,47976,0
169,47977,0
170,47978,2
171,47979,2
172,47980,2
173,47981,2
174,47982,2
175,47983,2
176,47984,0
177,47985,0
178,47986,0
179,47987,0
180,47988,0
181,47989,0
182,47990,0
183,47991,0
184,47992,0
185,47993,0
186,47994,0
187,47995,0
188,47996,0
189,47997,0
190,47998,0
191,47999,0
192,48000,0
193,48001,0
194,48002,0
195,48003,0
196,48004,0
197,48005,0
198,48006,0
199,48007,0
0,49164,0
1,49165,0
2,49166,0
3,49167,0
4,49168,0
5,49169,0
6,49170,0
7,49171,0
8,49172,0
9,49173,0
10,49174,0
11,49175,0
12,49205,0
13,49206,2
14,49207,2
15,49208,2
16,49209,0
17,49210,0
18,49211,0
19,49212,0
20,49213,0
21,49214,0
22,49215,0
23,49216,0
24,49217,0
25,49218,0
26,49219,0
27,49220,0
28,49221,0
29,49222,0
30,49223,0
31,49224,0
32,49225,0
33,49226,0
34,49228,0
35,49229,0
36,49230,0
37,49231,0
38,49232,0
39,49233,0
40,49234,0
41,49235,0
42,49236,0
43,49238,0
44,49239,0
45,49240,0
46,49241,0
47,49242,0
48,49243,0
49,49251,0
50,49252,0
51,49253,0
52,49255,0
53,49256,0
54,49257,0
55,49258,0
56,49259,0
57,49260,0
58,49261,0
59,49262,0
60,49265,4
61,49275,0
62,49317,4
63,49321,0
64,49322,0
65,49323,0
66,49326,0
67,49327,0
68,49328,0
69,49329,0
70,49337,4
71,49385,0
72,49386,0
73,49387,0
74,49388,0
75,49389,0
76,49390,0
77,49391,0
78,49392,0
79,49394,0
80,49402,4
81,49404,4
82,49518,4
83,49545,0
84,49546,0
85,49547,0
86,49616,0
87,49618,4
88,49631,4
89,49652,4
90,49655,5
91,49656,0
92,49657,0
93,49658,4
94,49672,0
95,49695,0
96,49696,0
97,49723,1
98,49767,4
99,49787,0
100,48586,4
101,48587,4
102,48595,2
103,48615,0
104,48646,4
105,48648,2
106,48660,1
107,48661,1
108,48662,1
109,48663,1
110,48664,1
111,48665,1
112,48666,1
113,48698,4
114,48724,1
115,48725,1
116,48726,1
117,48741,5
118,48792,2
119,48793,2
120,48794,2
121,48860,1
122,48931,1
123,48932,1
124,48951,0
125,48952,0
126,48954,0
127,48969,4
128,48970,0
129,48971,0
130,48972,0
131,48973,0
132,48974,0
133,48975,0
134,48976,0
135,48977,0
136,48978,0
137,48979,0
138,48980,0
139,48981,0
140,48982,0
141,48983,0
142,48984,0
143,48985,0
144,48986,0
145,48987,0
146,49050,4
147,49051,4
148,49052,4
149,49094,4
150,49095,4
151,49096,4
152,49097,4
153,49098,4
154,49099,4
155,49100,4
156,49101,4
157,49102,4
158,49103,4
159,49104,4
160,49105,4
161,49106,4
162,49107,4
163,49108,4
164,49109,4
165,49110,4
166,49111,4
167,49112,4
168,49113,4
169,49114,4
170,49131,0
171,49135,1
172,49136,1
173,49137,1
174,49138,1
175,49139,1
176,49140,1
177,49141,1
178,49142,1
179,49143,1
180,49144,1
181,49145,1
182,49146,1
183,49147,1
184,49148,1
185,49149,0
186,49150,0
187,49151,2
188,49152,2
189,49153,2
190,49154,0
191,49155,0
192,49156,0
193,49157,0
194,49158,0
195,49159,0
196,49160,0
197,49161,0
198,49162,0
199,49163,0
0,50349,4
1,50350,4
2,50352,4
3,50353,4
4,50358,1
5,50359,1
6,50401,0
7,50402,2
8,50470,0
9,50471,0
10,50513,0
11,50539,1
12,50545,1
13,50546,1
14,50547,1
15,50556,1
16,50560,0
17,50561,0
18,50562,0
19,50563,0
20,50564,0
21,50565,0
22,50566,0
23,50567,0
24,50568,0
25,50569,0
26,50570,0
27,50571,0
28,50572,0
29,50573,0
30,50574,0
31,50575,0
32,50576,0
33,50577,0
34,50578,0
35,50579,0
36,50580,0
37,50581,0
38,50582,0
39,50583,0
40,50584,0
41,50585,0
42,50586,0
43,50587,0
44,50588,0
45,50589,0
46,50590,0
47,50591,0
48,50592,0
49,50593,0
50,50594,0
51,50595,0
52,50600,4
53,50609,4
54,50663,2
55,50671,0
56,50673,1
57,50685,4
58,50687,4
59,50688,4
60,50689,4
61,50726,4
62,50788,0
63,50789,0
64,50790,0
65,50791,0
66,50792,0
67,50793,0
68,50794,0
69,50795,0
70,50799,4
71,50826,0
72,50829,0
73,50874,4
74,50884,4
75,50895,1
76,50896,1
77,50897,1
78,50898,1
79,50899,1
80,50921,4
81,50977,4
82,50984,0
83,51012,4
84,51031,4
85,51036,0
86,51085,0
87,51086,4
88,51087,4
89,51088,4
90,51089,4
91,51112,0
92,51113,0
93,51114,0
94,51115,0
95,51116,0
96,51117,0
97,51118,0
98,51119,0
99,51120,0
100,49788,0
101,49789,0
102,49790,0
103,49836,0
104,49837,0
105,49838,0
106,49839,0
107,49840,0
108,49842,0
109,49843,0
110,49844,0
111,49845,0
112,49846,0
113,49847,0
114,49848,0
115,49849,0
116,49850,0
117,49851,0
118,49852,2
119,49853,2
120,49854,2
121,49855,0
122,49856,0
123,49857,0
124,49858,0
125,49859,0
126,49860,0
127,49861,0
128,49862,0
129,49863,0
130,49864,0
131,49865,0
132,49866,0
133,49867,0
134,49868,0
135,49869,0
136,49870,0
137,49871,0
138,49872,0
139,49873,0
140,49874,0
141,49875,0
142,49876,0
143,49877,0
144,49878,0
145,49879,0
146,49880,0
147,49882,0
148,49883,0
149,49884,0
150,49885,0
151,49886,0
152,49887,0
153,49888,0
154,49889,0
155,49890,0
156,49891,0
157,49892,0
158,49893,0
159,49894,0
160,49895,0
161,49896,0
162,49897,0
163,49913,4
164,49922,4
165,49930,0
166,49932,0
167,49933,0
168,49934,0
169,49938,0
170,49939,0
171,49940,2
172,49941,2
173,49984,0
174,49993,4
175,49994,4
176,49995,4
177,49996,4
178,49997,2
179,50000,4
180,50017,0
181,50020,0
182,50046,4
183,50048,2
184,50141,0
185,50142,0
186,50209,2
187,50210,2
188,50211,0
189,50212,0
190,50213,0
191,50214,0
192,50215,0
193,50258,1
194,50298,4
195,50335,4
196,50339,4
197,50340,4
198,50341,4
199,50348,4
0,51318,0
1,51319,0
2,51326,0
3,51328,0
4,51334,0
5,51335,0
6,51345,4
7,51346,4
8,51383,0
9,51384,0
10,51385,0
11,51386,0
12,51387,0
13,51388,0
14,51389,0
15,51390,0
16,51391,0
17,51392,0
18,51438,1
19,51461,4
20,51462,4
21,51515,2
22,51517,0
23,51535,4
24,51605,0
25,51606,0
26,51607,0
27,51608,0
28,51609,0
29,51610,0
30,51611,0
31,51612,0
32,51613,0
33,51614,0
34,51615,0
35,51616,0
36,51618,0
37,51619,0
38,51620,0
39,51621,0
40,51622,0
41,51623,0
42,51624,0
43,51625,0
44,51626,0
45,51627,0
46,51628,0
47,51629,0
48,51630,0
49,51631,0
50,51632,0
51,51633,0
52,51634,0
53,51669,2
54,51672,0
55,51673,0
56,51674,0
57,51675,0
58,51686,0
59,51687,0
60,51688,0
61,51689,0
62,51690,0
63,51691,0
64,51692,0
65,51693,0
66,51694,0
67,51695,0
68,51696,0
69,51697,0
70,51698,0
71,51699,0
72,51700,0
73,51701,0
74,51702,0
75,51703,0
76,51704,0
77,51705,0
78,51706,0
79,51707,0
80,51709,0
81,51744,4
82,51765,0
83,51766,0
84,51767,0
85,51768,0
86,51769,0
87,51770,0
88,51771,0
89,51772,0
90,51810,1
91,51811,1
92,51816,0
93,51817,0
94,51818,0
95,51819,0
96,51820,0
97,51821,0
98,51822,0
99,51823,0
100,51121,0
101,51122,0
102,51132,0
103,51133,0
104,51147,5
105,51148,5
106,51149,4
107,51151,4
108,51161,0
109,51164,2
110,51165,0
111,51166,2
112,51168,2
113,51169,2
114,51170,2
115,51171,1
116,51172,2
117,51174,2
118,51175,2
119,51176,5
120,51177,1
121,51180,2
122,51181,2
123,51199,4
124,51200,4
125,51201,0
126,51211,4
127,51214,1
128,51228,0
129,51229,0
130,51230,0
131,51231,0
132,51232,0
133,51239,4
134,51240,0
135,51241,0
136,51243,4
137,51244,4
138,51245,4
139,51246,0
140,51247,0
141,51248,4
142,51249,4
143,51250,4
144,51251,4
145,51252,4
146,51253,4
147,51254,4
148,51256,0
149,51257,0
150,51258,0
151,51259,0
152,51260,0
153,51261,0
154,51262,0
155,51263,0
156,51264,0
157,51265,0
158,51266,0
159,51267,0
160,51268,0
161,51269,0
162,51270,0
163,51271,0
164,51272,0
165,51273,0
166,51274,0
167,51275,0
168,51276,0
169,51277,0
170,51278,0
171,51280,1
172,51281,1
173,51282,0
174,51283,2
175,51284,0
176,51285,0
177,51287,1
178,51288,1
179,51289,1
180,51290,1
181,51291,0
182,51292,0
183,51293,0
184,51294,0
185,51295,0
186,51296,0
187,51297,0
188,51298,0
189,51299,0
190,51300,0
191,51301,0
192,51302,0
193,51303,0
194,51304,0
195,51305,0
196,51306,0
197,51307,0
198,51308,0
199,51309,4
0,52514,0
1,52515,0
2,52516,0
3,52517,0
4,52518,0
5,52519,0
6,52520,0
7,52569,0
8,52570,0
9,52571,0
10,52572,0
11,52573,0
12,52574,0
13,52575,0
14,52576,0
15,52577,0
16,52578,0
17,52579,0
18,52580,0
19,52581,0
20,52582,0
21,52647,0
22,52649,1
23,52664,2
24,52696,4
25,52698,4
26,52760,0
27,52761,0
28,52762,0
29,52763,0
30,52768,2
31,52769,2
32,52812,1
33,52843,0
34,52856,0
35,52857,0
36,52858,0
37,52868,4
38,52898,4
39,52909,4
40,52916,4
41,52932,1
42,53017,4
43,53021,4
44,53034,0
45,53035,0
46,53068,0
47,53069,0
48,53070,0
49,53071,0
50,53072,0
51,53073,0
52,53074,0
53,53075,0
54,53076,0
55,53077,0
56,53078,0
57,53079,0
58,53080,0
59,53081,0
60,53082,0
61,53083,0
62,53084,0
63,53085,0
64,53086,0
65,53087,0
66,53138,0
67,53139,0
68,53140,0
69,53141,0
70,53142,0
71,53143,0
72,53144,0
73,53192,4
74,53221,4
75,53222,4
76,53233,0
77,53234,0
78,53235,0
79,53236,0
80,53237,0
81,53238,0
82,53239,0
83,53240,0
84,53241,0
85,53242,0
86,53277,1
87,53278,0
88,53281,4
89,53283,4
90,53286,4
91,53289,4
92,53290,4
93,53337,0
94,53381,0
95,53382,0
96,53384,0
97,53385,0
98,53386,2
99,53387,0
100,51838,0
101,51849,1
102,51851,2
103,51855,0
104,51873,1
105,51890,4
106,51892,4
107,51900,0
108,51901,0
109,51902,0
110,51903,0
111,51904,0
112,51905,0
113,51906,0
114,51916,4
115,51921,4
116,51935,1
117,51937,0
118,51938,0
119,51939,0
120,51940,0
121,51941,0
122,51942,0
123,51943,0
124,51944,0
125,51945,0
126,51946,0
127,51947,0
128,51948,0
129,51987,4
130,52031,4
131,52058,4
132,52060,0
133,52061,0
134,52115,1
135,52144,4
136,52145,4
137,52170,0
138,52204,0
139,52205,4
140,52206,0
141,52207,0
142,52208,0
143,52209,0
144,52210,0
145,52211,0
146,52212,0
147,52213,2
148,52214,2
149,52218,0
150,52219,0
151,52220,0
152,52225,0
153,52226,0
154,52227,0
155,52228,0
156,52229,0
157,52230,0
158,52231,0
159,52232,0
160,52233,0
161,52234,0
162,52235,0
163,52236,0
164,52237,0
165,52371,4
166,52414,1
167,52415,0
168,52416,0
169,52417,0
170,52418,0
171,52441,4
172,52448,0
173,52454,1
174,52469,4
175,52471,0
176,52490,0
177,52491,0
178,52492,0
179,52493,0
180,52494,0
181,52495,0
182,52496,0
183,52497,0
184,52498,0
185,52499,0
186,52500,0
187,52501,0
188,52502,0
189,52503,0
190,52504,0
191,52505,0
192,52506,0
193,52507,0
194,52508,0
195,52509,0
196,52510,0
197,52511,0
198,52512,0
199,52513,0
0,53670,0
1,53671,0
2,53672,0
3,53673,0
4,53702,2
5,53739,4
6,53809,0
7,53810,0
8,53811,0
9,53814,4
10,53840,0
11,53841,4
12,53843,4
13,53855,1
14,53869,1
15,53907,4
16,53952,1
17,53970,0
18,53971,0
19,53972,0
20,53973,0
21,53981,2
22,53982,0
23,53983,0
24,53984,0
25,53985,0
26,53986,0
27,53987,0
28,53988,0
29,54022,0
30,54036,0
31,54051,0
32,54089,1
33,54137,0
34,54138,0
35,54139,0
36,54140,0
37,54141,0
38,54142,0
39,54143,0
40,54144,0
41,54145,0
42,54146,0
43,54147,0
44,54148,0
45,54149,0
46,54168,4
47,54176,0
48,54177,0
49,54178,0
50,54179,0
51,54190,1
52,54195,4
53,54197,4
54,54198,4
55,54199,4
56,54200,0
57,54205,0
58,54206,0
59,54207,0
60,54208,0
61,54209,0
62,54210,0
63,54211,0
64,54212,0
65,54213,0
66,54214,0
67,54215,0
68,54216,0
69,54217,0
70,54218,0
71,54219,0
72,54220,0
73,54221,0
74,54222,0
75,54223,0
76,54224,0
77,54225,0
78,54226,0
79,54227,0
80,54228,0
81,54229,0
82,54230,0
83,54231,0
84,54232,0
85,54233,0
86,54234,0
87,54235,0
88,54236,0
89,54237,0
90,54238,0
91,54239,0
92,54240,0
93,54241,0
94,54242,0
95,54243,0
96,54244,0
97,54245,0
98,54246,0
99,54247,0
100,53388,0
101,53389,0
102,53390,0
103,53391,0
104,53392,0
105,53393,0
106,53394,0
107,53395,0
108,53396,0
109,53397,0
110,53398,0
111,53399,0
112,53400,0
113,53401,0
114,53402,0
115,53403,0
116,53404,0
117,53405,0
118,53406,0
119,53407,0
120,53408,0
121,53409,0
122,53410,0
123,53411,0
124,53412,0
125,53413,0
126,53414,0
127,53415,0
128,53416,0
129,53417,0
130,53418,0
131,53419,0
132,53420,0
133,53421,0
134,53422,0
135,53423,0
136,53424,0
137,53425,0
138,53452,4
139,53461,0
140,53462,0
141,53467,4
142,53542,0
143,53543,0
144,53557,0
145,53567,0
146,53573,1
147,53593,2
148,53594,0
149,53595,0
150,53596,0
151,53597,0
152,53598,0
153,53599,0
154,53614,1
155,53615,1
156,53616,1
157,53622,0
158,53623,0
159,53624,0
160,53630,0
161,53631,0
162,53632,0
163,53633,0
164,53634,0
165,53635,0
166,53636,0
167,53637,0
168,53638,0
169,53639,0
170,53640,0
171,53641,0
172,53642,0
173,53643,0
174,53644,2
175,53645,2
176,53646,2
177,53647,2
178,53648,2
179,53649,2
180,53650,2
181,53651,2
182,53652,2
183,53653,0
184,53654,0
185,53655,0
186,53656,0
187,53657,0
188,53658,0
189,53659,0
190,53660,0
191,53661,0
192,53662,0
193,53663,0
194,53664,0
195,53665,0
196,53666,0
197,53667,0
198,53668,0
199,53669,0
0,54841,4
1,54842,4
2,54843,4
3,54844,4
4,54845,5
5,54846,4
6,54847,4
7,54858,0
8,54859,0
9,54860,0
10,54861,0
11,54862,0
12,54903,0
13,54904,1
14,54905,0
15,54906,2
16,54907,2
17,54911,0
18,54920,0
19,54921,0
20,54922,0
21,54923,0
22,54924,0
23,54925,0
24,54926,0
25,54927,0
26,54928,0
27,54929,0
28,54930,0
29,54931,0
30,54932,0
31,54933,0
32,54934,0
33,54935,0
34,54936,0
35,54937,0
36,54938,0
37,54939,0
38,54940,0
39,54941,0
40,54942,0
41,54943,0
42,54944,0
43,54945,0
44,54976,0
45,55020,1
46,55021,1
47,55022,1
48,55030,4
49,55047,0
50,55048,0
51,55049,2
52,55050,2
53,55051,0
54,55052,0
55,55053,0
56,55054,0
57,55055,0
58,55056,2
59,55069,0
60,55070,4
61,55072,4
62,55076,0
63,55077,0
64,55079,0
65,55237,0
66,55257,1
67,55258,1
68,55259,1
69,55260,1
70,55267,1
71,55333,4
72,55357,0
73,55381,1
74,55387,4
75,55388,4
76,55389,4
77,55390,4
78,55393,4
79,55402,4
80,55403,4
81,55420,0
82,55447,1
83,55473,0
84,55490,1
85,55491,1
86,55520,0
87,55521,4
88,55547,0
89,55549,0
90,55554,4
91,55555,4
92,55568,0
93,55569,0
94,55570,4
95,55593,0
96,55603,1
97,55632,0
98,55646,0
99,55647,0
100,54248,0
101,54249,0
102,54250,0
103,54251,0
104,54252,0
105,54253,0
106,54254,0
107,54255,0
108,54256,0
109,54257,0
110,54258,0
111,54259,0
112,54260,0
113,54261,0
114,54315,2
115,54316,0
116,54317,0
117,54318,0
118,54319,0
119,54320,0
120,54321,0
121,54322,0
122,54323,0
123,54324,0
124,54325,0
125,54326,0
126,54327,0
127,54328,0
128,54329,0
129,54330,0
130,54331,0
131,54385,0
132,54386,0
133,54387,0
134,54388,0
135,54389,0
136,54390,0
137,54391,0
138,54392,0
139,54393,0
140,54394,0
141,54395,0
142,54396,0
143,54397,0
144,54398,0
145,54399,0
146,54400,0
147,54426,0
148,54427,0
149,54428,0
150,54429,0
151,54430,0
152,54431,0
153,54432,0
154,54433,0
155,54434,0
156,54435,0
157,54436,0
158,54437,0
159,54438,0
160,54439,0
161,54440,0
162,54441,0
163,54442,0
164,54443,0
165,54444,0
166,54445,0
167,54446,0
168,54447,0
169,54448,0
170,54449,0
171,54450,0
172,54451,0
173,54452,0
174,54453,0
175,54454,0
176,54455,0
177,54456,0
178,54457,0
179,54458,0
180,54459,0
181,54489,2
182,54511,5
183,54514,4
184,54515,2
185,54516,4
186,54541,4
187,54546,2
188,54564,0
189,54566,0
190,54587,0
191,54651,1
192,54676,2
193,54692,4
194,54833,4
195,54834,0
196,54835,0
197,54836,0
198,54839,4
199,54840,4
0,55648,0
1,55649,0
2,55650,0
3,55651,0
4,55652,0
5,55653,0
6,55666,0
7,55674,4
8,55713,4
9,55755,4
10,55756,4
11,55757,4
12,55768,1
13,55769,1
14,55770,2
15,55771,1
16,55772,2
17,55780,0
18,55781,0
19,55782,2
20,55783,2
21,55784,2
22,55785,2
23,55786,2
24,55810,4
25,55841,0
26,55865,0
27,55866,0
28,55867,0
29,55868,0
30,55869,0
31,55870,0
32,55871,0
33,55872,0
34,55873,0
35,55874,0
36,55875,0
37,55876,0
38,55877,0
39,55878,0
40,55879,0
41,55880,0
42,55881,0
43,55882,0
44,55883,2
45,55887,2
46,55888,2
47,55895,0
48,55941,0
49,55946,2
50,55947,2
51,55952,0
52,55953,0
53,55984,4
54,56002,2
55,56017,4
56,56071,0
57,56073,0
58,56074,0
59,56084,0
60,56085,0
61,56086,0
62,56087,0
63,56146,0
64,56147,0
65,56148,0
66,56149,0
67,56153,0
68,56154,0
69,56155,0
70,56156,0
71,56157,0
72,56159,0
73,56160,0
74,56161,0
75,56162,0
76,56260,0
77,56261,0
78,56262,0
79,56263,0
80,56264,0
81,56265,0
82,56266,0
83,56267,0
84,56268,0
85,56269,0
86,56270,0
87,56271,0
88,56272,0
89,56273,0
90,56274,0
91,56275,0
92,56279,0
93,56280,0
94,56281,0
95,56282,0
96,56283,0
97,56284,0
98,56285,0
99,56286,0
100,56287,0
101,56288,0
102,56289,0
103,56290,0
104,56291,0
105,56292,0
106,56293,0
107,56294,0
108,56295,0
109,56296,0
110,56297,0
111,56298,0
112,56299,0
113,56300,0
114,56301,0
115,56302,4
116,56303,4
117,56304,4
118,56305,4
119,56306,4
120,56307,4
121,56308,4
122,56309,4
123,56311,4
124,56312,4
125,56313,4
126,56314,4
127,56315,4
128,56316,0
129,56332,4
130,56333,4
131,56334,4
132,56335,4
133,56339,4
134,56360,1
135,56362,1
136,56414,0
137,56415,0
138,56416,0
139,56417,0
140,56418,0
141,56419,0
142,56420,0
143,56421,0
144,56422,0
145,56423,0
146,56424,0
147,56450,0
148,56451,0
149,56452,0
150,56453,0
151,56454,2
152,56455,0
153,56474,0
154,56477,0
155,56478,0
156,56488,0
157,56489,0
158,56490,0
159,56491,0
160,56492,0
161,56493,0
162,56494,0
163,56495,0
164,56496,0
165,56497,0
166,56498,0
167,56499,0
168,56500,0
169,56501,0
170,56502,0
171,56503,0
172,56505,4
173,56508,1
174,56512,0
175,56603,0
176,56604,0
177,56605,0
178,56606,0
179,56607,0
180,56608,0
181,56609,0
182,56610,0
183,56611,0
184,56612,0
185,56613,0
186,56614,0
187,56615,0
188,56616,0
189,56617,0
190,56618,0
191,56619,0
192,56620,0
193,56621,0
194,56623,0
195,56624,0
196,56625,0
197,56658,2
198,56659,0
199,56660,0
0,56661,0
1,56663,0
2,56665,0
3,56666,0
4,56674,0
5,56675,0
6,56677,1
7,56678,1
8,56679,1
9,56681,1
10,56682,1
11,56683,1
12,56684,1
13,56685,1
14,56686,1
15,56692,1
16,56693,1
17,56694,1
18,56695,1
19,56696,1
20,56697,1
21,56698,1
22,56699,0
23,56700,0
24,56702,0
25,56703,0
26,56704,2
27,56705,2
28,56713,0
29,56714,0
30,56715,0
31,56716,0
32,56717,0
33,56718,0
34,56719,0
35,56720,0
36,56721,0
37,56722,0
38,56723,0
39,56724,0
40,56725,0
41,56727,0
42,56778,4
43,56792,0
44,56793,0
45,56794,0
46,56795,0
47,56796,0
48,56816,4
49,56817,4
50,56822,4
51,56933,4
52,56935,2
53,56936,2
54,56937,2
55,56953,0
56,56954,0
57,56955,0
58,56962,4
59,56963,4
60,56974,4
61,56985,1
62,56986,1
63,56988,2
64,56989,2
65,56990,0
66,56991,2
67,56993,0
68,56994,0
69,56995,0
70,56996,0
71,56997,0
72,56998,0
73,56999,0
74,57036,0
75,57037,2
76,57038,1
77,57039,1
78,57056,2
79,57057,2
80,57119,2
81,57120,2
82,57121,2
83,57122,2
84,57123,2
85,57124,2
86,57125,0
87,57126,4
88,57127,4
89,57128,4
90,57129,4
91,57130,4
92,57132,0
93,57140,1
94,57194,4
95,57212,4
96,57226,0
97,57227,0
98,57228,0
99,57229,4
100,57242,4
101,57243,4
102,57258,4
103,57259,4
104,57272,0
105,57274,0
106,57277,0
107,57278,0
108,57279,0
109,57280,0
110,57281,0
111,57282,4
112,57283,4
113,57301,0
114,57302,0
115,57303,0
116,57304,0
117,57305,0
118,57306,0
119,57307,0
120,57308,0
121,57309,0
122,57310,0
123,57311,0
124,57312,0
125,57313,0
126,57314,1
127,57321,1
128,57322,0
129,57323,0
130,57324,0
131,57325,0
132,57326,0
133,57327,0
134,57328,0
135,57329,0
136,57343,2
137,57345,1
138,57351,4
139,57361,4
140,57362,4
141,57409,4
142,57411,0
143,57412,2
144,57489,4
145,57508,4
146,57515,0
147,57516,0
148,57517,0
149,57518,0
150,57519,0
151,57520,0
152,57521,0
153,57528,0
154,57529,0
155,57530,0
156,57531,0
157,57533,2
158,57534,2
159,57535,2
160,57536,0
161,57537,0
162,57538,0
163,57539,0
164,57540,0
165,57541,0
166,57542,0
167,57543,0
168,57555,4
169,57556,4
170,57583,4
171,57589,1
172,57594,0
173,57595,0
174,57596,0
175,57597,0
176,57598,0
177,57599,0
178,57600,0
179,57601,0
180,57602,0
181,57603,0
182,57604,0
183,57605,0
184,57606,0
185,57607,0
186,57608,0
187,57609,0
188,57610,0
189,57611,0
190,57612,0
191,57613,0
192,57614,0
193,57615,0
194,57616,0
195,57617,0
196,57618,0
197,57619,0
198,57620,0
199,57627,2
0,58073,0
1,58074,0
2,58075,0
3,58076,0
4,58081,0
5,58082,0
6,58083,0
7,58084,0
8,58085,0
9,58086,0
10,58087,0
11,58088,0
12,58090,2
13,58091,2
14,58094,0
15,58095,0
16,58096,0
17,58097,0
18,58098,0
19,58138,0
20,58139,0
21,58140,0
22,58141,0
23,58142,0
24,58143,0
25,58144,0
26,58182,4
27,58247,0
28,58248,0
29,58249,0
30,58250,0
31,58251,0
32,58252,0
33,58253,0
34,58254,0
35,58255,0
36,58256,0
37,58257,0
38,58258,0
39,58259,0
40,58260,0
41,58261,0
42,58262,0
43,58263,0
44,58264,0
45,58265,0
46,58266,0
47,58267,0
48,58268,0
49,58269,0
50,58270,0
51,58271,0
52,58272,0
53,58273,0
54,58274,0
55,58275,0
56,58276,0
57,58277,0
58,58278,0
59,58279,0
60,58280,0
61,58281,0
62,58282,0
63,58283,0
64,58284,0
65,58285,0
66,58286,0
67,58287,0
68,58288,0
69,58289,0
70,58290,0
71,58291,0
72,58292,0
73,58293,0
74,58294,0
75,58295,0
76,58296,0
77,58297,0
78,58298,0
79,58299,0
80,58300,0
81,58301,0
82,58302,0
83,58303,0
84,58304,0
85,58305,0
86,58306,0
87,58307,0
88,58308,0
89,58359,2
90,58360,2
91,58368,0
92,58400,4
93,58498,2
94,58499,0
95,58500,0
96,58501,0
97,58502,0
98,58503,2
99,58504,0
100,57629,0
101,57634,0
102,57654,2
103,57655,2
104,57656,0
105,57657,0
106,57736,4
107,57749,4
108,57780,0
109,57781,0
110,57782,2
111,57783,2
112,57784,2
113,57785,2
114,57786,2
115,57787,2
116,57788,0
117,57789,0
118,57790,0
119,57791,0
120,57792,0
121,57793,2
122,57794,0
123,57795,0
124,57796,0
125,57797,0
126,57798,0
127,57799,0
128,57800,0
129,57801,0
130,57802,0
131,57803,0
132,57804,0
133,57805,0
134,57806,0
135,57807,0
136,57808,0
137,57809,0
138,57810,0
139,57811,0
140,57812,0
141,57813,0
142,57814,0
143,57815,0
144,57816,0
145,57817,0
146,57818,0
147,57819,0
148,57830,0
149,57855,0
150,57856,0
151,57857,0
152,57877,1
153,57878,1
154,57883,2
155,57900,0
156,57910,0
157,57921,2
158,57922,2
159,57959,4
160,57961,4
161,57986,4
162,58002,2
163,58007,4
164,58036,0
165,58037,0
166,58038,0
167,58039,0
168,58040,0
169,58041,0
170,58042,0
171,58044,2
172,58045,0
173,58046,0
174,58047,0
175,58048,0
176,58049,0
177,58050,0
178,58051,0
179,58052,0
180,58053,0
181,58054,0
182,58055,0
183,58056,0
184,58057,0
185,58058,0
186,58059,0
187,58060,0
188,58061,0
189,58062,0
190,58063,0
191,58064,0
192,58065,0
193,58066,0
194,58067,0
195,58068,0
196,58069,0
197,58070,0
198,58071,0
199,58072,2
0,59123,0
1,59203,0
2,59204,0
3,59205,0
4,59206,0
5,59218,0
6,59221,4
7,59237,2
8,59241,4
9,59244,4
10,59245,4
11,59263,1
12,59276,4
13,59292,4
14,59300,1
15,59310,0
16,59315,4
17,59317,0
18,59320,4
19,59326,0
20,59412,0
21,59413,0
22,59417,4
23,59421,4
24,59465,0
25,59466,0
26,59474,0
27,59475,0
28,59476,0
29,59477,0
30,59478,0
31,59483,1
32,59484,0
33,59485,0
34,59486,0
35,59487,0
36,59488,0
37,59489,0
38,59490,0
39,59491,0
40,59492,0
41,59493,0
42,59494,0
43,59495,0
44,59496,0
45,59497,0
46,59498,0
47,59499,0
48,59500,0
49,59501,0
50,59502,0
51,59503,0
52,59504,0
53,59505,0
54,59523,2
55,59534,0
56,59590,4
57,59591,4
58,59607,1
59,59609,4
60,59635,2
61,59672,0
62,59674,4
63,59679,0
64,59695,1
65,59696,1
66,59697,1
67,59698,1
68,59699,1
69,59700,0
70,59721,0
71,59724,0
72,59730,4
73,59743,4
74,59744,4
75,59749,0
76,59774,4
77,59777,0
78,59783,1
79,59784,1
80,59785,1
81,59794,4
82,59795,1
83,59796,1
84,59797,1
85,59798,1
86,59813,4
87,59829,0
88,59830,2
89,59831,2
90,59832,2
91,59878,1
92,59913,4
93,59916,4
94,59918,4
95,59919,4
96,59920,4
97,59921,4
98,59923,0
99,59924,0
100,58505,0
101,58527,4
102,58533,4
103,58593,2
104,58594,1
105,58595,1
106,58675,0
107,58713,0
108,58714,0
109,58733,0
110,58738,4
111,58740,1
112,58745,0
113,58746,0
114,58747,0
115,58748,0
116,58749,0
117,58750,0
118,58783,4
119,58799,1
120,58800,1
121,58802,1
122,58803,1
123,58804,2
124,58806,2
125,58813,0
126,58814,0
127,58815,0
128,58816,0
129,58817,0
130,58818,0
131,58819,0
132,58820,0
133,58821,0
134,58822,2
135,58823,0
136,58824,2
137,58825,0
138,58826,0
139,58827,0
140,58832,0
141,58833,0
142,58834,0
143,58835,4
144,58909,0
145,58910,0
146,58911,0
147,58912,0
148,58913,0
149,58914,0
150,58915,0
151,58916,0
152,58917,0
153,58919,0
154,58920,0
155,58921,0
156,58922,0
157,58923,0
158,58924,0
159,58925,2
160,58926,2
161,58929,2
162,59085,0
163,59086,0
164,59087,0
165,59088,0
166,59089,0
167,59090,0
168,59091,0
169,59092,0
170,59093,0
171,59094,0
172,59095,0
173,59096,0
174,59097,0
175,59098,0
176,59099,0
177,59100,0
178,59101,0
179,59102,0
180,59103,0
181,59104,0
182,59105,0
183,59106,0
184,59107,0
185,59108,0
186,59109,0
187,59110,0
188,59111,0
189,59112,0
190,59113,0
191,59114,0
192,59115,0
193,59116,0
194,59117,0
195,59118,0
196,59119,0
197,59120,0
198,59121,0
199,59122,0
0,60569,0
1,60570,0
2,60571,0
3,60626,0
4,60638,0
5,60640,4
6,60663,4
7,60684,1
8,60685,1
9,60726,0
10,60727,0
11,60728,0
12,60729,0
13,60730,0
14,60731,0
15,60732,0
16,60733,0
17,60734,0
18,60735,0
19,60736,0
20,60738,0
21,60739,0
22,60740,0
23,60741,0
24,60742,0
25,60743,0
26,60744,0
27,60745,0
28,60746,0
29,60747,0
30,60748,0
31,60749,0
32,60750,0
33,60751,0
34,60752,0
35,60753,0
36,60754,0
37,60755,0
38,60756,0
39,60757,0
40,60758,0
41,60759,0
42,60760,0
43,60761,0
44,60762,0
45,60763,0
46,60783,1
47,60786,0
48,60788,2
49,60789,2
50,60794,4
51,60820,4
52,60831,0
53,60832,1
54,60893,0
55,60894,0
56,60895,0
57,60896,0
58,60904,4
59,60905,4
60,60924,4
61,60925,4
62,60985,0
63,60990,0
64,60991,0
65,60993,0
66,60997,0
67,60998,0
68,60999,0
69,61000,0
70,61001,0
71,61002,0
72,61003,0
73,61004,0
74,61005,0
75,61006,0
76,61007,0
77,61008,0
78,61009,0
79,61010,0
80,61011,0
81,61012,1
82,61013,1
83,61014,1
84,61015,1
85,61016,1
86,61017,1
87,61018,1
88,61019,0
89,61020,0
90,61021,0
91,61022,0
92,61023,0
93,61024,0
94,61025,0
95,61026,0
96,61027,0
97,61028,0
98,61029,0
99,61030,0
100,59925,0
101,59926,0
102,59951,1
103,59958,0
104,59959,0
105,59960,0
106,59961,0
107,59962,0
108,59963,0
109,59964,0
110,59965,0
111,59966,0
112,59967,0
113,59968,0
114,59969,0
115,59970,0
116,59971,0
117,59972,0
118,59973,0
119,59974,0
120,59975,0
121,59976,0
122,59977,0
123,59978,0
124,59979,0
125,59996,0
126,59997,0
127,59998,0
128,59999,0
129,60000,0
130,60001,0
131,60002,0
132,60004,0
133,60006,0
134,60007,0
135,60008,0
136,60009,0
137,60010,0
138,60011,0
139,60012,0
140,60013,0
141,60014,0
142,60015,0
143,60016,0
144,60017,0
145,60018,0
146,60019,0
147,60020,0
148,60154,0
149,60155,0
150,60156,0
151,60157,0
152,60158,0
153,60159,0
154,60172,4
155,60173,4
156,60174,4
157,60175,4
158,60176,4
159,60251,4
160,60304,0
161,60305,0
162,60307,0
163,60312,0
164,60330,0
165,60331,0
166,60332,0
167,60333,0
168,60334,0
169,60335,0
170,60336,0
171,60348,2
172,60350,0
173,60352,4
174,60370,4
175,60371,4
176,60383,4
177,60390,4
178,60427,0
179,60428,0
180,60429,0
181,60430,0
182,60431,0
183,60455,4
184,60461,4
185,60462,4
186,60463,4
187,60466,1
188,60467,1
189,60468,1
190,60469,1
191,60480,4
192,60481,4
193,60482,4
194,60483,4
195,60493,0
196,60494,0
197,60521,1
198,60545,0
199,60568,0
0,61031,0
1,61032,0
2,61033,0
3,61034,0
4,61035,0
5,61037,4
6,61038,4
7,61039,4
8,61058,4
9,61098,0
10,61099,0
11,61149,0
12,61179,0
13,61180,0
14,61181,0
15,61182,0
16,61183,0
17,61184,0
18,61185,0
19,61186,0
20,61216,4
21,61217,4
22,61218,4
23,61219,4
24,61225,0
25,61228,0
26,61229,0
27,61234,4
28,61248,5
29,61249,1
30,61253,0
31,61255,0
32,61256,0
33,61257,0
34,61258,0
35,61259,0
36,61260,0
37,61261,0
38,61323,0
39,61344,4
40,61352,4
41,61353,4
42,61358,4
43,61415,0
44,61418,4
45,61419,4
46,61433,2
47,61435,0
48,61436,0
49,61437,0
50,61438,0
51,61439,0
52,61440,0
53,61441,0
54,61442,0
55,61466,1
56,61468,0
57,61470,0
58,61471,0
59,61472,0
60,61529,0
61,61530,0
62,61531,0
63,61532,0
64,61533,0
65,61534,0
66,61535,0
67,61536,0
68,61537,0
69,61538,0
70,61539,0
71,61540,1
72,61565,0
73,61566,0
74,61567,0
75,61568,0
76,61569,0
77,61570,0
78,61571,0
79,61572,0
80,61573,0
81,61574,0
82,61575,0
83,61576,0
84,61577,0
85,61578,0
86,61579,0
87,61580,0
88,61581,0
89,61582,0
90,61583,0
91,61584,0
92,61585,0
93,61586,0
94,61587,0
95,61588,0
96,61589,0
97,61596,1
98,61598,1
99,61603,0
100,61607,0
101,61608,0
102,61609,0
103,61610,0
104,61611,0
105,61612,0
106,61613,0
107,61614,0
108,61615,0
109,61616,0
110,61627,2
111,61628,0
112,61629,0
113,61630,0
114,61631,0
115,61632,0
116,61633,0
117,61634,0
118,61635,0
119,61636,0
120,61637,0
121,61638,0
122,61640,0
123,61641,0
124,61646,4
125,61689,4
126,61695,0
127,61718,0
128,61719,0
129,61720,0
130,61721,0
131,61722,0
132,61723,0
133,61724,0
134,61725,0
135,61726,0
136,61727,0
137,61728,0
138,61729,0
139,61730,0
140,61731,0
141,61732,0
142,61733,0
143,61734,0
144,61735,0
145,61736,0
146,61748,0
147,61749,0
148,61750,0
149,61751,0
150,61752,0
151,61753,0
152,61754,0
153,61755,0
154,61756,0
155,61757,0
156,61758,0
157,61759,0
158,61760,2
159,61761,2
160,61762,2
161,61763,1
162,61764,1
163,61765,1
164,61797,0
165,61798,0
166,61799,0
167,61800,1
168,61801,0
169,61802,0
170,61803,0
171,61804,0
172,61805,0
173,61806,0
174,61807,0
175,61808,0
176,61809,0
177,61810,0
178,61811,0
179,61812,0
180,61816,0
181,61821,1
182,61822,1
183,61827,0
184,61828,0
185,61829,0
186,61830,0
187,61831,0
188,61832,0
189,61833,0
190,61834,0
191,61835,0
192,61836,0
193,61837,0
194,61838,0
195,61839,0
196,61840,0
197,61841,0
198,61842,0
199,61843,0
0,62274,0
1,62275,0
2,62276,0
3,62277,0
4,62278,0
5,62279,0
6,62280,0
7,62281,0
8,62282,0
9,62283,0
10,62284,0
11,62285,0
12,62286,0
13,62287,0
14,62288,0
15,62289,0
16,62290,0
17,62291,0
18,62292,0
19,62293,0
20,62294,0
21,62295,0
22,62296,0
23,62297,0
24,62298,0
25,62299,0
26,62300,0
27,62301,0
28,62302,0
29,62303,0
30,62304,0
31,62305,0
32,62306,0
33,62307,0
34,62308,0
35,62309,1
36,62310,1
37,62311,1
38,62369,4
39,62406,0
40,62407,1
41,62408,1
42,62436,1
43,62437,1
44,62438,1
45,62439,1
46,62440,1
47,62441,1
48,62442,1
49,62443,1
50,62444,2
51,62445,2
52,62480,1
53,62523,0
54,62570,0
55,62571,0
56,62572,0
57,62573,0
58,62574,0
59,62575,0
60,62576,2
61,62577,2
62,62578,2
63,62579,2
64,62580,0
65,62581,0
66,62582,0
67,62583,0
68,62584,0
69,62585,0
70,62586,0
71,62587,0
72,62588,0
73,62589,0
74,62599,0
75,62600,0
76,62635,0
77,62645,4
78,62681,0
79,62728,0
80,62779,4
81,62795,1
82,62861,4
83,62865,0
84,62866,0
85,62867,0
86,62868,0
87,62869,0
88,62870,0
89,62871,0
90,62874,1
91,62918,2
92,62919,0
93,62920,0
94,62921,0
95,62922,0
96,62923,0
97,62924,0
98,62925,0
99,62926,0
100,61844,0
101,61845,0
102,61846,0
103,61847,0
104,61848,0
105,61849,0
106,61850,0
107,61851,0
108,61852,0
109,61853,0
110,61854,0
111,61867,0
112,61871,0
113,61872,0
114,61880,1
115,61881,2
116,61884,1
117,61899,0
118,61900,0
119,61901,0
120,61902,0
121,61903,0
122,61904,0
123,61905,0
124,61906,0
125,61907,0
126,61915,2
127,61919,0
128,61920,0
129,61934,2
130,61935,2
131,61936,2
132,61943,0
133,61950,1
134,61960,0
135,61961,0
136,61962,0
137,61963,0
138,61964,0
139,61965,0
140,61966,0
141,61967,0
142,61968,0
143,61969,0
144,61970,0
145,61973,4
146,61994,0
147,62005,0
148,62037,2
149,62048,0
150,62049,0
151,62050,0
152,62051,0
153,62052,0
154,62071,1
155,62085,2
156,62086,2
157,62087,2
158,62101,1
159,62104,0
160,62105,0
161,62116,4
162,62201,1
163,62202,1
164,62203,1
165,62204,1
166,62215,4
167,62219,0
168,62220,0
169,62221,0
170,62222,0
171,62223,0
172,62224,0
173,62225,0
174,62226,0
175,62227,0
176,62228,0
177,62229,0
178,62230,0
179,62231,0
180,62232,0
181,62233,0
182,62234,0
183,62235,0
184,62236,0
185,62243,4
186,62245,0
187,62246,0
188,62262,0
189,62263,0
190,62264,0
191,62265,0
192,62266,0
193,62267,0
194,62268,0
195,62269,0
196,62270,0
197,62271,0
198,62272,0
199,62273,0
0,62927,0
1,62928,0
2,62929,0
3,62930,0
4,62931,0
5,62932,0
6,62933,0
7,62934,0
8,62936,1
9,62937,1
10,62938,1
11,62939,1
12,62940,1
13,62941,1
14,62942,1
15,62943,1
16,62944,1
17,62945,1
18,62946,1
19,62947,1
20,62948,1
21,62949,1
22,62950,1
23,62951,1
24,62952,1
25,62953,1
26,62969,4
27,62983,0
28,62996,1
29,62997,0
30,63032,0
31,63033,0
32,63035,0
33,63036,0
34,63037,0
35,63038,0
36,63039,0
37,63040,0
38,63041,0
39,63042,0
40,63043,0
41,63044,0
42,63045,0
43,63046,0
44,63047,0
45,63051,1
46,63052,2
47,63053,1
48,63054,1
49,63055,0
50,63056,0
51,63057,0
52,63058,0
53,63059,0
54,63060,0
55,63061,0
56,63062,0
57,63063,0
58,63064,0
59,63065,0
60,63066,0
61,63067,0
62,63068,0
63,63069,0
64,63070,0
65,63071,0
66,63093,1
67,63099,0
68,63100,0
69,63101,0
70,63127,2
71,63128,4
72,63137,0
73,63138,0
74,63179,4
75,63186,1
76,63187,1
77,63189,1
78,63191,1
79,63193,1
80,63211,0
81,63218,4
82,63219,4
83,63220,4
84,63221,0
85,63222,0
86,63223,0
87,63224,0
88,63225,0
89,63226,0
90,63243,2
91,63244,2
92,63245,2
93,63246,0
94,63247,0
95,63248,0
96,63249,0
97,63250,0
98,63251,0
99,63252,0
100,63253,0
101,63254,0
102,63255,0
103,63256,0
104,63257,0
105,63258,0
106,63259,0
107,63260,0
108,63265,0
109,63266,0
110,63267,0
111,63268,0
112,63269,0
113,63270,0
114,63271,0
115,63272,0
116,63273,0
117,63274,0
118,63275,0
119,63276,0
120,63277,0
121,63278,0
122,63279,0
123,63280,0
124,63281,0
125,63282,0
126,63283,4
127,63300,0
128,63301,0
129,63302,0
130,63303,0
131,63304,0
132,63305,0
133,63306,0
134,63307,0
135,63308,0
136,63309,0
137,63310,0
138,63311,0
139,63312,0
140,63313,0
141,63314,0
142,63327,0
143,63328,0
144,63329,4
145,63330,2
146,63331,2
147,63332,2
148,63333,2
149,63334,2
150,63335,2
151,63336,2
152,63337,2
153,63338,2
154,63339,2
155,63363,4
156,63383,2
157,63384,2
158,63385,2
159,63386,2
160,63387,2
161,63388,2
162,63389,0
163,63390,0
164,63391,0
165,63392,0
166,63393,0
167,63394,0
168,63433,2
169,63434,2
170,63435,0
171,63436,0
172,63485,4
173,63486,4
174,63578,0
175,63628,1
176,63629,1
177,63631,1
178,63632,1
179,63633,1
180,63634,1
181,63646,4
182,63652,4
183,63655,4
184,63662,4
185,63681,0
186,63690,4
187,63693,1
188,63695,0
189,63721,4
190,63740,0
191,63741,0
192,63742,0
193,63743,0
194,63744,1
195,63751,0
196,63752,0
197,63753,0
198,63754,0
199,63755,0
0,64275,1
1,64278,0
2,64279,0
3,64280,0
4,64281,0
5,64282,0
6,64283,0
7,64284,0
8,64285,0
9,64286,0
10,64287,0
11,64288,0
12,64289,0
13,64290,0
14,64291,0
15,64294,4
16,64302,0
17,64303,0
18,64304,0
19,64305,0
20,64306,0
21,64307,0
22,64308,0
23,64309,0
24,64310,0
25,64311,0
26,64312,0
27,64313,0
28,64314,0
29,64315,0
30,64316,0
31,64317,0
32,64318,0
33,64319,0
34,64320,0
35,64321,0
36,64322,0
37,64323,0
38,64324,0
39,64325,0
40,64326,0
41,64327,0
42,64328,0
43,64329,0
44,64330,0
45,64331,0
46,64332,0
47,64333,0
48,64334,0
49,64335,0
50,64336,0
51,64337,0
52,64338,0
53,64339,0
54,64340,0
55,64341,0
56,64342,0
57,64343,0
58,64344,0
59,64346,0
60,64347,0
61,64354,2
62,64364,4
63,64365,5
64,64366,4
65,64367,4
66,64368,4
67,64369,4
68,64370,4
69,64371,4
70,64372,4
71,64373,4
72,64374,4
73,64375,4
74,64377,4
75,64378,4
76,64379,4
77,64386,2
78,64388,0
79,64389,4
80,64390,4
81,64400,0
82,64479,4
83,64480,0
84,64481,0
85,64482,0
86,64494,0
87,64495,0
88,64496,0
89,64497,0
90,64498,0
91,64499,0
92,64500,0
93,64501,0
94,64502,0
95,64503,0
96,64504,0
97,64505,0
98,64506,0
99,64507,0
100,63756,0
101,63757,0
102,63758,0
103,63759,0
104,63760,0
105,63761,0
106,63762,0
107,63767,0
108,63768,0
109,63780,4
110,63794,0
111,63808,0
112,63809,0
113,63810,0
114,63816,1
115,63817,2
116,63818,2
117,63820,0
118,63821,0
119,63822,0
120,63824,1
121,63825,1
122,63826,1
123,63827,1
124,63828,2
125,63844,0
126,63845,0
127,63846,0
128,63847,0
129,63854,0
130,63855,0
131,63856,0
132,63890,2
133,63952,1
134,63966,1
135,63967,1
136,63971,0
137,63972,2
138,63973,2
139,63974,2
140,63975,2
141,63976,2
142,63977,2
143,63978,2
144,63979,2
145,63980,2
146,63981,2
147,63982,2
148,63983,2
149,63984,2
150,63985,2
151,63986,2
152,63987,0
153,63988,0
154,64009,2
155,64041,0
156,64070,2
157,64071,2
158,64072,0
159,64073,0
160,64074,0
161,64075,2
162,64076,0
163,64077,0
164,64082,0
165,64103,1
166,64104,1
167,64106,0
168,64107,0
169,64113,0
170,64135,4
171,64137,4
172,64138,4
173,64158,0
174,64159,0
175,64160,0
176,64161,0
177,64162,0
178,64163,0
179,64164,0
180,64165,0
181,64166,0
182,64169,1
183,64170,1
184,64171,1
185,64172,1
186,64173,1
187,64174,1
188,64175,1
189,64183,1
190,64184,0
191,64185,0
192,64186,0
193,64194,1
194,64262,1
195,64263,1
196,64271,1
197,64272,1
198,64273,1
199,64274,1
0,64508,0
1,64509,0
2,64510,0
3,64511,0
4,64512,0
5,64513,0
6,64514,0
7,64515,0
8,64516,0
9,64517,0
10,64518,0
11,64519,0
12,64520,0
13,64521,0
14,64522,0
15,64523,0
16,64524,0
17,64525,0
18,64526,0
19,64527,0
20,64532,0
21,64533,0
22,64534,1
23,64549,4
24,64581,4
25,64618,4
26,64663,0
27,64669,0
28,64670,0
29,64671,0
30,64672,0
31,64673,0
32,64674,0
33,64675,0
34,64676,0
35,64677,2
36,64678,2
37,64705,0
38,64706,0
39,64742,0
40,64744,0
41,64745,0
42,64746,0
43,64748,0
44,64749,0
45,64750,0
46,64751,0
47,64752,0
48,64753,0
49,64754,0
50,64755,0
51,64756,0
52,64757,0
53,64758,0
54,64759,0
55,64760,0
56,64761,0
57,64762,0
58,64763,0
59,64764,0
60,64775,1
61,64776,1
62,64777,1
63,64837,0
64,64838,0
65,64842,4
66,64849,4
67,64859,4
68,64872,0
69,64873,0
70,64874,0
71,64875,0
72,64876,0
73,64877,0
74,64883,4
75,64890,0
76,64892,4
77,64895,0
78,64896,0
79,64901,0
80,64902,0
81,64903,2
82,64907,1
83,64908,1
84,64909,1
85,64910,1
86,64911,1
87,64912,1
88,64925,0
89,64926,0
90,64927,0
91,64928,0
92,64929,0
93,64930,0
94,64931,0
95,64932,0
96,64933,0
97,64934,0
98,64935,0
99,64936,0
100,64937,0
101,64938,0
102,64939,0
103,64940,2
104,64944,1
105,64949,1
106,64950,2
107,64951,2
108,64952,2
109,64953,2
110,64954,0
111,64955,0
112,64956,0
113,64959,0
114,64960,0
115,64961,0
116,64963,0
117,64964,0
118,64965,0
119,64977,1
120,64992,0
121,64993,0
122,64994,0
123,64995,0
124,64996,0
125,64997,0
126,64998,5
127,64999,0
128,65002,0
129,65003,0
130,65004,0
131,65038,4
132,65089,1
133,65097,4
134,65119,0
135,65146,0
136,65147,0
137,65148,0
138,65149,0
139,65150,0
140,65151,0
141,65152,0
142,65153,0
143,65178,2
144,65179,2
145,65180,1
146,65181,0
147,65182,0
148,65183,0
149,65184,0
150,65185,0
151,65186,0
152,65187,0
153,65206,0
154,65214,4
155,65215,4
156,65223,4
157,65293,0
158,65294,0
159,65315,4
160,65325,0
161,65326,0
162,65327,0
163,65328,0
164,65329,0
165,65330,0
166,65331,0
167,65332,0
168,65345,0
169,65357,1
170,65388,1
171,65389,1
172,65390,1
173,65399,4
174,65437,0
175,65438,0
176,65439,0
177,65440,0
178,65441,0
179,65442,0
180,65443,0
181,65444,0
182,65445,0
183,65446,0
184,65447,0
185,65448,0
186,65449,0
187,65450,0
188,65451,0
189,65452,0
190,65453,0
191,65454,0
192,65455,0
193,65488,1
194,65501,4
195,65528,4
196,65542,1
197,65602,4
198,65605,0
199,65609,5
0,66201,0
1,66202,0
2,66203,0
3,66204,0
4,66206,0
5,66207,0
6,66208,0
7,66209,0
8,66210,0
9,66211,0
10,66212,0
11,66213,0
12,66237,4
13,66245,4
14,66261,4
15,66291,4
16,66331,1
17,66354,0
18,66355,0
19,66356,0
20,66357,0
21,66358,0
22,66359,0
23,66360,0
24,66361,0
25,66362,0
26,66363,0
27,66364,0
28,66365,0
29,66366,0
30,66367,0
31,66368,0
32,66369,0
33,66370,0
34,66371,0
35,66372,0
36,66373,0
37,66399,4
38,66400,4
39,66401,4
40,66402,4
41,66404,4
42,66490,4
43,66506,0
44,66507,2
45,66508,1
46,66509,2
47,66510,0
48,66511,2
49,66512,0
50,66513,2
51,66514,0
52,66515,0
53,66516,2
54,66517,0
55,66519,0
56,66520,0
57,66521,0
58,66522,0
59,66523,0
60,66524,0
61,66525,0
62,66526,0
63,66527,0
64,66528,0
65,66529,0
66,66568,4
67,66569,4
68,66585,1
69,66586,1
70,66588,0
71,66589,0
72,66590,0
73,66591,0
74,66592,0
75,66593,0
76,66594,0
77,66595,0
78,66596,0
79,66597,0
80,66598,0
81,66599,0
82,66600,0
83,66601,0
84,66602,0
85,66603,0
86,66604,0
87,66605,0
88,66606,0
89,66607,0
90,66608,2
91,66609,2
92,66610,2
93,66611,1
94,66612,1
95,66613,1
96,66614,1
97,66615,1
98,66616,1
99,66617,1
100,65610,0
101,65611,0
102,65612,1
103,65613,1
104,65614,1
105,65616,1
106,65617,1
107,65618,1
108,65619,1
109,65620,1
110,65622,1
111,65645,2
112,65649,2
113,65650,4
114,65674,4
115,65684,0
116,65685,0
117,65686,0
118,65687,0
119,65688,0
120,65689,0
121,65696,4
122,65718,4
123,65765,2
124,65766,2
125,65768,4
126,65769,4
127,65770,4
128,65771,4
129,65772,4
130,65773,4
131,65774,4
132,65775,4
133,65776,4
134,65777,4
135,65825,0
136,65826,0
137,65835,4
138,65847,1
139,65931,1
140,65932,1
141,65933,1
142,65937,4
143,65938,4
144,65943,1
145,65945,1
146,65946,1
147,65948,1
148,66010,4
149,66030,2
150,66031,2
151,66032,4
152,66038,4
153,66039,4
154,66054,0
155,66061,1
156,66073,1
157,66076,0
158,66077,0
159,66103,2
160,66117,0
161,66118,0
162,66119,0
163,66120,0
164,66121,0
165,66123,0
166,66124,0
167,66125,0
168,66126,0
169,66127,0
170,66128,0
171,66129,0
172,66130,0
173,66159,1
174,66168,1
175,66169,1
176,66176,0
177,66177,0
178,66178,0
179,66179,0
180,66180,0
181,66182,0
182,66183,0
183,66184,0
184,66185,0
185,66186,0
186,66187,0
187,66188,0
188,66189,0
189,66190,0
190,66191,0
191,66192,0
192,66193,0
193,66194,0
194,66195,0
195,66196,0
196,66197,0
197,66198,0
198,66199,0
199,66200,0
0,67186,0
1,67187,0
2,67188,0
3,67189,0
4,67190,0
5,67191,0
6,67192,0
7,67194,0
8,67195,0
9,67196,0
10,67197,0
11,67198,0
12,67199,0
13,67200,0
14,67201,0
15,67202,0
16,67203,0
17,67220,0
18,67235,0
19,67236,0
20,67237,0
21,67242,0
22,67249,0
23,67282,4
24,67308,0
25,67357,5
26,67358,4
27,67376,5
28,67377,4
29,67378,4
30,67384,4
31,67395,0
32,67396,0
33,67397,0
34,67398,0
35,67399,0
36,67400,0
37,67412,1
38,67465,0
39,67466,0
40,67467,0
41,67468,0
42,67469,0
43,67470,0
44,67471,0
45,67472,0
46,67473,0
47,67474,0
48,67475,0
49,67476,0
50,67477,0
51,67478,4
52,67479,4
53,67480,4
54,67481,0
55,67482,0
56,67483,0
57,67484,0
58,67485,0
59,67486,0
60,67487,0
61,67488,0
62,67489,0
63,67490,0
64,67491,0
65,67492,0
66,67493,0
67,67494,0
68,67495,0
69,67496,0
70,67497,0
71,67498,0
72,67499,0
73,67500,0
74,67501,0
75,67502,0
76,67503,0
77,67504,0
78,67505,0
79,67506,0
80,67507,0
81,67517,4
82,67523,0
83,67620,1
84,67648,4
85,67649,4
86,67669,1
87,67670,1
88,67672,1
89,67673,1
90,67674,1
91,67697,0
92,67704,4
93,67705,4
94,67708,2
95,67713,0
96,67714,0
97,67715,0
98,67716,0
99,67784,4
100,66618,1
101,66619,1
102,66620,1
103,66621,1
104,66622,2
105,66623,0
106,66624,0
107,66625,0
108,66626,0
109,66627,0
110,66628,0
111,66629,0
112,66630,0
113,66631,0
114,66632,0
115,66633,0
116,66634,0
117,66640,0
118,66647,4
119,66668,0
120,66673,4
121,66674,4
122,66690,0
123,66711,4
124,66712,0
125,66713,0
126,66714,0
127,66715,0
128,66716,0
129,66717,0
130,66718,0
131,66719,0
132,66720,0
133,66721,0
134,66722,0
135,66723,0
136,66724,0
137,66725,0
138,66727,0
139,66728,0
140,66729,1
141,66765,4
142,66784,4
143,66799,2
144,66823,1
145,66824,1
146,66825,1
147,66826,1
148,66828,1
149,66829,1
150,66837,1
151,66853,1
152,66868,0
153,66874,4
154,66876,1
155,66877,1
156,66878,1
157,66879,1
158,66880,1
159,66881,1
160,66882,1
161,66883,1
162,66884,1
163,66885,1
164,66886,1
165,66887,1
166,66888,1
167,66902,1
168,66928,4
169,66929,0
170,66934,0
171,66981,0
172,66982,0
173,66983,0
174,66984,0
175,66999,0
176,67036,0
177,67037,0
178,67038,0
179,67039,0
180,67040,0
181,67048,4
182,67108,0
183,67109,0
184,67110,0
185,67111,0
186,67112,0
187,67136,1
188,67161,4
189,67175,0
190,67176,0
191,67177,0
192,67178,0
193,67179,0
194,67180,0
195,67181,0
196,67182,0
197,67183,0
198,67184,0
199,67185,0
0,67817,4
1,67832,4
2,67855,5
3,67860,4
4,67872,4
5,67887,4
6,67936,1
7,67950,0
8,67965,0
9,67967,0
10,67968,0
11,67969,2
12,67970,0
13,67971,2
14,67986,0
15,67987,0
16,67988,0
17,67989,0
18,67990,0
19,67991,2
20,67992,0
21,67993,2
22,67994,2
23,67995,2
24,68000,0
25,68001,0
26,68002,0
27,68054,0
28,68055,0
29,68056,0
30,68057,0
31,68058,0
32,68059,0
33,68060,0
34,68061,0
35,68062,0
36,68063,0
37,68064,0
38,68065,0
39,68066,0
40,68067,0
41,68068,0
42,68070,4
43,68128,5
44,68148,4
45,68155,1
46,68164,4
47,68165,4
48,68166,4
49,68167,4
50,68169,4
51,68170,4
52,68171,4
53,68198,0
54,68199,0
55,68200,0
56,68201,0
57,68202,0
58,68203,0
59,68204,0
60,68205,1
61,68218,0
62,68219,0
63,68220,0
64,68221,0
65,68222,0
66,68223,0
67,68224,0
68,68225,0
69,68226,0
70,68227,0
71,68228,0
72,68229,0
73,68230,0
74,68231,0
75,68232,0
76,68233,0
77,68234,0
78,68235,0
79,68236,0
80,68284,4
81,68314,4
82,68370,1
83,68371,1
84,68372,0
85,68373,2
86,68374,2
87,68375,0
88,68376,2
89,68377,2
90,68378,2
91,68379,2
92,68380,2
93,68386,1
94,68406,4
95,68407,4
96,68416,4
97,68454,1
98,68476,0
99,68477,0
100,68478,0
101,68479,0
102,68480,0
103,68481,0
104,68482,0
105,68483,0
106,68484,0
107,68485,0
108,68486,0
109,68487,0
110,68488,0
111,68504,2
112,68510,2
113,68511,0
114,68512,0
115,68513,0
116,68514,0
117,68515,0
118,68516,0
119,68517,0
120,68520,0
121,68524,0
122,68525,0
123,68526,0
124,68527,0
125,68528,0
126,68529,0
127,68530,0
128,68531,0
129,68532,0
130,68533,0
131,68534,0
132,68535,0
133,68536,0
134,68537,0
135,68538,0
136,68539,0
137,68540,0
138,68541,0
139,68542,0
140,68543,0
141,68544,2
142,68545,2
143,68546,2
144,68547,2
145,68605,0
146,68606,0
147,68607,0
148,68608,0
149,68609,0
150,68610,0
151,68611,0
152,68612,0
153,68613,0
154,68614,0
155,68615,0
156,68616,0
157,68617,0
158,68618,0
159,68619,0
160,68620,0
161,68621,0
162,68622,0
163,68623,0
164,68624,0
165,68625,0
166,68626,0
167,68627,0
168,68646,2
169,68648,4
170,68688,0
171,68689,0
172,68729,0
173,68767,0
174,68768,0
175,68769,0
176,68770,0
177,68771,0
178,68772,0
179,68773,0
180,68774,0
181,68775,0
182,68776,0
183,68777,0
184,68778,0
185,68779,0
186,68780,0
187,68781,0
188,68795,4
189,68796,4
190,68830,0
191,68844,4
192,68850,4
193,68852,1
194,68858,4
195,68862,4
196,68876,4
197,68952,0
198,68958,0
199,68959,0
0,68983,0
1,68984,0
2,68995,0
3,68996,0
4,68997,0
5,68998,0
6,68999,0
7,69000,0
8,69001,0
9,69002,0
10,69003,0
11,69004,0
12,69005,0
13,69006,0
14,69007,0
15,69008,0
16,69009,0
17,69010,0
18,69011,0
19,69012,0
20,69013,0
21,69014,0
22,69031,4
23,69041,4
24,69079,0
25,69094,0
26,69095,0
27,69112,1
28,69140,0
29,69230,0
30,69231,0
31,69232,0
32,69233,0
33,69234,0
34,69239,0
35,69240,0
36,69241,0
37,69242,0
38,69243,0
39,69244,0
40,69245,0
41,69246,0
42,69247,0
43,69248,0
44,69249,0
45,69250,0
46,69269,4
47,69292,0
48,69293,0
49,69294,0
50,69312,4
51,69341,4
52,69394,0
53,69395,0
54,69396,0
55,69397,0
56,69398,0
57,69399,0
58,69400,0
59,69401,0
60,69402,0
61,69403,0
62,69404,0
63,69405,0
64,69406,0
65,69407,0
66,69408,0
67,69409,0
68,69410,0
69,69411,0
70,69412,0
71,69413,0
72,69427,4
73,69444,0
74,69445,0
75,69446,0
76,69447,0
77,69478,0
78,69479,0
79,69480,0
80,69483,0
81,69490,0
82,69512,4
83,69513,5
84,69514,0
85,69515,0
86,69522,0
87,69523,0
88,69524,0
89,69527,0
90,69528,0
91,69529,0
92,69530,0
93,69531,0
94,69532,0
95,69533,0
96,69534,0
97,69535,0
98,69536,0
99,69537,0
100,69538,0
101,69539,0
102,69540,0
103,69541,0
104,69542,0
105,69543,0
106,69544,0
107,69545,0
108,69546,0
109,69547,0
110,69548,0
111,69549,0
112,69550,0
113,69552,0
114,69553,0
115,69554,0
116,69604,4
117,69617,4
118,69618,1
119,69619,1
120,69620,1
121,69645,0
122,69718,4
123,69719,4
124,69745,0
125,69785,2
126,69786,2
127,69826,4
128,69854,0
129,69855,0
130,69862,4
131,69885,0
132,69906,0
133,69907,4
134,69908,4
135,69994,4
136,70004,4
137,70021,0
138,70022,0
139,70023,0
140,70024,0
141,70039,1
142,70098,4
143,70102,4
144,70108,4
145,70110,1
146,70116,4
147,70127,1
148,70133,1
149,70149,1
150,70150,4
151,70151,4
152,70153,0
153,70154,0
154,70155,0
155,70156,0
156,70157,0
157,70158,0
158,70159,0
159,70160,0
160,70161,0
161,70162,0
162,70163,0
163,70164,0
164,70165,0
165,70166,0
166,70167,0
167,70168,0
168,70169,0
169,70170,0
170,70171,0
171,70172,0
172,70173,0
173,70174,0
174,70175,0
175,70176,0
176,70177,0
177,70178,0
178,70179,0
179,70180,0
180,70181,0
181,70182,0
182,70183,0
183,70198,0
184,70203,0
185,70204,0
186,70209,0
187,70235,2
188,70236,2
189,70245,0
190,70246,0
191,70247,0
192,70248,0
193,70249,0
194,70250,0
195,70251,2
196,70252,2
197,70253,2
198,70254,4
199,70255,2
0,70598,0
1,70599,0
2,70600,0
3,70601,0
4,70602,0
5,70603,0
6,70604,0
7,70605,0
8,70606,0
9,70607,0
10,70608,0
11,70611,2
12,70612,2
13,70613,2
14,70614,2
15,70615,2
16,70616,2
17,70617,2
18,70618,2
19,70619,2
20,70706,4
21,70707,4
22,70709,4
23,70735,4
24,70743,4
25,70749,1
26,70750,1
27,70776,0
28,70782,0
29,70783,0
30,70784,0
31,70785,2
32,70794,4
33,70797,1
34,70812,1
35,70874,4
36,70886,0
37,70887,0
38,70888,0
39,70889,0
40,70890,0
41,70892,0
42,70894,0
43,70895,0
44,70896,0
45,70897,0
46,70898,0
47,70899,0
48,70900,0
49,70901,0
50,70902,0
51,70903,0
52,70904,0
53,70905,0
54,70906,0
55,70907,0
56,70908,0
57,70909,0
58,70910,0
59,70911,0
60,70912,0
61,70913,0
62,70925,0
63,70963,0
64,70964,0
65,70968,4
66,70995,4
67,71000,1
68,71003,1
69,71015,4
70,71019,0
71,71020,0
72,71026,0
73,71027,0
74,71028,0
75,71029,0
76,71030,2
77,71042,0
78,71048,4
79,71065,1
80,71075,1
81,71076,1
82,71122,0
83,71129,0
84,71130,0
85,71131,0
86,71132,0
87,71133,0
88,71134,0
89,71135,0
90,71136,0
91,71137,0
92,71138,0
93,71139,0
94,71140,0
95,71141,0
96,71142,0
97,71143,0
98,71144,0
99,71145,0
100,70256,4
101,70257,4
102,70258,4
103,70259,4
104,70260,4
105,70261,4
106,70262,4
107,70263,4
108,70264,4
109,70265,4
110,70266,4
111,70267,4
112,70268,4
113,70269,4
114,70270,4
115,70271,4
116,70272,4
117,70273,4
118,70274,4
119,70275,4
120,70276,4
121,70277,4
122,70278,4
123,70279,4
124,70280,4
125,70281,4
126,70282,4
127,70283,4
128,70284,4
129,70285,4
130,70286,4
131,70288,2
132,70335,0
133,70336,0
134,70337,0
135,70338,0
136,70339,0
137,70340,0
138,70341,0
139,70342,0
140,70343,0
141,70344,0
142,70345,0
143,70346,0
144,70347,0
145,70348,0
146,70349,0
147,70350,0
148,70412,0
149,70414,0
150,70415,0
151,70416,0
152,70417,0
153,70418,0
154,70425,0
155,70452,0
156,70474,0
157,70487,2
158,70496,4
159,70524,1
160,70537,4
161,70546,0
162,70547,0
163,70559,0
164,70560,0
165,70561,0
166,70562,0
167,70563,0
168,70564,0
169,70565,0
170,70566,0
171,70567,0
172,70568,0
173,70569,0
174,70570,0
175,70571,0
176,70572,0
177,70573,0
178,70576,0
179,70577,0
180,70578,4
181,70579,4
182,70580,0
183,70581,0
184,70582,0
185,70583,0
186,70584,0
187,70585,0
188,70586,0
189,70587,0
190,70588,0
191,70589,0
192,70590,0
193,70591,0
194,70592,0
195,70593,0
196,70594,0
197,70595,0
198,70596,0
199,70597,0
0,71620,0
1,71621,1
2,71625,0
3,71626,0
4,71627,0
5,71628,0
6,71629,0
7,71645,0
8,71646,4
9,71647,4
10,71657,2
11,71658,2
12,71659,0
13,71669,0
14,71671,0
15,71674,4
16,71675,4
17,71679,0
18,71686,0
19,71693,0
20,71695,0
21,71700,2
22,71715,4
23,71720,0
24,71721,0
25,71722,0
26,71733,1
27,71769,0
28,71799,4
29,71842,1
30,71861,4
31,71896,0
32,71897,0
33,71898,0
34,71899,0
35,71900,0
36,71901,0
37,71902,0
38,71903,0
39,71904,0
40,71905,0
41,71906,0
42,71907,0
43,71908,0
44,71909,0
45,71910,0
46,71911,0
47,71912,0
48,71913,0
49,71914,0
50,71915,0
51,71916,0
52,71917,0
53,71918,0
54,71919,0
55,71920,0
56,71921,0
57,71922,0
58,71923,0
59,71924,0
60,71925,0
61,71926,0
62,71927,0
63,71928,0
64,71929,0
65,71930,0
66,71931,1
67,71932,1
68,71933,1
69,71934,1
70,71935,1
71,71936,1
72,71937,1
73,71938,1
74,71959,4
75,71960,4
76,71971,0
77,71972,0
78,71973,0
79,71974,1
80,71981,2
81,71982,1
82,72000,0
83,72025,1
84,72029,0
85,72031,0
86,72032,0
87,72034,0
88,72150,4
89,72151,4
90,72152,4
91,72227,4
92,72240,0
93,72241,0
94,72242,0
95,72243,0
96,72244,0
97,72245,0
98,72246,0
99,72247,0
100,71146,0
101,71147,0
102,71148,0
103,71149,0
104,71150,0
105,71151,0
106,71152,0
107,71153,0
108,71154,0
109,71155,0
110,71156,0
111,71157,0
112,71158,0
113,71159,0
114,71160,0
115,71161,0
116,71162,0
117,71186,1
118,71212,2
119,71217,0
120,71236,1
121,71256,5
122,71300,1
123,71306,4
124,71307,4
125,71338,4
126,71389,4
127,71457,0
128,71486,2
129,71505,0
130,71506,0
131,71507,0
132,71508,0
133,71509,0
134,71510,0
135,71511,0
136,71512,0
137,71513,0
138,71514,0
139,71515,0
140,71516,0
141,71517,0
142,71518,0
143,71519,0
144,71520,0
145,71521,0
146,71522,0
147,71523,0
148,71525,1
149,71540,4
150,71550,1
151,71551,1
152,71552,1
153,71553,1
154,71554,1
155,71555,1
156,71556,1
157,71558,1
158,71559,1
159,71561,1
160,71562,1
161,71563,1
162,71564,1
163,71565,1
164,71566,1
165,71580,4
166,71581,4
167,71583,0
168,71584,0
169,71585,0
170,71586,0
171,71587,0
172,71588,0
173,71589,0
174,71590,0
175,71591,0
176,71592,0
177,71593,0
178,71594,0
179,71595,0
180,71596,0
181,71597,0
182,71598,0
183,71599,0
184,71600,0
185,71601,0
186,71602,0
187,71603,0
188,71604,0
189,71605,0
190,71606,0
191,71607,0
192,71608,0
193,71609,0
194,71610,0
195,71615,1
196,71616,1
197,71617,2
198,71618,0
199,71619,0
0,72248,0
1,72249,0
2,72250,0
3,72251,0
4,72279,1
5,72280,1
6,72281,1
7,72282,1
8,72283,1
9,72284,1
10,72285,1
11,72286,1
12,72287,1
13,72289,1
14,72290,1
15,72291,1
16,72292,1
17,72293,1
18,72294,1
19,72295,1
20,72296,1
21,72297,1
22,72298,1
23,72299,1
24,72300,1
25,72301,1
26,72302,1
27,72303,1
28,72304,1
29,72305,1
30,72369,0
31,72370,0
32,72371,0
33,72372,0
34,72373,0
35,72374,0
36,72375,0
37,72376,0
38,72377,0
39,72378,0
40,72379,0
41,72381,4
42,72382,0
43,72383,0
44,72384,0
45,72385,0
46,72386,0
47,72387,0
48,72388,0
49,72389,0
50,72390,0
51,72391,0
52,72392,0
53,72393,0
54,72394,0
55,72395,0
56,72396,0
57,72397,0
58,72398,0
59,72399,0
60,72400,0
61,72401,0
62,72402,0
63,72403,0
64,72404,0
65,72406,4
66,72431,0
67,72441,2
68,72442,2
69,72443,2
70,72457,2
71,72458,2
72,72459,0
73,72460,0
74,72461,0
75,72462,0
76,72463,0
77,72486,4
78,72499,1
79,72524,0
80,72525,0
81,72526,0
82,72527,0
83,72528,0
84,72529,0
85,72530,0
86,72531,0
87,72532,0
88,72533,0
89,72534,0
90,72535,0
91,72536,0
92,72537,0
93,72538,0
94,72539,0
95,72540,0
96,72541,0
97,72542,0
98,72543,0
99,72544,0
100,72545,0
101,72546,0
102,72547,0
103,72548,0
104,72549,0
105,72550,0
106,72551,0
107,72552,0
108,72553,0
109,72554,0
110,72555,0
111,72561,0
112,72617,0
113,72643,0
114,72644,0
115,72648,0
116,72649,0
117,72657,1
118,72665,1
119,72666,1
120,72667,1
121,72669,1
122,72670,1
123,72709,0
124,72713,0
125,72734,4
126,72736,4
127,72737,4
128,72738,4
129,72773,4
130,72774,4
131,72775,4
132,72777,4
133,72823,0
134,72824,0
135,72825,0
136,72836,4
137,72888,4
138,72898,5
139,72899,5
140,72921,4
141,72939,4
142,72952,4
143,72953,4
144,73025,2
145,73035,0
146,73043,0
147,73057,0
148,73060,0
149,73070,0
150,73080,5
151,73102,4
152,73186,1
153,73205,2
154,73206,0
155,73223,4
156,73225,4
157,73310,4
158,73347,4
159,73352,1
160,73403,1
161,73439,1
162,73537,0
163,73538,0
164,73539,2
165,73541,0
166,73542,0
167,73543,0
168,73544,0
169,73545,0
170,73546,0
171,73549,0
172,73579,0
173,73580,0
174,73581,0
175,73582,0
176,73583,0
177,73584,0
178,73585,0
179,73586,0
180,73587,0
181,73588,0
182,73589,0
183,73590,0
184,73591,0
185,73592,0
186,73593,0
187,73594,0
188,73595,0
189,73596,0
190,73597,0
191,73598,0
192,73599,0
193,73600,0
194,73601,0
195,73602,0
196,73603,0
197,73604,0
198,73605,0
199,73607,0
0,74293,0
1,74302,4
2,74303,1
3,74305,1
4,74306,1
5,74308,0
6,74368,0
7,74369,0
8,74370,0
9,74371,0
10,74372,0
11,74373,0
12,74374,0
13,74375,0
14,74376,0
15,74377,0
16,74378,0
17,74379,0
18,74380,0
19,74381,0
20,74382,0
21,74383,0
22,74384,0
23,74385,0
24,74386,0
25,74387,0
26,74388,0
27,74389,0
28,74390,0
29,74391,0
30,74392,0
31,74393,0
32,74394,0
33,74395,0
34,74396,0
35,74397,0
36,74398,0
37,74399,0
38,74400,0
39,74401,0
40,74402,0
41,74403,0
42,74404,0
43,74405,0
44,74406,0
45,74407,0
46,74408,0
47,74409,0
48,74410,0
49,74411,0
50,74412,0
51,74413,0
52,74414,0
53,74415,0
54,74416,0
55,74417,0
56,74418,0
57,74419,0
58,74420,0
59,74421,0
60,74422,0
61,74423,0
62,74424,0
63,74425,0
64,74431,2
65,74433,0
66,74434,0
67,74435,4
68,74436,1
69,74441,4
70,74468,0
71,74469,0
72,74484,1
73,74505,0
74,74506,0
75,74507,0
76,74542,4
77,74549,4
78,74567,4
79,74595,0
80,74634,0
81,74637,1
82,74696,0
83,74738,1
84,74741,1
85,74742,1
86,74743,1
87,74744,1
88,74745,1
89,74769,1
90,74770,1
91,74780,2
92,74803,0
93,74804,0
94,74806,0
95,74851,2
96,74852,2
97,74858,0
98,74859,0
99,74860,0
100,73608,0
101,73609,0
102,73610,0
103,73611,2
104,73612,2
105,73613,2
106,73614,0
107,73615,0
108,73616,0
109,73617,0
110,73618,0
111,73619,0
112,73620,0
113,73621,0
114,73622,0
115,73623,0
116,73624,0
117,73625,1
118,73626,2
119,73627,2
120,73642,1
121,73643,1
122,73706,1
123,73707,1
124,73708,1
125,73709,1
126,73710,1
127,73711,1
128,73749,1
129,73754,0
130,73755,0
131,73756,0
132,73757,0
133,73758,0
134,73759,0
135,73760,0
136,73761,0
137,73762,0
138,73764,4
139,73774,1
140,73776,4
141,73805,0
142,73806,0
143,73807,0
144,73808,0
145,73809,0
146,73810,0
147,73811,0
148,73812,0
149,73813,0
150,73814,0
151,73815,0
152,73816,0
153,73817,0
154,73818,0
155,73819,0
156,73820,0
157,73821,0
158,73822,0
159,73823,0
160,73824,0
161,73825,0
162,73826,0
163,73827,0
164,73828,0
165,73829,0
166,73836,4
167,73852,1
168,73853,1
169,73854,1
170,73872,0
171,73873,0
172,73874,0
173,73875,0
174,73876,0
175,73877,0
176,73878,0
177,73882,0
178,73907,4
179,73908,4
180,73954,0
181,73967,2
182,73979,4
183,73993,0
184,74059,4
185,74060,4
186,74120,4
187,74166,4
188,74168,2
189,74174,0
190,74175,0
191,74176,0
192,74177,0
193,74178,0
194,74179,0
195,74180,0
196,74192,4
197,74194,4
198,74208,4
199,74263,0
0,74861,0
1,74862,0
2,74863,0
3,74864,0
4,74865,0
5,74866,0
6,74867,0
7,74868,0
8,74869,0
9,74870,0
10,74871,0
11,74872,0
12,74873,0
13,74874,0
14,74886,2
15,74887,2
16,74888,2
17,74909,0
18,74910,0
19,74917,0
20,74925,4
21,74926,4
22,74927,4
23,74928,4
24,74929,4
25,74930,4
26,74931,4
27,74932,4
28,74933,4
29,74934,4
30,74936,4
31,74940,0
32,74941,4
33,74942,4
34,74943,4
35,74944,4
36,74946,0
37,74970,0
38,74971,0
39,74972,0
40,74973,0
41,74974,0
42,74975,0
43,74976,0
44,74977,0
45,74978,0
46,74979,0
47,74980,0
48,74981,0
49,74982,0
50,74983,0
51,74984,0
52,74985,0
53,74986,1
54,74987,0
55,74988,0
56,74989,0
57,74990,0
58,74991,0
59,74992,0
60,74993,0
61,74994,0
62,74995,0
63,74996,0
64,74997,0
65,74998,0
66,74999,0
67,75000,0
68,75001,0
69,75002,0
70,75003,0
71,75004,0
72,75005,0
73,75006,0
74,75007,0
75,75008,0
76,75009,0
77,75010,0
78,75011,0
79,75012,0
80,75014,4
81,75018,4
82,75053,2
83,75054,2
84,75055,4
85,75056,0
86,75057,0
87,75058,0
88,75094,0
89,75095,0
90,75096,0
91,75097,0
92,75098,0
93,75099,0
94,75100,0
95,75101,0
96,75137,0
97,75181,4
98,75183,4
99,75185,4
100,75187,4
101,75188,4
102,75189,4
103,75190,4
104,75196,4
105,75310,0
106,75311,0
107,75312,0
108,75313,0
109,75314,0
110,75315,2
111,75316,2
112,75317,2
113,75318,2
114,75320,0
115,75321,0
116,75322,0
117,75347,5
118,75359,0
119,75362,0
120,75365,0
121,75366,0
122,75367,0
123,75368,0
124,75369,0
125,75370,0
126,75371,0
127,75373,0
128,75374,0
129,75375,0
130,75376,0
131,75377,0
132,75378,0
133,75379,0
134,75380,0
135,75381,0
136,75382,0
137,75383,0
138,75384,0
139,75385,0
140,75386,0
141,75387,0
142,75388,0
143,75390,0
144,75391,0
145,75392,0
146,75454,1
147,75475,0
148,75476,0
149,75506,0
150,75515,1
151,75517,5
152,75535,4
153,75536,4
154,75560,0
155,75588,0
156,75593,0
157,75665,0
158,75694,0
159,75734,4
160,75771,0
161,75773,0
162,75774,0
163,75775,0
164,75776,0
165,75777,0
166,75778,0
167,75779,0
168,75780,0
169,75781,0
170,75782,0
171,75783,0
172,75784,4
173,75786,2
174,75790,0
175,75823,4
176,75855,0
177,75856,0
178,75857,0
179,75858,0
180,75859,0
181,75860,0
182,75861,0
183,75862,0
184,75863,0
185,75864,0
186,75865,0
187,75866,0
188,75867,0
189,75868,0
190,75869,0
191,75870,0
192,75871,0
193,75876,4
194,75892,4
195,75933,0
196,75947,4
197,75948,4
198,75989,0
199,75990,4
0,76301,0
1,76335,4
2,76403,2
3,76407,4
4,76429,1
5,76430,1
6,76438,0
7,76439,0
8,76440,2
9,76441,2
10,76442,2
11,76443,2
12,76444,2
13,76445,2
14,76446,2
15,76507,0
16,76508,0
17,76509,0
18,76510,0
19,76511,0
20,76512,0
21,76513,0
22,76514,0
23,76515,0
24,76516,0
25,76517,0
26,76518,0
27,76519,0
28,76520,0
29,76521,0
30,76522,0
31,76542,1
32,76543,1
33,76544,1
34,76618,1
35,76619,1
36,76620,1
37,76621,1
38,76692,1
39,76695,4
40,76696,4
41,76697,4
42,76707,4
43,76709,0
44,76710,0
45,76718,4
46,76737,0
47,76738,0
48,76739,0
49,76740,0
50,76741,0
51,76742,0
52,76743,0
53,76744,0
54,76745,0
55,76746,0
56,76747,0
57,76748,0
58,76749,0
59,76750,0
60,76751,0
61,76754,1
62,76775,4
63,76776,4
64,76778,4
65,76779,4
66,76781,4
67,76782,4
68,76784,2
69,76849,1
70,76866,0
71,76867,0
72,76868,0
73,76869,0
74,76870,0
75,76871,0
76,76872,0
77,76873,0
78,76874,0
79,76875,0
80,76876,0
81,76877,0
82,76878,0
83,76879,0
84,76880,0
85,76881,0
86,76882,0
87,76883,0
88,76884,0
89,76885,0
90,76886,0
91,76887,0
92,76888,0
93,76889,0
94,76890,0
95,76891,0
96,76892,0
97,76893,0
98,76894,0
99,76895,0
100,76060,1
101,76067,2
102,76068,2
103,76070,0
104,76071,0
105,76072,0
106,76073,0
107,76074,0
108,76075,0
109,76076,0
110,76077,0
111,76078,0
112,76079,0
113,76080,0
114,76081,0
115,76082,0
116,76083,0
117,76084,0
118,76085,0
119,76086,0
120,76094,0
121,76095,0
122,76096,0
123,76097,0
124,76098,0
125,76099,0
126,76103,4
127,76104,1
128,76105,0
129,76114,0
130,76118,0
131,76119,0
132,76120,0
133,76121,0
134,76122,0
135,76123,0
136,76124,0
137,76125,0
138,76126,0
139,76127,0
140,76128,0
141,76129,0
142,76131,0
143,76132,0
144,76133,0
145,76134,0
146,76135,0
147,76136,0
148,76137,0
149,76138,0
150,76139,0
151,76140,0
152,76141,0
153,76142,0
154,76143,0
155,76144,0
156,76145,0
157,76146,0
158,76147,0
159,76148,0
160,76149,0
161,76150,0
162,76151,0
163,76152,0
164,76153,0
165,76154,0
166,76155,0
167,76156,0
168,76157,0
169,76158,0
170,76159,0
171,76160,0
172,76161,0
173,76162,0
174,76163,0
175,76164,0
176,76165,0
177,76166,0
178,76167,0
179,76168,0
180,76169,0
181,76170,0
182,76171,0
183,76172,0
184,76173,0
185,76174,0
186,76217,0
187,76235,0
188,76236,0
189,76237,0
190,76238,0
191,76239,0
192,76240,0
193,76241,0
194,76242,0
195,76243,2
196,76268,4
197,76269,4
198,76270,4
199,76271,4
0,76896,0
1,76897,0
2,76898,0
3,76899,0
4,76900,0
5,76988,0
6,76989,0
7,76990,0
8,76991,0
9,76992,0
10,76993,0
11,76994,0
12,76995,0
13,76996,0
14,76997,0
15,76998,0
16,76999,0
17,77000,0
18,77001,0
19,77002,0
20,77003,0
21,77004,0
22,77006,1
23,77070,0
24,77071,0
25,77072,0
26,77073,0
27,77074,0
28,77095,2
29,77096,2
30,77099,1
31,77100,1
32,77104,0
33,77105,4
34,77137,0
35,77153,2
36,77182,0
37,77199,1
38,77208,0
39,77214,2
40,77260,0
41,77261,0
42,77262,0
43,77263,0
44,77264,0
45,77265,0
46,77266,0
47,77267,0
48,77268,0
49,77269,0
50,77270,0
51,77271,0
52,77272,0
53,77273,0
54,77274,0
55,77275,0
56,77276,0
57,77277,0
58,77278,0
59,77279,0
60,77280,0
61,77281,0
62,77282,0
63,77283,0
64,77284,0
65,77285,0
66,77286,0
67,77287,0
68,77288,0
69,77289,0
70,77337,4
71,77338,4
72,77339,4
73,77340,4
74,77377,2
75,77398,4
76,77427,4
77,77434,1
78,77435,1
79,77436,1
80,77438,0
81,77442,0
82,77448,4
83,77470,0
84,77472,0
85,77473,0
86,77475,5
87,77492,1
88,77545,4
89,77551,0
90,77557,4
91,77559,0
92,77560,0
93,77561,0
94,77562,0
95,77563,0
96,77564,0
97,77565,0
98,77566,0
99,77567,0
100,77568,0
101,77569,0
102,77570,0
103,77571,0
104,77572,0
105,77573,0
106,77574,0
107,77575,0
108,77576,0
109,77579,2
110,77581,0
111,77582,0
112,77583,0
113,77584,0
114,77603,0
115,77604,0
116,77605,0
117,77606,0
118,77607,0
119,77608,0
120,77609,0
121,77615,1
122,77646,1
123,77647,1
124,77648,1
125,77680,0
126,77681,4
127,77682,4
128,77698,5
129,77709,4
130,77710,4
131,77717,4
132,77724,4
133,77727,4
134,77728,4
135,77729,4
136,77737,4
137,77739,1
138,77740,1
139,77746,4
140,77772,0
141,77788,4
142,77833,0
143,77857,0
144,77860,2
145,77861,2
146,77862,0
147,77863,0
148,77864,0
149,77865,0
150,77866,0
151,77867,0
152,77868,0
153,77869,0
154,77870,0
155,77871,0
156,77872,1
157,77873,1
158,77874,1
159,77875,1
160,77876,1
161,77877,1
162,77878,1
163,77879,1
164,77880,1
165,77881,1
166,77882,1
167,77883,1
168,77884,1
169,77885,1
170,77886,1
171,77887,1
172,77888,1
173,77889,0
174,77890,0
175,77921,0
176,77922,0
177,77923,0
178,77924,0
179,77925,0
180,77926,2
181,77928,4
182,77929,4
183,77930,4
184,77964,2
185,78032,4
186,78065,4
187,78067,4
188,78068,0
189,78071,0
190,78072,0
191,78080,0
192,78109,1
193,78148,2
194,78149,0
195,78154,0
196,78164,4
197,78166,1
198,78196,4
199,78209,1
0,78210,4
1,78259,4
2,78261,0
3,78262,0
4,78263,0
5,78264,0
6,78265,0
7,78266,0
8,78267,0
9,78268,0
10,78269,0
11,78270,0
12,78271,0
13,78272,0
14,78273,0
15,78274,0
16,78283,4
17,78292,4
18,78328,4
19,78329,4
20,78342,0
21,78348,0
22,78360,4
23,78361,0
24,78370,4
25,78427,2
26,78428,4
27,78429,4
28,78430,4
29,78431,4
30,78432,4
31,78433,4
32,78434,4
33,78436,4
34,78437,4
35,78438,4
36,78439,4
37,78440,4
38,78441,1
39,78442,0
40,78443,0
41,78444,0
42,78445,0
43,78446,0
44,78447,0
45,78448,0
46,78449,0
47,78457,0
48,78458,0
49,78459,0
50,78460,0
51,78466,2
52,78482,0
53,78483,0
54,78484,0
55,78485,0
56,78486,0
57,78487,0
58,78488,0
59,78489,0
60,78608,0
61,78610,1
62,78613,0
63,78614,0
64,78615,0
65,78623,0
66,78624,0
67,78625,0
68,78626,0
69,78627,0
70,78628,0
71,78629,1
72,78630,1
73,78631,1
74,78632,1
75,78633,1
76,78634,1
77,78635,0
78,78636,0
79,78637,0
80,78638,0
81,78639,0
82,78640,0
83,78641,0
84,78642,0
85,78643,0
86,78647,0
87,78648,0
88,78649,0
89,78650,0
90,78651,0
91,78652,0
92,78704,0
93,78712,0
94,78713,0
95,78714,0
96,78715,0
97,78716,2
98,78717,0
99,78740,2
100,78741,0
101,78742,0
102,78743,0
103,78744,0
104,78745,0
105,78746,0
106,78747,0
107,78748,0
108,78749,0
109,78750,0
110,78751,0
111,78752,0
112,78766,1
113,78839,0
114,78849,4
115,78850,4
116,78851,4
117,78852,4
118,78871,0
119,78873,4
120,78942,0
121,78953,2
122,78954,2
123,78955,2
124,78956,2
125,78957,2
126,78958,0
127,78959,0
128,78965,0
129,79001,0
130,79003,4
131,79006,5
132,79007,5
133,79008,5
134,79013,4
135,79014,4
136,79015,4
137,79016,5
138,79018,5
139,79019,5
140,79020,0
141,79050,0
142,79052,0
143,79053,0
144,79055,0
145,79056,0
146,79058,0
147,79059,0
148,79061,0
149,79062,0
150,79063,0
151,79064,0
152,79065,0
153,79066,0
154,79067,0
155,79068,0
156,79069,0
157,79070,0
158,79071,0
159,79072,0
160,79073,0
161,79074,0
162,79075,0
163,79076,0
164,79077,0
165,79078,0
166,79080,1
167,79081,1
168,79082,1
169,79083,1
170,79084,1
171,79085,1
172,79093,5
173,79094,5
174,79099,0
175,79100,0
176,79101,0
177,79102,0
178,79103,0
179,79104,0
180,79118,0
181,79119,0
182,79120,0
183,79121,0
184,79122,0
185,79123,0
186,79124,0
187,79125,0
188,79126,0
189,79127,0
190,79128,0
191,79129,0
192,79151,4
193,79152,4
194,79153,4
195,79154,4
196,79155,4
197,79156,4
198,79157,0
199,79158,0
0,79159,0
1,79160,0
2,79161,0
3,79162,0
4,79163,0
5,79164,0
6,79165,0
7,79189,4
8,79190,4
9,79191,4
10,79205,4
11,79208,2
12,79209,2
13,79210,2
14,79211,0
15,79212,0
16,79213,0
17,79214,0
18,79215,0
19,79216,0
20,79217,0
21,79218,0
22,79219,0
23,79220,0
24,79221,0
25,79222,0
26,79223,0
27,79224,0
28,79225,0
29,79226,0
30,79227,0
31,79228,0
32,79229,0
33,79230,0
34,79231,0
35,79232,0
36,79233,0
37,79234,0
38,79235,0
39,79236,0
40,79237,0
41,79238,0
42,79239,0
43,79240,0
44,79241,0
45,79242,0
46,79243,0
47,79244,0
48,79287,2
49,79327,4
50,79329,4
51,79362,0
52,79365,1
53,79399,2
54,79400,2
55,79427,4
56,79439,4
57,79440,4
58,79482,0
59,79490,0
60,79491,0
61,79492,0
62,79493,0
63,79494,0
64,79495,0
65,79496,0
66,79497,0
67,79498,0
68,79499,0
69,79500,0
70,79501,0
71,79502,0
72,79504,2
73,79546,4
74,79553,1
75,79566,1
76,79571,1
77,79584,4
78,79601,4
79,79607,4
80,79608,4
81,79633,4
82,79649,0
83,79650,0
84,79651,0
85,79671,0
86,79672,0
87,79673,0
88,79674,0
89,79675,0
90,79676,0
91,79677,0
92,79678,0
93,79679,0
94,79680,0
95,79681,0
96,79682,0
97,79683,0
98,79684,0
99,79685,0
100,79686,0
101,79687,0
102,79688,0
103,79689,0
104,79690,2
105,79708,0
106,79712,2
107,79713,1
108,79714,0
109,79750,4
110,79751,4
111,79752,4
112,79753,4
113,79764,0
114,79765,0
115,79766,0
116,79767,0
117,79768,0
118,79769,0
119,79770,0
120,79771,0
121,79775,0
122,79776,0
123,79777,0
124,79778,0
125,79779,0
126,79780,0
127,79781,0
128,79782,0
129,79783,0
130,79784,0
131,79785,0
132,79786,0
133,79787,0
134,79788,0
135,79789,0
136,79790,0
137,79791,0
138,79792,0
139,79793,0
140,79800,4
141,79824,0
142,79825,0
143,79826,0
144,79829,4
145,79854,0
146,79855,0
147,79856,0
148,79858,1
149,79946,0
150,79961,1
151,79967,0
152,79968,0
153,79969,0
154,79970,0
155,79994,5
156,80056,2
157,80057,2
158,80058,2
159,80059,0
160,80061,1
161,80062,0
162,80063,0
163,80069,2
164,80070,0
165,80071,0
166,80072,2
167,80073,2
168,80074,2
169,80075,0
170,80076,0
171,80077,0
172,80078,1
173,80087,0
174,80088,0
175,80089,0
176,80090,0
177,80091,0
178,80092,0
179,80099,0
180,80105,2
181,80106,0
182,80107,0
183,80124,0
184,80125,0
185,80126,0
186,80128,0
187,80129,0
188,80130,0
189,80131,0
190,80132,0
191,80133,0
192,80134,0
193,80135,0
194,80136,0
195,80137,0
196,80138,0
197,80143,2
198,80144,2
199,80145,2
0,80155,0
1,80156,0
2,80157,2
3,80158,2
4,80159,2
5,80160,2
6,80161,2
7,80162,2
8,80163,2
9,80164,0
10,80165,0
11,80166,0
12,80167,0
13,80182,1
14,80184,0
15,80186,0
16,80187,0
17,80188,0
18,80210,4
19,80226,4
20,80238,2
21,80239,2
22,80240,2
23,80241,2
24,80242,2
25,80243,2
26,80244,1
27,80250,0
28,80251,0
29,80252,0
30,80253,0
31,80254,0
32,80255,0
33,80256,0
34,80259,0
35,80260,0
36,80261,0
37,80262,0
38,80263,0
39,80264,0
40,80265,0
41,80266,0
42,80267,0
43,80268,0
44,80278,4
45,80317,1
46,80333,4
47,80359,4
48,80363,4
49,80366,4
50,80370,4
51,80388,0
52,80389,0
53,80390,0
54,80391,1
55,80400,0
56,80401,0
57,80403,0
58,80404,0
59,80405,0
60,80406,0
61,80409,0
62,80433,1
63,80434,1
64,80435,1
65,80456,0
66,80457,0
67,80478,4
68,80549,0
69,80550,0
70,80591,4
71,80592,0
72,80593,0
73,80595,4
74,80615,0
75,80629,2
76,80683,1
77,80684,1
78,80685,2
79,80686,0
80,80687,0
81,80688,0
82,80689,0
83,80690,0
84,80691,0
85,80692,0
86,80693,0
87,80694,0
88,80695,0
89,80699,0
90,80700,0
91,80701,0
92,80702,0
93,80703,0
94,80704,0
95,80705,0
96,80706,0
97,80707,0
98,80708,4
99,80709,4
100,80710,4
101,80711,4
102,80712,0
103,80713,0
104,80714,0
105,80715,0
106,80716,0
107,80717,0
108,80718,0
109,80719,0
110,80720,0
111,80721,0
112,80722,0
113,80731,1
114,80765,0
115,80766,0
116,80767,0
117,80768,1
118,80769,0
119,80770,0
120,80771,0
121,80772,0
122,80773,0
123,80775,2
124,80776,0
125,80777,0
126,80778,0
127,80779,0
128,80780,0
129,80781,0
130,80782,0
131,80785,2
132,80796,4
133,80797,4
134,80798,4
135,80799,4
136,80800,4
137,80801,4
138,80802,4
139,80803,4
140,80804,0
141,80805,0
142,80806,0
143,80807,0
144,80808,0
145,80809,0
146,80810,0
147,80811,0
148,80812,0
149,80814,0
150,80815,0
151,80816,0
152,80820,4
153,80910,0
154,80911,0
155,80912,0
156,80913,0
157,80914,0
158,80915,0
159,80916,0
160,80917,0
161,80918,0
162,80919,0
163,80920,0
164,80921,0
165,80922,0
166,80923,0
167,80924,0
168,80925,0
169,80926,0
170,80927,0
171,80928,0
172,80929,0
173,80930,0
174,80931,0
175,80932,0
176,80933,0
177,80934,0
178,80935,0
179,80936,0
180,80937,0
181,80938,0
182,80939,0
183,80940,0
184,80960,1
185,81017,1
186,81049,0
187,81050,0
188,81051,0
189,81052,0
190,81053,0
191,81054,0
192,81055,0
193,81056,0
194,81057,0
195,81058,0
196,81059,0
197,81060,0
198,81061,0
199,81062,0
0,81063,0
1,81064,0
2,81065,0
3,81066,0
4,81067,0
5,81068,0
6,81069,0
7,81087,4
8,81088,4
9,81090,1
10,81091,1
11,81092,2
12,81093,2
13,81094,4
14,81095,4
15,81096,4
16,81119,0
17,81122,1
18,81123,1
19,81126,0
20,81127,0
21,81128,0
22,81129,0
23,81130,0
24,81131,0
25,81132,0
26,81133,0
27,81134,0
28,81135,0
29,81136,0
30,81137,0
31,81138,0
32,81139,0
33,81143,1
34,81157,0
35,81169,0
36,81170,0
37,81171,4
38,81177,0
39,81184,0
40,81200,0
41,81201,0
42,81202,0
43,81219,0
44,81220,0
45,81221,0
46,81222,0
47,81223,0
48,81224,0
49,81225,0
50,81226,0
51,81227,0
52,81228,0
53,81229,0
54,81230,0
55,81231,0
56,81232,0
57,81233,0
58,81234,0
59,81235,0
60,81305,0
61,81306,0
62,81307,0
63,81311,0
64,81339,0
65,81341,0
66,81342,0
67,81343,0
68,81344,0
69,81345,0
70,81346,0
71,81347,0
72,81348,0
73,81349,0
74,81350,0
75,81351,0
76,81352,0
77,81353,0
78,81354,0
79,81355,0
80,81356,0
81,81357,0
82,81358,0
83,81359,0
84,81380,0
85,81390,0
86,81394,4
87,81395,4
88,81397,4
89,81401,1
90,81408,4
91,81414,0
92,81425,0
93,81459,4
94,81495,4
95,81496,4
96,81522,4
97,81540,4
98,81562,0
99,81563,0
100,81592,4
101,81638,0
102,81651,4
103,81652,4
104,81653,4
105,81654,4
106,81678,5
107,81688,0
108,81702,0
109,81705,0
110,81785,1
111,81786,1
112,81828,4
113,81837,1
114,81850,4
115,81851,4
116,81858,0
117,81930,2
118,81954,0
119,81978,4
120,81991,1
121,81992,1
122,82032,0
123,82034,0
124,82038,0
125,82051,1
126,82056,1
127,82148,1
128,82153,0
129,82154,0
130,82156,4
131,82157,4
132,82158,4
133,82160,1
134,82161,1
135,82172,0
136,82173,0
137,82174,0
138,82175,0
139,82176,0
140,82177,0
141,82178,0
142,82179,0
143,82180,0
144,82181,0
145,82182,0
146,82183,0
147,82184,0
148,82185,0
149,82186,0
150,82187,0
151,82188,0
152,82189,0
153,82190,0
154,82191,0
155,82192,0
156,82193,0
157,82194,0
158,82195,0
159,82196,0
160,82197,0
161,82198,0
162,82199,0
163,82200,0
164,82201,0
165,82202,0
166,82203,0
167,82204,0
168,82205,0
169,82206,0
170,82207,0
171,82208,0
172,82209,0
173,82210,0
174,82211,0
175,82212,0
176,82213,0
177,82214,0
178,82244,0
179,82258,0
180,82259,0
181,82268,4
182,82269,0
183,82283,0
184,82284,0
185,82285,0
186,82296,0
187,82297,0
188,82298,0
189,82299,0
190,82300,0
191,82301,0
192,82302,0
193,82303,0
194,82304,0
195,82305,0
196,82306,0
197,82307,0
198,82308,0
199,82309,0
0,82310,0
1,82381,0
2,82382,0
3,82383,0
4,82384,0
5,82385,0
6,82386,0
7,82387,0
8,82388,0
9,82389,0
10,82390,0
11,82391,4
12,82392,4
13,82393,4
14,82394,4
15,82395,4
16,82396,0
17,82409,1
18,82426,1
19,82430,1
20,82431,1
21,82455,0
22,82456,0
23,82457,0
24,82458,0
25,82459,0
26,82460,0
27,82461,0
28,82462,0
29,82463,0
30,82464,0
31,82465,4
32,82466,0
33,82490,4
34,82512,4
35,82523,4
36,82554,0
37,82555,0
38,82556,0
39,82557,0
40,82558,0
41,82559,0
42,82560,0
43,82561,0
44,82562,0
45,82563,0
46,82564,0
47,82565,0
48,82566,0
49,82567,0
50,82568,0
51,82569,0
52,82570,0
53,82604,4
54,82672,0
55,82673,0
56,82674,0
57,82675,0
58,82676,0
59,82677,0
60,82678,0
61,82679,0
62,82680,0
63,82681,0
64,82682,0
65,82683,0
66,82684,0
67,82688,0
68,82723,2
69,82724,2
70,82759,0
71,82791,0
72,82795,0
73,82796,2
74,82797,0
75,82799,2
76,82800,2
77,82887,1
78,82891,0
79,82955,0
80,82956,0
81,82957,0
82,82958,0
83,82959,0
84,82960,0
85,82961,0
86,82962,0
87,82963,0
88,82964,0
89,82965,0
90,82966,0
91,82967,0
92,82968,0
93,82969,0
94,82970,0
95,82971,0
96,82972,0
97,82976,0
98,82977,0
99,82978,0
100,82979,0
101,82980,0
102,82981,0
103,82982,0
104,82983,0
105,82984,0
106,82985,0
107,82986,0
108,82987,0
109,82988,0
110,82989,0
111,82990,0
112,82991,0
113,82992,0
114,82993,0
115,82994,0
116,82995,0
117,82996,0
118,82997,0
119,82998,0
120,83005,0
121,83055,4
122,83066,0
123,83073,4
124,83076,5
125,83081,0
126,83087,4
127,83088,0
128,83102,0
129,83103,0
130,83104,0
131,83105,0
132,83106,0
133,83107,0
134,83108,0
135,83109,0
136,83110,0
137,83111,0
138,83112,0
139,83113,0
140,83114,0
141,83115,0
142,83116,0
143,83117,2
144,83118,2
145,83159,4
146,83209,0
147,83220,4
148,83221,4
149,83224,1
150,83241,5
151,83242,5
152,83280,0
153,83296,4
154,83306,5
155,83310,2
156,83341,4
157,83347,4
158,83353,4
159,83359,0
160,83360,0
161,83361,0
162,83362,0
163,83363,0
164,83378,4
165,83402,2
166,83429,4
167,83444,0
168,83445,2
169,83467,4
170,83471,4
171,83494,4
172,83515,0
173,83516,1
174,83518,5
175,83523,5
176,83524,2
177,83525,2
178,83553,5
179,83578,5
180,83587,4
181,83595,1
182,83598,0
183,83599,0
184,83600,0
185,83601,0
186,83618,0
187,83624,0
188,83625,0
189,83626,0
190,83627,0
191,83628,0
192,83629,0
193,83630,0
194,83631,0
195,83632,0
196,83633,0
197,83634,0
198,83635,0
199,83636,0
0,83637,0
1,83638,0
2,83639,0
3,83640,0
4,83641,0
5,83642,0
6,83643,0
7,83644,0
8,83645,0
9,83646,0
10,83647,0
11,83648,0
12,83649,0
13,83718,0
14,83719,0
15,83720,0
16,83721,0
17,83722,5
18,83723,5
19,83725,0
20,83730,2
21,83737,4
22,83826,4
23,83851,0
24,83855,4
25,83856,0
26,83874,4
27,83891,4
28,83892,0
29,83893,0
30,83902,4
31,83903,4
32,83904,4
33,83907,4
34,83908,4
35,83910,4
36,83911,4
37,83916,0
38,83918,1
39,83919,1
40,83920,1
41,83921,1
42,83922,1
43,83923,1
44,83924,1
45,83925,1
46,83926,1
47,83938,0
48,83944,0
49,83945,0
50,83946,0
51,83947,0
52,83948,0
53,83949,0
54,83950,0
55,83951,0
56,83952,0
57,83953,0
58,83954,0
59,83955,0
60,83956,0
61,83957,0
62,83958,0
63,83959,0
64,83960,0
65,83961,0
66,83962,0
67,83963,0
68,83964,0
69,83998,4
70,84050,0
71,84111,2
72,84119,0
73,84136,0
74,84137,0
75,84138,0
76,84139,0
77,84140,0
78,84141,0
79,84142,0
80,84143,0
81,84144,0
82,84145,0
83,84146,0
84,84147,0
85,84148,0
86,84150,0
87,84151,0
88,84152,1
89,84159,4
90,84192,2
91,84207,0
92,84231,4
93,84232,4
94,84233,4
95,84239,0
96,84276,0
97,84277,0
98,84278,0
99,84279,0
100,84288,0
101,84289,0
102,84295,4
103,84302,4
104,84303,4
105,84304,4
106,84324,4
107,84347,0
108,84386,4
109,84432,4
110,84452,0
111,84453,0
112,84454,0
113,84455,0
114,84486,4
115,84487,4
116,84488,4
117,84489,4
118,84500,4
119,84509,4
120,84522,1
121,84523,1
122,84524,1
123,84525,1
124,84526,1
125,84527,1
126,84572,4
127,84587,4
128,84625,5
129,84633,1
130,84688,0
131,84689,0
132,84690,0
133,84699,0
134,84700,0
135,84701,0
136,84702,0
137,84703,0
138,84704,0
139,84705,0
140,84706,0
141,84707,0
142,84708,0
143,84709,0
144,84710,0
145,84711,0
146,84712,0
147,84715,4
148,84744,4
149,84755,4
150,84761,1
151,84763,1
152,84786,0
153,84807,1
154,84834,1
155,84847,0
156,84892,1
157,84945,4
158,84989,1
159,84998,0
160,84999,0
161,85000,0
162,85001,0
163,85002,0
164,85020,0
165,85029,0
166,85031,2
167,85059,0
168,85060,0
169,85129,4
170,85133,4
171,85173,4
172,85183,4
173,85203,4
174,85215,0
175,85223,4
176,85226,1
177,85228,1
178,85258,0
179,85266,1
180,85280,4
181,85281,4
182,85298,0
183,85342,0
184,85343,0
185,85357,1
186,85369,0
187,85373,0
188,85375,0
189,85392,1
190,85396,0
191,85397,0
192,85398,0
193,85399,0
194,85400,0
195,85401,0
196,85402,0
197,85412,1
198,85450,0
199,85481,1
0,85527,0
1,85530,0
2,85531,0
3,85535,1
4,85536,1
5,85537,1
6,85541,0
7,85542,0
8,85543,0
9,85544,0
10,85545,0
11,85546,0
12,85547,0
13,85548,0
14,85549,0
15,85550,0
16,85551,0
17,85552,0
18,85553,0
19,85554,0
20,85555,0
21,85556,0
22,85557,0
23,85558,0
24,85559,0
25,85560,0
26,85561,0
27,85562,0
28,85563,0
29,85564,0
30,85565,0
31,85566,0
32,85567,0
33,85568,0
34,85569,0
35,85606,4
36,85608,2
37,85609,2
38,85610,2
39,85635,4
40,85638,0
41,85657,0
42,85688,0
43,85747,5
44,85807,0
45,85827,4
46,85865,0
47,85869,1
48,85917,1
49,85935,4
50,85936,4
51,85999,2
52,86000,2
53,86001,0
54,86028,4
55,86086,4
56,86087,4
57,86137,2
58,86166,1
59,86178,4
60,86182,0
61,86195,4
62,86197,0
63,86208,1
64,86234,0
65,86235,0
66,86260,4
67,86278,1
68,86302,1
69,86303,1
70,86332,0
71,86333,0
72,86335,0
73,86336,0
74,86341,0
75,86354,0
76,86363,4
77,86384,1
78,86400,4
79,86417,4
80,86436,4
81,86437,4
82,86438,4
83,86439,4
84,86447,0
85,86461,0
86,86490,5
87,86528,5
88,86540,4
89,86541,0
90,86567,0
91,86576,1
92,86672,4
93,86683,0
94,86690,1
95,86692,0
96,86693,0
97,86694,0
98,86695,0
99,86696,0
100,86697,0
101,86698,0
102,86699,0
103,86700,0
104,86701,0
105,86702,0
106,86703,0
107,86704,0
108,86705,0
109,86706,0
110,86707,0
111,86708,0
112,86709,0
113,86710,0
114,86716,2
115,86725,0
116,86726,0
117,86727,0
118,86728,0
119,86729,0
120,86730,0
121,86731,0
122,86732,0
123,86769,0
124,86770,0
125,86775,0
126,86776,1
127,86781,1
128,86787,1
129,86806,2
130,86817,1
131,86838,4
132,86862,1
133,86863,0
134,86864,0
135,86865,0
136,86866,0
137,86867,0
138,86869,1
139,86891,4
140,86892,0
141,86895,0
142,86913,4
143,86922,2
144,86939,0
145,86978,0
146,86988,2
147,86996,2
148,86997,0
149,86998,0
150,86999,0
151,87000,0
152,87001,0
153,87002,0
154,87003,0
155,87004,0
156,87005,0
157,87006,0
158,87007,0
159,87008,0
160,87009,0
161,87010,0
162,87011,0
163,87012,0
164,87013,0
165,87014,0
166,87015,0
167,87016,0
168,87017,0
169,87018,0
170,87019,0
171,87020,0
172,87021,0
173,87022,0
174,87023,0
175,87024,0
176,87025,0
177,87026,0
178,87027,0
179,87028,0
180,87029,0
181,87030,0
182,87077,0
183,87136,2
184,87148,4
185,87165,1
186,87194,2
187,87195,2
188,87220,2
189,87241,1
190,87253,1
191,87273,4
192,87274,0
193,87280,0
194,87281,0
195,87336,4
196,87349,1
197,87379,1
198,87398,0
199,87484,4
0,89093,4
1,89118,4
2,89121,4
3,89122,4
4,89125,4
5,89126,4
6,89127,4
7,89129,4
8,89158,1
9,89190,2
10,89191,2
11,89192,2
12,89193,2
13,89194,2
14,89195,2
15,89196,2
16,89204,0
17,89205,0
18,89206,0
19,89208,0
20,89213,1
21,89215,1
22,89221,0
23,89222,0
24,89223,2
25,89240,0
26,89241,2
27,89242,2
28,89243,2
29,89244,2
30,89245,2
31,89246,2
32,89247,2
33,89248,2
34,89249,2
35,89250,2
36,89251,2
37,89252,2
38,89253,2
39,89254,2
40,89255,2
41,89256,2
42,89366,4
43,89395,4
44,89403,2
45,89424,1
46,89431,4
47,89432,4
48,89435,1
49,89445,1
50,89446,1
51,89485,4
52,89506,4
53,89556,0
54,89558,0
55,89560,4
56,89561,4
57,89562,4
58,89563,4
59,89564,1
60,89675,1
61,89691,1
62,89706,1
63,89707,0
64,89708,0
65,89709,0
66,89710,0
67,89711,0
68,89712,0
69,89713,0
70,89714,0
71,89715,0
72,89716,0
73,89717,0
74,89718,0
75,89719,0
76,89720,0
77,89721,0
78,89722,0
79,89734,0
80,89736,0
81,89741,0
82,89777,0
83,89783,0
84,89797,4
85,89813,2
86,89814,4
87,89837,0
88,89840,0
89,89845,4
90,89867,0
91,89877,1
92,89891,1
93,89905,0
94,89930,0
95,89931,0
96,89932,0
97,89950,1
98,89963,0
99,89964,0
100,87491,1
101,87500,0
102,87524,0
103,87528,0
104,87559,0
105,87560,0
106,87561,0
107,87562,0
108,87608,1
109,87692,4
110,87833,1
111,87874,0
112,87876,0
113,87889,0
114,87890,0
115,87891,0
116,87908,0
117,87953,0
118,87954,0
119,88016,4
120,88022,0
121,88036,4
122,88059,0
123,88070,0
124,88094,0
125,88105,4
126,88121,5
127,88124,0
128,88132,0
129,88149,4
130,88207,4
131,88217,0
132,88248,0
133,88251,0
134,88290,0
135,88373,4
136,88374,4
137,88385,1
138,88399,1
139,88427,1
140,88438,2
141,88484,4
142,88508,0
143,88547,1
144,88578,1
145,88585,0
146,88586,0
147,88597,2
148,88620,1
149,88634,0
150,88635,0
151,88636,0
152,88637,0
153,88638,0
154,88639,0
155,88640,0
156,88641,0
157,88642,0
158,88643,4
159,88644,4
160,88645,4
161,88646,4
162,88647,4
163,88648,4
164,88649,2
165,88650,2
166,88651,2
167,88652,0
168,88653,0
169,88654,0
170,88655,0
171,88656,0
172,88657,0
173,88658,0
174,88659,0
175,88660,4
176,88661,4
177,88662,4
178,88663,0
179,88664,0
180,88665,0
181,88666,0
182,88670,0
183,88681,0
184,88696,4
185,88760,4
186,88761,0
187,88781,0
188,88818,1
189,88866,4
190,88883,1
191,88955,1
192,88994,4
193,88995,0
194,88997,0
195,89000,4
196,89001,4
197,89016,4
198,89067,4
199,89068,4
0,90996,1
1,91004,4
2,91013,4
3,91032,4
4,91061,1
5,91137,4
6,91147,4
7,91153,1
8,91168,2
9,91198,0
10,91208,0
11,91210,0
12,91309,5
13,91311,4
14,91312,4
15,91320,1
16,91332,4
17,91334,4
18,91378,0
19,91398,4
20,91404,1
21,91417,0
22,91418,0
23,91419,0
24,91420,0
25,91421,0
26,91422,0
27,91423,0
28,91424,0
29,91425,0
30,91426,0
31,91427,0
32,91428,0
33,91429,0
34,91430,0
35,91431,0
36,91432,0
37,91433,0
38,91434,0
39,91435,0
40,91466,1
41,91467,1
42,91518,2
43,91534,1
44,91548,4
45,91561,0
46,91568,0
47,91592,4
48,91609,0
49,91616,4
50,91631,1
51,91653,5
52,91656,1
53,91677,2
54,91678,0
55,91680,0
56,91681,0
57,91682,0
58,91684,1
59,91685,1
60,91686,0
61,91687,0
62,91688,0
63,91689,0
64,91690,0
65,91691,0
66,91692,0
67,91693,0
68,91694,0
69,91695,0
70,91696,0
71,91697,0
72,91698,0
73,91699,0
74,91700,0
75,91701,0
76,91702,0
77,91703,0
78,91704,0
79,91705,0
80,91706,0
81,91707,0
82,91708,0
83,91709,0
84,91710,0
85,91711,0
86,91712,0
87,91713,0
88,91714,0
89,91715,0
90,91716,0
91,91724,0
92,91725,0
93,91726,0
94,91727,0
95,91728,0
96,91729,0
97,91730,0
98,91739,0
99,91740,0
100,90015,0
101,90018,1
102,90019,0
103,90023,1
104,90100,4
105,90112,4
106,90130,1
107,90197,1
108,90282,0
109,90284,0
110,90309,2
111,90310,1
112,90315,0
113,90353,0
114,90378,4
115,90403,1
116,90431,1
117,90437,4
118,90468,0
119,90470,4
120,90471,0
121,90482,0
122,90483,0
123,90484,0
124,90485,0
125,90486,2
126,90490,0
127,90491,0
128,90492,0
129,90493,0
130,90494,0
131,90495,0
132,90496,0
133,90497,0
134,90498,0
135,90499,0
136,90500,0
137,90501,0
138,90502,0
139,90503,0
140,90504,0
141,90505,0
142,90506,4
143,90507,4
144,90508,0
145,90509,0
146,90510,0
147,90511,0
148,90512,0
149,90513,0
150,90514,0
151,90515,0
152,90516,0
153,90517,2
154,90518,2
155,90519,2
156,90520,2
157,90521,2
158,90522,2
159,90523,2
160,90524,2
161,90525,0
162,90526,0
163,90527,0
164,90528,0
165,90529,0
166,90530,0
167,90531,0
168,90532,0
169,90533,0
170,90534,0
171,90608,1
172,90615,4
173,90680,0
174,90681,0
175,90682,0
176,90683,0
177,90686,2
178,90687,2
179,90688,2
180,90689,2
181,90701,0
182,90702,0
183,90746,4
184,90751,0
185,90754,0
186,90778,1
187,90803,1
188,90813,4
189,90816,0
190,90835,1
191,90903,4
192,90905,4
193,90917,1
194,90932,1
195,90933,1
196,90949,2
197,90967,1
198,90992,2
199,90993,2
0,91762,1
1,91774,2
2,91783,2
3,91814,4
4,91845,0
5,91856,4
6,91860,4
7,91871,4
8,91872,5
9,91873,4
10,91887,4
11,91901,4
12,91911,4
13,91941,0
14,91957,1
15,91989,4
16,91990,0
17,91993,2
18,91998,2
19,92066,1
20,92088,0
21,92105,1
22,92127,4
23,92132,2
24,92143,0
25,92144,0
26,92192,4
27,92217,4
28,92240,4
29,92241,4
30,92263,2
31,92264,0
32,92272,4
33,92273,4
34,92274,4
35,92277,0
36,92287,1
37,92291,1
38,92345,4
39,92346,4
40,92366,4
41,92370,4
42,92372,1
43,92396,1
44,92408,1
45,92445,4
46,92493,1
47,92501,1
48,92513,4
49,92529,5
50,92545,0
51,92549,0
52,92564,1
53,92575,4
54,92577,1
55,92580,4
56,92591,4
57,92595,1
58,92641,1
59,92664,4
60,92702,0
61,92718,1
62,92763,1
63,92766,2
64,92768,2
65,92809,4
66,92832,0
67,92834,0
68,92835,0
69,92836,0
70,92837,0
71,92838,0
72,92839,0
73,92840,0
74,92841,0
75,92842,0
76,92843,0
77,92844,0
78,92845,0
79,92846,0
80,92847,0
81,92848,0
82,92849,0
83,92850,0
84,92851,0
85,92852,0
86,92853,0
87,92854,0
88,92855,0
89,92856,0
90,92858,0
91,92859,0
92,92860,0
93,92861,0
94,92862,0
95,92863,0
96,92864,0
97,92865,0
98,92866,0
99,92867,4
100,92868,4
101,92869,4
102,92870,0
103,92871,0
104,92872,0
105,92873,0
106,92874,0
107,92875,0
108,92876,0
109,92877,0
110,92878,0
111,92879,1
112,92880,1
113,92881,1
114,92882,1
115,92883,1
116,92884,1
117,92885,1
118,92886,1
119,92887,0
120,92888,0
121,92889,0
122,92890,0
123,92896,1
124,92903,0
125,92923,0
126,92924,0
127,92937,4
128,92938,4
129,92940,4
130,92946,5
131,92947,4
132,92964,0
133,92965,0
134,92966,0
135,92967,0
136,92968,0
137,92969,0
138,92970,0
139,92971,0
140,92975,2
141,92976,0
142,92977,0
143,92978,0
144,92979,0
145,92980,0
146,93036,1
147,93044,4
148,93049,4
149,93050,4
150,93080,4
151,93094,0
152,93096,5
153,93132,1
154,93160,4
155,93169,5
156,93170,5
157,93171,5
158,93172,5
159,93192,5
160,93227,4
161,93239,4
162,93252,1
163,93253,1
164,93254,1
165,93255,4
166,93282,4
167,93286,1
168,93287,1
169,93288,1
170,93289,1
171,93290,1
172,93291,1
173,93297,2
174,93298,0
175,93299,0
176,93300,0
177,93301,0
178,93302,0
179,93304,0
180,93305,0
181,93306,0
182,93307,0
183,93308,0
184,93309,0
185,93310,0
186,93311,0
187,93312,0
188,93313,0
189,93332,4
190,93344,0
191,93345,0
192,93354,4
193,93355,4
194,93372,4
195,93389,4
196,93390,4
197,93395,0
198,93416,4
199,93418,1
0,94498,4
1,94499,4
2,94500,4
3,94501,4
4,94503,4
5,94515,0
6,94516,0
7,94518,0
8,94519,0
9,94524,0
10,94526,2
11,94543,4
12,94544,4
13,94560,5
14,94572,4
15,94573,5
16,94578,1
17,94592,0
18,94625,1
19,94626,1
20,94647,1
21,94653,1
22,94661,0
23,94662,0
24,94663,0
25,94664,0
26,94665,0
27,94666,0
28,94667,0
29,94686,1
30,94699,1
31,94700,0
32,94701,0
33,94702,1
34,94714,0
35,94715,4
36,94732,0
37,94737,2
38,94738,2
39,94766,4
40,94767,4
41,94790,0
42,94791,1
43,94799,4
44,94800,0
45,94803,0
46,94807,0
47,94808,1
48,94831,4
49,94833,0
50,94858,4
51,94864,4
52,94873,1
53,94879,1
54,94890,1
55,94901,0
56,94902,0
57,94904,0
58,94917,1
59,94920,1
60,94921,1
61,94927,1
62,94940,4
63,94948,4
64,94956,1
65,94958,1
66,94959,1
67,94965,0
68,94971,4
69,94974,1
70,94978,1
71,94986,0
72,94987,0
73,94988,0
74,94989,0
75,94990,0
76,94991,0
77,94992,0
78,94993,0
79,94994,0
80,94995,0
81,94996,0
82,94997,0
83,94998,0
84,94999,0
85,95000,0
86,95001,0
87,95002,0
88,95003,0
89,95004,0
90,95005,0
91,95006,0
92,95007,0
93,95008,0
94,95009,0
95,95010,0
96,95011,0
97,95012,0
98,95013,0
99,95014,0
100,93426,1
101,93438,4
102,93444,1
103,93445,4
104,93447,0
105,93459,0
106,93472,4
107,93473,4
108,93492,4
109,93499,4
110,93504,4
111,93540,4
112,93545,4
113,93546,4
114,93547,4
115,93609,1
116,93619,1
117,93647,1
118,93648,1
119,93651,4
120,93657,4
121,93673,1
122,93677,0
123,93685,1
124,93709,4
125,93739,4
126,93772,0
127,93776,2
128,93777,0
129,93787,1
130,93792,1
131,93805,1
132,93876,4
133,93883,4
134,93886,0
135,93923,4
136,93952,4
137,93984,0
138,93985,0
139,93987,0
140,93988,0
141,93989,0
142,93990,0
143,93991,0
144,93992,0
145,94015,1
146,94029,3
147,94036,0
148,94050,1
149,94062,1
150,94063,1
151,94128,4
152,94132,0
153,94148,0
154,94163,4
155,94165,4
156,94169,0
157,94193,4
158,94205,4
159,94215,4
160,94220,1
161,94221,1
162,94222,0
163,94223,0
164,94224,0
165,94225,0
166,94229,1
167,94232,0
168,94233,0
169,94243,0
170,94253,0
171,94254,0
172,94255,0
173,94256,0
174,94257,0
175,94258,0
176,94259,0
177,94260,0
178,94261,0
179,94262,0
180,94263,0
181,94264,0
182,94265,0
183,94266,0
184,94267,0
185,94268,0
186,94269,0
187,94270,0
188,94271,0
189,94272,0
190,94273,0
191,94274,0
192,94282,0
193,94296,1
194,94367,4
195,94375,4
196,94389,1
197,94463,4
198,94482,1
199,94497,4
0,96038,0
1,96062,0
2,96082,4
3,96085,0
4,96086,4
5,96088,0
6,96093,4
7,96102,4
8,96125,5
9,96126,5
10,96127,5
11,96138,0
12,96149,0
13,96163,4
14,96169,0
15,96181,0
16,96182,0
17,96202,0
18,96203,4
19,96233,4
20,96238,4
21,96246,4
22,96249,4
23,96267,1
24,96268,1
25,96299,0
26,96302,0
27,96309,0
28,96318,0
29,96342,0
30,96364,4
31,96375,4
32,96377,1
33,96439,4
34,96460,0
35,96520,0
36,96521,0
37,96522,0
38,96523,0
39,96524,0
40,96530,0
41,96531,0
42,96532,0
43,96533,0
44,96534,0
45,96535,0
46,96536,0
47,96537,0
48,96538,0
49,96539,0
50,96540,0
51,96541,0
52,96542,0
53,96543,0
54,96544,0
55,96545,0
56,96546,0
57,96547,0
58,96548,0
59,96549,0
60,96550,0
61,96551,0
62,96552,0
63,96553,0
64,96554,0
65,96555,0
66,96556,0
67,96557,0
68,96558,0
69,96559,0
70,96560,0
71,96561,0
72,96562,0
73,96563,0
74,96564,0
75,96565,0
76,96566,0
77,96567,0
78,96568,0
79,96569,0
80,96570,0
81,96571,0
82,96614,0
83,96664,4
84,96665,4
85,96671,0
86,96754,4
87,96766,4
88,96770,1
89,96771,1
90,96774,4
91,96778,1
92,96784,2
93,96816,2
94,96823,1
95,96824,1
96,96825,1
97,96826,1
98,96836,0
99,96866,4
100,95015,0
101,95016,0
102,95017,0
103,95018,0
104,95019,0
105,95020,0
106,95021,0
107,95022,0
108,95023,0
109,95024,0
110,95025,0
111,95026,0
112,95027,0
113,95041,1
114,95067,1
115,95098,0
116,95106,1
117,95107,0
118,95108,4
119,95119,4
120,95129,4
121,95143,4
122,95148,4
123,95152,4
124,95155,1
125,95181,4
126,95182,4
127,95185,1
128,95187,1
129,95202,0
130,95205,1
131,95223,0
132,95239,0
133,95242,1
134,95259,0
135,95261,0
136,95267,4
137,95274,0
138,95292,0
139,95295,1
140,95310,4
141,95315,4
142,95316,4
143,95329,4
144,95333,4
145,95343,4
146,95344,4
147,95354,0
148,95355,4
149,95362,4
150,95363,0
151,95367,4
152,95368,4
153,95371,1
154,95374,4
155,95375,4
156,95378,4
157,95395,0
158,95406,4
159,95407,4
160,95511,0
161,95541,2
162,95596,0
163,95597,0
164,95606,0
165,95607,4
166,95608,4
167,95609,4
168,95615,0
169,95638,4
170,95650,0
171,95660,4
172,95679,4
173,95701,0
174,95738,0
175,95739,0
176,95740,0
177,95741,0
178,95742,0
179,95743,0
180,95744,0
181,95745,0
182,95746,0
183,95747,0
184,95748,0
185,95756,4
186,95782,0
187,95803,4
188,95806,4
189,95824,1
190,95878,1
191,95897,0
192,95903,4
193,95908,2
194,95941,0
195,95944,4
196,95965,1
197,95968,1
198,96021,1
199,96028,1
0,98365,0
1,98366,0
2,98367,0
3,98368,0
4,98369,0
5,98370,0
6,98371,0
7,98372,0
8,98373,0
9,98374,0
10,98375,0
11,98376,0
12,98377,0
13,98378,0
14,98379,0
15,98380,0
16,98381,0
17,98382,0
18,98383,0
19,98384,0
20,98385,0
21,98388,4
22,98418,4
23,98421,4
24,98430,4
25,98432,4
26,98463,1
27,98503,1
28,98513,0
29,98556,0
30,98613,0
31,98655,0
32,98666,1
33,98688,0
34,98689,0
35,98690,4
36,98691,0
37,98692,0
38,98694,0
39,98695,0
40,98738,4
41,98746,0
42,98750,4
43,98755,4
44,98790,1
45,98795,4
46,98797,2
47,98816,4
48,98822,2
49,98823,2
50,98845,1
51,98859,4
52,98865,0
53,98870,1
54,98890,4
55,98901,1
56,98929,4
57,98936,4
58,98953,2
59,98971,0
60,98998,0
61,99027,4
62,99039,4
63,99051,2
64,99052,0
65,99053,0
66,99054,0
67,99055,0
68,99056,2
69,99057,0
70,99058,0
71,99059,0
72,99060,0
73,99061,0
74,99062,0
75,99063,0
76,99064,0
77,99069,2
78,99070,2
79,99071,2
80,99072,2
81,99073,2
82,99074,2
83,99075,2
84,99076,2
85,99077,2
86,99078,2
87,99079,2
88,99080,0
89,99081,0
90,99082,0
91,99083,2
92,99084,2
93,99087,1
94,99088,1
95,99089,1
96,99090,1
97,99097,4
98,99105,0
99,99106,0
100,96874,1
101,96889,0
102,96890,0
103,96891,0
104,96892,0
105,96893,0
106,96894,0
107,96895,0
108,96976,1
109,96984,0
110,97011,0
111,97024,1
112,97027,1
113,97028,1
114,97098,4
115,97104,0
116,97112,0
117,97113,0
118,97127,4
119,97157,4
120,97161,1
121,97170,0
122,97171,0
123,97359,4
124,97367,2
125,97387,4
126,97411,0
127,97414,0
128,97431,1
129,97457,2
130,97458,0
131,97459,0
132,97466,4
133,97467,4
134,97503,4
135,97507,0
136,97514,4
137,97518,1
138,97564,1
139,97569,4
140,97591,0
141,97592,0
142,97620,0
143,97621,0
144,97654,1
145,97723,4
146,97749,4
147,97793,0
148,97814,1
149,97844,0
150,97887,4
151,97900,0
152,97901,0
153,97905,0
154,97923,1
155,97938,0
156,97939,1
157,97964,0
158,97968,1
159,98011,1
160,98024,1
161,98025,1
162,98028,1
163,98031,1
164,98033,0
165,98034,0
166,98036,0
167,98076,4
168,98078,1
169,98103,4
170,98106,0
171,98157,4
172,98173,4
173,98178,1
174,98180,1
175,98194,1
176,98220,1
177,98235,1
178,98239,0
179,98240,0
180,98241,0
181,98257,1
182,98260,0
183,98261,4
184,98269,4
185,98276,4
186,98294,4
187,98303,4
188,98313,1
189,98354,0
190,98355,0
191,98356,0
192,98357,0
193,98358,0
194,98359,0
195,98360,0
196,98361,0
197,98362,0
198,98363,0
199,98364,0
0,99521,0
1,99522,0
2,99523,4
3,99524,0
4,99527,0
5,99557,4
6,99558,4
7,99560,4
8,99567,4
9,99571,4
10,99575,4
11,99581,0
12,99582,0
13,99583,0
14,99603,4
15,99606,4
16,99630,4
17,99649,1
18,99663,4
19,99684,4
20,99687,4
21,99699,0
22,99700,0
23,99701,0
24,99702,0
25,99715,0
26,99736,4
27,99740,4
28,99741,4
29,99749,0
30,99750,0
31,99751,0
32,99752,0
33,99753,0
34,99754,0
35,99755,0
36,99756,0
37,99757,0
38,99758,4
39,99759,4
40,99760,4
41,99761,4
42,99762,4
43,99771,4
44,99781,4
45,99782,4
46,99785,4
47,99835,4
48,99859,4
49,99860,4
50,99899,4
51,99912,4
52,99921,4
53,99923,4
54,99924,4
55,99943,0
56,99944,0
57,99945,0
58,99946,0
59,99962,0
60,99963,0
61,99964,0
62,99965,0
63,99966,0
64,99967,0
65,99968,0
66,99969,0
67,99970,0
68,99971,0
69,99972,0
70,99973,0
71,99974,0
72,99975,0
73,99976,0
74,99977,0
75,99978,0
76,99979,0
77,99980,0
78,99981,0
79,99982,0
80,99983,0
81,99984,0
82,99985,0
83,99986,0
84,100021,1
85,100077,4
86,100083,4
87,100120,4
88,100121,4
89,100197,4
90,100209,0
91,100210,0
92,100211,0
93,100212,0
94,100222,0
95,100223,0
96,100224,0
97,100225,0
98,100226,0
99,100227,2
100,99121,4
101,99145,4
102,99148,1
103,99175,4
104,99188,4
105,99197,0
106,99198,0
107,99199,0
108,99200,0
109,99201,0
110,99202,0
111,99203,0
112,99209,4
113,99223,0
114,99225,2
115,99231,2
116,99288,4
117,99292,4
118,99296,4
119,99304,4
120,99309,2
121,99313,1
122,99314,0
123,99316,0
124,99318,0
125,99319,0
126,99320,0
127,99321,0
128,99322,0
129,99323,0
130,99324,0
131,99325,0
132,99326,0
133,99327,0
134,99328,0
135,99329,0
136,99331,0
137,99332,0
138,99333,0
139,99334,0
140,99335,0
141,99336,0
142,99337,0
143,99338,0
144,99339,0
145,99340,0
146,99341,0
147,99342,0
148,99343,0
149,99344,0
150,99345,0
151,99346,0
152,99347,0
153,99348,0
154,99349,0
155,99350,0
156,99351,0
157,99352,0
158,99353,0
159,99354,0
160,99355,0
161,99356,0
162,99357,0
163,99358,0
164,99359,0
165,99360,0
166,99402,0
167,99434,0
168,99435,0
169,99436,0
170,99471,1
171,99474,4
172,99487,0
173,99488,1
174,99489,0
175,99490,0
176,99491,0
177,99492,0
178,99493,0
179,99494,0
180,99495,0
181,99496,0
182,99497,0
183,99498,0
184,99499,0
185,99506,0
186,99507,0
187,99508,0
188,99509,0
189,99510,0
190,99511,0
191,99512,0
192,99513,0
193,99514,0
194,99515,0
195,99516,0
196,99517,0
197,99518,0
198,99519,0
199,99520,0
0,100228,2
1,100229,0
2,100230,0
3,100231,0
4,100232,0
5,100233,0
6,100234,0
7,100235,0
8,100236,0
9,100237,0
10,100238,0
11,100239,0
12,100240,0
13,100241,0
14,100242,0
15,100243,0
16,100244,0
17,100245,0
18,100246,0
19,100247,0
20,100248,0
21,100249,0
22,100250,0
23,100251,0
24,100252,0
25,100253,0
26,100254,0
27,100255,0
28,100316,0
29,100333,1
30,100341,1
31,100406,0
32,100422,4
33,100426,0
34,100431,5
35,100435,0
36,100445,0
37,100447,0
38,100449,0
39,100450,0
40,100491,0
41,100512,1
42,100514,0
43,100515,0
44,100516,0
45,100517,0
46,100518,0
47,100519,0
48,100520,0
49,100521,0
50,100522,0
51,100523,0
52,100524,0
53,100525,0
54,100526,0
55,100527,0
56,100528,0
57,100529,0
58,100530,0
59,100531,0
60,100532,0
61,100533,0
62,100534,0
63,100535,0
64,100536,0
65,100537,0
66,100538,0
67,100539,0
68,100540,0
69,100541,0
70,100542,0
71,100543,0
72,100544,0
73,100545,0
74,100546,0
75,100547,0
76,100548,0
77,100549,0
78,100550,0
79,100551,0
80,100552,0
81,100553,0
82,100554,0
83,100555,0
84,100556,0
85,100557,0
86,100558,0
87,100559,0
88,100562,1
89,100564,1
90,100565,1
91,100566,1
92,100567,0
93,100568,0
94,100570,0
95,100571,0
96,100572,0
97,100573,0
98,100584,0
99,100585,0
100,100586,0
101,100587,0
102,100588,0
103,100589,0
104,100590,0
105,100591,0
106,100592,0
107,100593,0
108,100594,0
109,100595,0
110,100596,0
111,100597,0
112,100598,0
113,100599,0
114,100600,0
115,100601,0
116,100602,0
117,100603,0
118,100604,0
119,100605,0
120,100606,0
121,100607,0
122,100608,0
123,100609,0
124,100610,0
125,100611,0
126,100613,1
127,100640,0
128,100641,4
129,100663,4
130,100664,4
131,100669,5
132,100704,4
133,100727,4
134,100728,4
135,100767,0
136,100794,0
137,100814,1
138,100816,1
139,100817,1
140,100867,1
141,100919,4
142,100936,1
143,100973,0
144,101011,1
145,101026,4
146,101038,4
147,101088,4
148,101091,2
149,101123,4
150,101127,4
151,101129,4
152,101130,4
153,101132,4
154,101140,0
155,101156,4
156,101159,4
157,101163,4
158,101175,1
159,101190,4
160,101207,0
161,101208,0
162,101260,1
163,101300,0
164,101302,0
165,101303,0
166,101304,0
167,101323,0
168,101324,0
169,101325,2
170,101326,2
171,101327,2
172,101328,2
173,101329,2
174,101330,0
175,101331,0
176,101332,0
177,101333,0
178,101334,0
179,101335,0
180,101336,0
181,101337,0
182,101364,4
183,101368,0
184,101410,0
185,101411,0
186,101413,2
187,101414,0
188,101415,0
189,101416,0
190,101417,0
191,101418,0
192,101419,0
193,101420,0
194,101421,2
195,101422,2
196,101423,2
197,101424,0
198,101425,0
199,101426,0
0,102688,0
1,102689,0
2,102690,0
3,102691,0
4,102692,0
5,102693,0
6,102694,0
7,102695,0
8,102696,0
9,102697,0
10,102698,0
11,102699,0
12,102700,0
13,102707,1
14,102713,1
15,102719,4
16,102730,4
17,102754,0
18,102755,0
19,102756,0
20,102757,0
21,102758,0
22,102759,0
23,102760,0
24,102791,0
25,102839,1
26,102877,2
27,102878,2
28,102879,4
29,102880,4
30,102881,4
31,102882,4
32,102883,4
33,102884,4
34,102885,4
35,102886,4
36,102887,4
37,102888,4
38,102889,4
39,102890,4
40,102891,4
41,102892,4
42,102893,4
43,102894,4
44,102895,4
45,102896,4
46,102897,4
47,102898,4
48,102899,4
49,102900,4
50,102901,4
51,102902,4
52,102903,4
53,102904,4
54,102905,4
55,102906,4
56,102914,4
57,102920,1
58,102931,4
59,102934,1
60,102938,0
61,102945,4
62,102986,1
63,103014,1
64,103042,4
65,103048,4
66,103102,1
67,103122,1
68,103130,0
69,103151,2
70,103152,2
71,103156,0
72,103157,4
73,103175,2
74,103197,2
75,103218,4
76,103231,1
77,103242,0
78,103257,4
79,103275,0
80,103276,0
81,103277,0
82,103278,0
83,103279,0
84,103280,0
85,103281,0
86,103282,0
87,103283,0
88,103284,0
89,103285,0
90,103286,0
91,103287,0
92,103348,2
93,103349,2
94,103350,2
95,103351,2
96,103352,2
97,103353,2
98,103354,2
99,103355,2
100,101427,0
101,101428,0
102,101429,0
103,101430,0
104,101431,0
105,101432,0
106,101433,0
107,101434,0
108,101435,0
109,101436,0
110,101437,0
111,101438,0
112,101439,2
113,101525,1
114,101530,0
115,101535,4
116,101536,1
117,101583,4
118,101607,4
119,101622,1
120,101633,0
121,101645,4
122,101646,4
123,101653,2
124,101694,0
125,101715,4
126,101788,4
127,101791,4
128,101840,0
129,101841,0
130,101894,1
131,101903,1
132,101917,1
133,101930,0
134,101931,0
135,101932,0
136,101933,0
137,101934,0
138,101935,0
139,101948,1
140,101971,4
141,102028,0
142,102029,0
143,102030,0
144,102031,0
145,102036,1
146,102042,1
147,102118,4
148,102125,2
149,102145,0
150,102163,4
151,102164,4
152,102169,0
153,102190,1
154,102193,0
155,102200,2
156,102201,2
157,102233,5
158,102238,1
159,102239,0
160,102240,0
161,102243,0
162,102244,0
163,102255,0
164,102256,2
165,102257,2
166,102258,0
167,102262,4
168,102282,1
169,102293,1
170,102373,0
171,102383,1
172,102423,0
173,102424,0
174,102425,0
175,102477,1
176,102481,4
177,102549,1
178,102578,2
179,102579,1
180,102583,0
181,102595,1
182,102669,2
183,102670,2
184,102671,0
185,102672,0
186,102673,0
187,102674,0
188,102675,0
189,102676,0
190,102677,0
191,102678,0
192,102679,0
193,102680,0
194,102681,0
195,102682,0
196,102684,0
197,102685,0
198,102686,0
199,102687,0
0,103356,0
1,103408,4
2,103461,4
3,103492,4
4,103493,4
5,103515,4
6,103559,1
7,103610,4
8,103613,4
9,103693,4
10,103696,4
11,103705,0
12,103717,0
13,103755,2
14,103802,1
15,103806,0
16,103874,0
17,103876,4
18,103877,4
19,103878,0
20,103881,0
21,103882,0
22,103883,0
23,103884,0
24,103922,0
25,103939,1
26,103960,1
27,103965,1
28,103977,4
29,103978,2
30,103980,2
31,104031,1
32,104037,0
33,104047,0
34,104057,1
35,104079,0
36,104080,0
37,104097,0
38,104149,4
39,104153,4
40,104180,4
41,104181,0
42,104192,1
43,104193,0
44,104194,0
45,104195,0
46,104211,0
47,104238,0
48,104243,4
49,104285,4
50,104354,1
51,104367,4
52,104373,1
53,104378,0
54,104379,0
55,104380,0
56,104381,0
57,104382,2
58,104399,1
59,104401,1
60,104434,4
61,104441,0
62,104444,4
63,104510,1
64,104522,1
65,104523,0
66,104524,0
67,104525,0
68,104533,0
69,104534,0
70,104535,0
71,104536,0
72,104538,0
73,104539,0
74,104540,0
75,104590,4
76,104591,1
77,104599,0
78,104604,1
79,104625,0
80,104632,1
81,104736,4
82,104739,1
83,104765,2
84,104771,1
85,104791,1
86,104802,1
87,104834,1
88,104835,0
89,104836,0
90,104837,0
91,104838,0
92,104839,0
93,104840,0
94,104841,0
95,104842,0
96,104843,0
97,104844,0
98,104845,0
99,104846,0
100,104847,0
101,104848,0
102,104871,4
103,104878,1
104,104884,0
105,104885,0
106,104886,0
107,104887,0
108,104888,0
109,104889,2
110,104934,0
111,104935,0
112,104966,1
113,104970,1
114,104975,1
115,104992,0
116,104993,0
117,104994,0
118,104995,0
119,104996,0
120,104997,0
121,104998,0
122,104999,0
123,105000,0
124,105001,0
125,105002,0
126,105003,0
127,105010,1
128,105067,1
129,105125,1
130,105173,4
131,105257,4
132,105258,4
133,105259,5
134,105285,4
135,105286,4
136,105330,1
137,105375,4
138,105376,4
139,105377,4
140,105379,0
141,105380,4
142,105469,1
143,105488,0
144,105541,1
145,105560,1
146,105561,1
147,105566,4
148,105567,4
149,105631,1
150,105638,2
151,105641,0
152,105659,4
153,105676,4
154,105688,4
155,105702,0
156,105704,4
157,105705,4
158,105731,4
159,105732,5
160,105733,0
161,105734,5
162,105759,5
163,105765,1
164,105785,4
165,105789,4
166,105797,4
167,105811,4
168,105812,4
169,105826,5
170,105923,1
171,106051,1
172,106063,4
173,106083,0
174,106092,0
175,106103,2
176,106106,2
177,106107,1
178,106127,2
179,106138,4
180,106165,4
181,106189,0
182,106190,0
183,106191,0
184,106192,0
185,106193,0
186,106194,0
187,106195,0
188,106196,0
189,106197,0
190,106198,0
191,106199,0
192,106200,0
193,106201,0
194,106202,0
195,106203,0
196,106204,2
197,106205,2
198,106206,2
199,106207,0
0,106208,0
1,106210,2
2,106235,1
3,106236,1
4,106238,1
5,106251,4
6,106273,2
7,106274,4
8,106342,4
9,106358,1
10,106365,0
11,106366,0
12,106367,0
13,106368,0
14,106369,0
15,106370,0
16,106371,0
17,106372,0
18,106373,0
19,106374,0
20,106375,0
21,106376,0
22,106377,0
23,106378,0
24,106379,0
25,106380,0
26,106381,0
27,106382,0
28,106384,0
29,106412,4
30,106416,0
31,106437,1
32,106465,1
33,106466,0
34,106467,0
35,106468,4
36,106469,1
37,106470,1
38,106471,1
39,106500,4
40,106503,0
41,106505,0
42,106506,0
43,106507,0
44,106514,0
45,106516,4
46,106545,0
47,106546,0
48,106547,0
49,106548,2
50,106549,2
51,106550,2
52,106551,2
53,106552,0
54,106553,0
55,106554,0
56,106555,0
57,106556,0
58,106557,0
59,106558,0
60,106559,0
61,106560,1
62,106561,1
63,106562,0
64,106563,0
65,106564,0
66,106565,0
67,106571,4
68,106572,4
69,106586,4
70,106640,2
71,106641,4
72,106642,0
73,106649,4
74,106654,4
75,106696,0
76,106715,1
77,106730,0
78,106731,4
79,106801,4
80,106813,1
81,106826,0
82,106832,0
83,106853,4
84,106880,4
85,106901,4
86,106902,4
87,106904,0
88,106910,0
89,106913,1
90,106944,1
91,106952,4
92,106953,1
93,106964,4
94,106975,1
95,106978,2
96,106988,2
97,106989,2
98,106990,2
99,106992,2
100,106993,2
101,106994,2
102,106995,2
103,106997,2
104,106998,2
105,106999,2
106,107000,2
107,107001,2
108,107002,2
109,107003,2
110,107004,0
111,107005,0
112,107006,0
113,107007,0
114,107008,0
115,107009,0
116,107010,0
117,107011,0
118,107012,0
119,107013,0
120,107014,0
121,107015,0
122,107016,0
123,107017,0
124,107018,0
125,107019,0
126,107020,0
127,107021,0
128,107022,0
129,107023,0
130,107024,0
131,107038,0
132,107051,4
133,107059,4
134,107075,4
135,107084,4
136,107087,1
137,107089,0
138,107090,0
139,107112,4
140,107127,0
141,107145,1
142,107169,4
143,107174,1
144,107186,4
145,107211,1
146,107235,1
147,107280,4
148,107288,1
149,107308,0
150,107332,4
151,107349,0
152,107375,1
153,107384,0
154,107385,0
155,107386,0
156,107387,0
157,107388,0
158,107389,0
159,107390,0
160,107391,0
161,107392,0
162,107393,0
163,107394,0
164,107395,0
165,107396,0
166,107397,0
167,107398,0
168,107400,0
169,107401,0
170,107402,0
171,107403,0
172,107404,0
173,107405,0
174,107406,0
175,107407,0
176,107419,1
177,107469,4
178,107472,4
179,107473,4
180,107508,1
181,107529,1
182,107541,2
183,107542,2
184,107547,0
185,107548,0
186,107549,0
187,107550,0
188,107578,4
189,107579,4
190,107667,0
191,107668,0
192,107669,0
193,107670,0
194,107671,0
195,107672,0
196,107673,0
197,107674,0
198,107675,0
199,107676,0
0,107677,0
1,107678,0
2,107679,0
3,107680,0
4,107681,0
5,107682,0
6,107683,0
7,107684,0
8,107685,0
9,107688,0
10,107749,1
11,107761,0
12,107762,0
13,107763,0
14,107764,0
15,107765,0
16,107766,0
17,107767,0
18,107768,0
19,107769,0
20,107770,0
21,107771,0
22,107772,0
23,107773,0
24,107774,0
25,107775,0
26,107776,0
27,107777,0
28,107778,0
29,107779,0
30,107780,0
31,107815,4
32,107826,0
33,107895,0
34,107917,0
35,107945,1
36,107948,0
37,107949,0
38,107950,0
39,107951,0
40,107952,0
41,107953,0
42,107954,0
43,107955,0
44,107956,0
45,107957,0
46,107958,0
47,107959,0
48,107960,0
49,107961,0
50,107962,0
51,107963,0
52,107964,0
53,107965,0
54,107966,0
55,107967,0
56,107968,0
57,107969,0
58,107970,0
59,107972,0
60,107995,1
61,107996,1
62,107997,1
63,107998,1
64,108067,1
65,108084,4
66,108086,0
67,108094,4
68,108095,4
69,108103,1
70,108104,1
71,108108,1
72,108126,2
73,108133,4
74,108146,4
75,108170,1
76,108190,0
77,108191,0
78,108192,0
79,108193,0
80,108194,0
81,108195,0
82,108196,0
83,108197,0
84,108198,0
85,108199,0
86,108200,0
87,108201,0
88,108202,0
89,108203,0
90,108204,0
91,108205,0
92,108206,0
93,108207,0
94,108208,0
95,108209,0
96,108210,0
97,108211,0
98,108212,0
99,108216,0
100,108217,4
101,108220,4
102,108305,0
103,108306,0
104,108307,0
105,108325,0
106,108326,0
107,108327,0
108,108328,0
109,108329,0
110,108330,0
111,108398,1
112,108408,0
113,108409,0
114,108410,0
115,108411,0
116,108412,0
117,108413,0
118,108414,0
119,108415,0
120,108416,0
121,108417,0
122,108418,0
123,108419,0
124,108420,0
125,108422,0
126,108423,0
127,108424,0
128,108425,0
129,108426,0
130,108427,0
131,108428,0
132,108430,0
133,108431,0
134,108432,0
135,108454,4
136,108468,4
137,108476,1
138,108484,4
139,108486,4
140,108487,1
141,108488,1
142,108489,1
143,108538,4
144,108568,1
145,108569,1
146,108570,1
147,108571,1
148,108572,1
149,108573,1
150,108574,1
151,108575,1
152,108577,1
153,108592,2
154,108593,2
155,108594,2
156,108595,2
157,108596,0
158,108597,0
159,108598,0
160,108599,0
161,108600,2
162,108601,2
163,108602,2
164,108603,2
165,108604,2
166,108605,2
167,108606,2
168,108607,2
169,108608,2
170,108609,2
171,108610,2
172,108611,0
173,108612,0
174,108613,0
175,108614,0
176,108615,0
177,108616,0
178,108617,0
179,108618,0
180,108619,0
181,108620,0
182,108621,0
183,108622,0
184,108623,0
185,108624,0
186,108625,0
187,108626,0
188,108627,0
189,108655,1
190,108656,1
191,108657,1
192,108658,1
193,108659,1
194,108660,1
195,108691,1
196,108700,4
197,108727,5
198,108735,1
199,108802,1
0,109711,0
1,109719,4
2,109720,4
3,109729,4
4,109745,0
5,109758,0
6,109767,0
7,109768,1
8,109784,0
9,109785,0
10,109790,0
11,109797,4
12,109863,4
13,109877,4
14,109878,4
15,109885,4
16,109890,0
17,109896,4
18,109917,0
19,109960,1
20,109988,0
21,109989,0
22,109991,4
23,109995,4
24,109997,0
25,109998,0
26,110008,1
27,110058,1
28,110059,1
29,110060,1
30,110061,1
31,110067,0
32,110068,0
33,110069,0
34,110070,0
35,110071,0
36,110072,0
37,110073,0
38,110074,0
39,110075,0
40,110076,0
41,110077,0
42,110096,0
43,110098,4
44,110111,0
45,110145,1
46,110202,1
47,110210,1
48,110217,4
49,110222,1
50,110232,0
51,110233,0
52,110234,0
53,110235,0
54,110236,0
55,110237,0
56,110238,0
57,110239,0
58,110240,0
59,110241,0
60,110242,0
61,110243,0
62,110244,0
63,110245,0
64,110246,0
65,110247,0
66,110248,0
67,110249,0
68,110250,0
69,110251,0
70,110252,0
71,110253,0
72,110254,0
73,110255,0
74,110256,0
75,110257,0
76,110258,0
77,110259,0
78,110260,0
79,110261,0
80,110269,2
81,110310,4
82,110324,1
83,110375,1
84,110398,4
85,110400,4
86,110405,1
87,110414,4
88,110415,4
89,110416,4
90,110436,0
91,110506,4
92,110518,4
93,110531,0
94,110539,0
95,110540,0
96,110604,0
97,110605,0
98,110606,0
99,110624,0
100,108843,4
101,108849,1
102,108859,1
103,108880,0
104,108905,0
105,108914,1
106,108924,4
107,108955,1
108,108969,1
109,108988,4
110,108989,4
111,109003,1
112,109033,1
113,109080,4
114,109087,0
115,109118,4
116,109187,0
117,109205,4
118,109226,0
119,109228,4
120,109229,4
121,109230,4
122,109231,4
123,109282,0
124,109318,0
125,109319,0
126,109320,0
127,109321,0
128,109322,0
129,109323,0
130,109324,0
131,109325,0
132,109326,0
133,109327,0
134,109328,0
135,109329,0
136,109330,0
137,109331,0
138,109332,0
139,109333,0
140,109334,0
141,109335,0
142,109336,0
143,109337,0
144,109338,0
145,109339,0
146,109340,0
147,109404,2
148,109430,4
149,109431,4
150,109442,1
151,109449,0
152,109450,0
153,109466,1
154,109485,1
155,109486,1
156,109494,0
157,109495,0
158,109496,0
159,109497,0
160,109513,1
161,109560,2
162,109588,2
163,109589,2
164,109590,2
165,109594,0
166,109595,5
167,109596,0
168,109597,0
169,109598,0
170,109599,0
171,109600,0
172,109601,0
173,109602,0
174,109603,0
175,109604,0
176,109605,0
177,109606,0
178,109607,0
179,109608,0
180,109609,0
181,109610,0
182,109611,0
183,109612,0
184,109613,0
185,109614,0
186,109615,0
187,109616,0
188,109617,0
189,109618,0
190,109619,0
191,109620,0
192,109621,0
193,109622,0
194,109665,4
195,109671,4
196,109682,5
197,109683,5
198,109702,4
199,109710,0
0,111488,4
1,111495,1
2,111514,0
3,111529,1
4,111542,4
5,111551,4
6,111556,4
7,111564,4
8,111580,4
9,111589,1
10,111672,1
11,111673,1
12,111691,2
13,111705,4
14,111732,2
15,111747,0
16,111758,2
17,111760,4
18,111881,0
19,111910,4
20,111921,2
21,111922,2
22,111923,5
23,111943,1
24,111949,2
25,111986,4
26,111987,4
27,112034,2
28,112035,0
29,112068,4
30,112090,0
31,112104,4
32,112138,1
33,112150,2
34,112153,2
35,112164,1
36,112177,4
37,112186,4
38,112187,0
39,112189,4
40,112190,4
41,112192,0
42,112193,0
43,112199,1
44,112216,4
45,112246,4
46,112256,4
47,112257,4
48,112259,0
49,112262,4
50,112272,0
51,112300,4
52,112352,4
53,112373,4
54,112383,4
55,112386,1
56,112408,4
57,112409,4
58,112410,4
59,112414,0
60,112415,0
61,112469,0
62,112524,0
63,112565,4
64,112576,0
65,112582,0
66,112583,0
67,112622,0
68,112623,0
69,112624,0
70,112625,0
71,112626,0
72,112627,0
73,112628,0
74,112631,2
75,112632,2
76,112633,2
77,112634,2
78,112635,2
79,112636,2
80,112637,2
81,112638,2
82,112639,2
83,112640,2
84,112641,2
85,112642,2
86,112643,2
87,112644,2
88,112646,2
89,112647,0
90,112648,0
91,112649,0
92,112650,0
93,112651,0
94,112652,0
95,112653,0
96,112654,0
97,112655,0
98,112661,1
99,112667,0
100,110628,1
101,110637,4
102,110660,1
103,110690,1
104,110767,0
105,110768,4
106,110803,4
107,110825,0
108,110830,0
109,110831,0
110,110832,0
111,110851,0
112,110864,4
113,110892,1
114,110925,4
115,110926,0
116,110927,0
117,110931,1
118,110932,1
119,110933,1
120,110934,1
121,110935,1
122,110936,1
123,110937,1
124,110938,1
125,110939,1
126,110940,1
127,110941,1
128,110942,1
129,110980,0
130,110985,4
131,110993,1
132,110995,4
133,110996,4
134,111006,0
135,111007,0
136,111008,0
137,111009,0
138,111010,0
139,111011,0
140,111012,0
141,111013,0
142,111014,0
143,111015,0
144,111016,0
145,111017,0
146,111018,0
147,111019,0
148,111020,0
149,111021,0
150,111022,0
151,111023,0
152,111024,0
153,111025,0
154,111048,1
155,111072,1
156,111099,1
157,111116,1
158,111133,0
159,111134,0
160,111135,0
161,111136,0
162,111137,0
163,111138,0
164,111139,0
165,111140,0
166,111141,0
167,111142,0
168,111143,0
169,111144,0
170,111145,0
171,111146,0
172,111147,0
173,111148,0
174,111149,0
175,111150,0
176,111151,0
177,111152,0
178,111153,0
179,111154,0
180,111155,0
181,111156,0
182,111157,0
183,111158,0
184,111159,0
185,111256,1
186,111262,0
187,111285,0
188,111324,0
189,111326,0
190,111327,0
191,111328,0
192,111329,0
193,111330,0
194,111331,0
195,111332,0
196,111353,1
197,111354,1
198,111402,1
199,111469,1
0,113257,0
1,113305,4
2,113333,4
3,113339,4
4,113351,0
5,113352,4
6,113371,4
7,113376,4
8,113377,4
9,113378,4
10,113395,1
11,113400,1
12,113418,4
13,113436,0
14,113437,0
15,113467,4
16,113481,0
17,113504,0
18,113571,1
19,113599,1
20,113650,0
21,113652,0
22,113653,0
23,113655,0
24,113671,2
25,113672,2
26,113673,2
27,113674,0
28,113675,0
29,113676,0
30,113677,0
31,113678,0
32,113679,0
33,113680,0
34,113681,0
35,113682,0
36,113683,0
37,113684,0
38,113685,0
39,113686,0
40,113687,0
41,113688,0
42,113689,0
43,113690,0
44,113691,0
45,113692,0
46,113693,0
47,113694,0
48,113695,0
49,113696,0
50,113697,0
51,113698,0
52,113699,0
53,113700,0
54,113707,4
55,113717,0
56,113718,0
57,113719,0
58,113720,0
59,113721,0
60,113730,4
61,113748,4
62,113753,4
63,113776,1
64,113782,0
65,113783,0
66,113784,0
67,113785,0
68,113786,0
69,113787,0
70,113791,4
71,113793,1
72,113809,1
73,113810,1
74,113826,4
75,113831,1
76,113862,4
77,113863,4
78,113870,1
79,113872,0
80,113873,0
81,113874,0
82,113875,0
83,113876,1
84,113877,1
85,113878,1
86,113880,2
87,113881,2
88,113886,0
89,113887,0
90,113888,0
91,113889,0
92,113890,0
93,113891,0
94,113892,0
95,113894,0
96,113895,0
97,113904,4
98,113905,4
99,113927,4
100,112668,2
101,112669,0
102,112670,0
103,112671,0
104,112672,0
105,112673,0
106,112674,4
107,112675,4
108,112676,4
109,112677,4
110,112678,4
111,112679,0
112,112680,0
113,112681,0
114,112682,0
115,112683,0
116,112684,0
117,112685,0
118,112686,0
119,112687,4
120,112688,4
121,112689,4
122,112690,4
123,112691,4
124,112692,2
125,112693,0
126,112694,0
127,112695,0
128,112696,0
129,112697,2
130,112698,2
131,112699,2
132,112700,2
133,112701,2
134,112702,2
135,112703,2
136,112704,2
137,112705,2
138,112706,2
139,112739,1
140,112756,1
141,112783,0
142,112811,0
143,112812,0
144,112813,0
145,112814,0
146,112815,0
147,112816,0
148,112834,0
149,112835,0
150,112836,0
151,112837,0
152,112838,0
153,112839,0
154,112840,0
155,112841,0
156,112842,0
157,112859,4
158,112864,0
159,112888,1
160,112905,4
161,112965,4
162,112998,1
163,113045,1
164,113053,0
165,113054,0
166,113055,0
167,113056,0
168,113057,0
169,113058,0
170,113059,0
171,113060,0
172,113061,0
173,113062,0
174,113063,0
175,113064,0
176,113065,0
177,113066,0
178,113067,0
179,113068,0
180,113069,0
181,113070,0
182,113071,0
183,113072,0
184,113073,0
185,113074,0
186,113075,0
187,113076,0
188,113077,1
189,113091,1
190,113104,1
191,113161,1
192,113205,1
193,113250,0
194,113251,0
195,113252,0
196,113253,0
197,113254,0
198,113255,0
199,113256,0
0,114269,4
1,114270,4
2,114271,4
3,114272,4
4,114282,0
5,114298,0
6,114310,0
7,114311,0
8,114312,0
9,114313,0
10,114314,0
11,114315,0
12,114316,0
13,114317,0
14,114318,0
15,114319,0
16,114320,0
17,114321,0
18,114338,4
19,114339,4
20,114355,0
21,114358,0
22,114373,4
23,114376,0
24,114377,5
25,114382,1
26,114390,5
27,114428,0
28,114429,4
29,114447,1
30,114480,1
31,114567,4
32,114568,4
33,114582,1
34,114588,4
35,114615,0
36,114616,0
37,114617,0
38,114618,0
39,114619,0
40,114640,0
41,114641,0
42,114651,1
43,114654,0
44,114669,1
45,114685,1
46,114701,0
47,114705,1
48,114725,1
49,114726,2
50,114727,2
51,114728,2
52,114729,0
53,114730,0
54,114731,0
55,114735,4
56,114736,4
57,114751,0
58,114753,0
59,114757,1
60,114758,1
61,114767,0
62,114768,0
63,114778,1
64,114824,1
65,114831,2
66,114832,2
67,114833,2
68,114834,2
69,114835,2
70,114836,0
71,114837,0
72,114838,0
73,114839,0
74,114840,0
75,114841,0
76,114842,0
77,114843,0
78,114844,0
79,114845,0
80,114846,0
81,114847,0
82,114848,0
83,114849,0
84,114850,0
85,114851,2
86,114852,2
87,114853,2
88,114854,2
89,114855,2
90,114857,1
91,114858,1
92,114886,2
93,114906,4
94,114909,0
95,114932,4
96,115001,0
97,115002,0
98,115003,0
99,115004,0
100,113950,0
101,113951,1
102,113961,0
103,113962,0
104,113963,0
105,113964,0
106,113965,0
107,113966,0
108,113967,0
109,113968,2
110,113969,2
111,113970,5
112,113971,4
113,113972,4
114,113973,4
115,113974,4
116,113975,4
117,113976,4
118,113977,4
119,113978,4
120,113979,4
121,113980,4
122,113981,4
123,113982,4
124,113983,4
125,113984,4
126,113985,4
127,113986,4
128,113987,4
129,113988,4
130,113989,4
131,113990,0
132,113991,0
133,113992,0
134,113993,0
135,113994,0
136,113995,0
137,113996,1
138,114050,1
139,114054,2
140,114106,0
141,114174,4
142,114184,1
143,114185,0
144,114186,1
145,114187,0
146,114188,0
147,114189,0
148,114190,0
149,114191,0
150,114192,0
151,114193,0
152,114194,0
153,114195,0
154,114196,0
155,114197,0
156,114198,0
157,114199,0
158,114200,0
159,114201,0
160,114202,0
161,114203,2
162,114204,0
163,114205,0
164,114206,0
165,114207,0
166,114208,0
167,114209,0
168,114210,0
169,114211,0
170,114212,0
171,114213,0
172,114214,0
173,114215,0
174,114216,0
175,114217,0
176,114218,0
177,114219,0
178,114220,0
179,114221,0
180,114222,0
181,114223,0
182,114224,0
183,114225,0
184,114226,0
185,114227,0
186,114228,0
187,114232,4
188,114234,4
189,114238,5
190,114254,1
191,114260,0
192,114261,0
193,114262,0
194,114263,0
195,114264,0
196,114265,0
197,114266,0
198,114267,5
199,114268,4
0,115307,4
1,115315,0
2,115319,4
3,115324,5
4,115354,2
5,115355,0
6,115356,0
7,115357,0
8,115395,0
9,115409,0
10,115421,4
11,115431,4
12,115445,2
13,115451,0
14,115454,4
15,115475,0
16,115476,0
17,115477,0
18,115478,0
19,115479,0
20,115480,0
21,115481,0
22,115482,0
23,115483,0
24,115484,0
25,115485,0
26,115486,0
27,115487,0
28,115488,0
29,115489,0
30,115490,2
31,115491,2
32,115492,2
33,115493,1
34,115494,0
35,115520,4
36,115548,0
37,115549,0
38,115550,0
39,115551,0
40,115552,0
41,115561,0
42,115562,0
43,115563,0
44,115564,0
45,115565,0
46,115566,0
47,115567,0
48,115568,0
49,115569,0
50,115570,0
51,115571,0
52,115572,0
53,115573,0
54,115574,0
55,115575,0
56,115576,0
57,115577,0
58,115578,0
59,115579,0
60,115585,1
61,115592,5
62,115594,2
63,115595,2
64,115596,2
65,115597,2
66,115598,2
67,115599,0
68,115600,0
69,115601,2
70,115602,2
71,115603,2
72,115604,0
73,115605,0
74,115606,0
75,115607,0
76,115608,0
77,115609,0
78,115621,4
79,115623,4
80,115640,2
81,115642,4
82,115667,2
83,115670,4
84,115691,1
85,115706,4
86,115718,1
87,115763,4
88,115770,4
89,115815,1
90,115820,0
91,115847,0
92,115855,1
93,115856,0
94,115857,0
95,115863,0
96,115864,0
97,115898,4
98,115927,4
99,115988,2
100,115005,0
101,115006,0
102,115007,0
103,115008,0
104,115009,0
105,115022,0
106,115023,0
107,115024,0
108,115025,0
109,115026,0
110,115027,0
111,115028,0
112,115029,0
113,115030,0
114,115031,0
115,115032,0
116,115033,0
117,115034,2
118,115035,0
119,115036,0
120,115037,0
121,115038,0
122,115039,0
123,115040,0
124,115041,0
125,115042,0
126,115043,0
127,115075,4
128,115076,4
129,115080,1
130,115081,0
131,115082,0
132,115083,0
133,115084,0
134,115085,0
135,115086,0
136,115087,0
137,115088,0
138,115089,0
139,115090,0
140,115091,0
141,115092,0
142,115093,0
143,115094,0
144,115095,0
145,115096,0
146,115097,0
147,115098,0
148,115099,0
149,115100,0
150,115101,0
151,115102,0
152,115103,0
153,115104,0
154,115105,0
155,115106,0
156,115107,0
157,115108,0
158,115109,0
159,115110,0
160,115111,0
161,115112,0
162,115113,0
163,115114,0
164,115115,0
165,115116,0
166,115117,0
167,115118,0
168,115119,0
169,115120,0
170,115121,0
171,115122,2
172,115129,4
173,115132,4
174,115134,4
175,115140,1
176,115141,0
177,115142,0
178,115143,0
179,115144,0
180,115145,0
181,115146,0
182,115147,0
183,115148,0
184,115149,0
185,115150,0
186,115151,0
187,115152,0
188,115153,0
189,115154,0
190,115155,0
191,115156,0
192,115157,0
193,115236,0
194,115299,4
195,115300,4
196,115301,4
197,115303,5
198,115305,4
199,115306,4
0,117326,0
1,117327,0
2,117328,0
3,117329,0
4,117330,0
5,117331,0
6,117332,0
7,117333,0
8,117334,0
9,117335,0
10,117336,0
11,117337,0
12,117338,0
13,117339,0
14,117340,0
15,117341,0
16,117343,0
17,117344,0
18,117345,0
19,117346,0
20,117347,0
21,117348,0
22,117349,0
23,117350,0
24,117351,0
25,117352,0
26,117353,0
27,117356,4
28,117358,4
29,117359,4
30,117374,1
31,117378,0
32,117379,0
33,117380,0
34,117381,0
35,117382,0
36,117383,0
37,117384,0
38,117385,0
39,117386,0
40,117387,0
41,117388,0
42,117389,0
43,117390,0
44,117391,0
45,117392,0
46,117393,0
47,117394,0
48,117395,0
49,117396,0
50,117397,0
51,117398,0
52,117407,0
53,117416,5
54,117440,0
55,117454,0
56,117455,0
57,117456,0
58,117462,0
59,117505,1
60,117524,4
61,117527,4
62,117585,2
63,117623,4
64,117655,1
65,117726,1
66,117737,1
67,117745,1
68,117815,4
69,117856,1
70,117891,0
71,117915,0
72,117919,1
73,117922,0
74,117960,4
75,117961,4
76,117993,1
77,117994,1
78,118000,1
79,118033,0
80,118064,1
81,118128,1
82,118166,2
83,118167,4
84,118197,4
85,118208,1
86,118258,1
87,118276,0
88,118291,1
89,118300,5
90,118302,5
91,118303,5
92,118305,0
93,118306,0
94,118307,0
95,118314,0
96,118334,4
97,118343,2
98,118344,2
99,118345,2
100,115989,1
101,116001,4
102,116003,4
103,116032,5
104,116033,5
105,116047,1
106,116069,1
107,116073,4
108,116074,1
109,116128,4
110,116135,0
111,116136,0
112,116137,0
113,116138,0
114,116139,0
115,116140,0
116,116141,0
117,116142,0
118,116143,0
119,116144,0
120,116145,0
121,116146,0
122,116147,0
123,116151,0
124,116152,0
125,116153,0
126,116154,0
127,116155,0
128,116156,0
129,116157,4
130,116159,1
131,116231,0
132,116239,4
133,116245,4
134,116246,4
135,116280,0
136,116300,1
137,116301,0
138,116302,0
139,116303,0
140,116334,0
141,116335,0
142,116336,0
143,116362,0
144,116376,0
145,116409,2
146,116427,2
147,116429,4
148,116495,4
149,116527,1
150,116530,0
151,116531,0
152,116532,0
153,116533,0
154,116534,0
155,116535,0
156,116588,4
157,116589,4
158,116601,1
159,116624,1
160,116628,2
161,116658,4
162,116691,1
163,116692,1
164,116749,0
165,116750,0
166,116772,1
167,116795,4
168,116833,1
169,116838,4
170,116877,4
171,116907,4
172,116912,1
173,116921,0
174,116927,1
175,116946,4
176,116948,0
177,116970,4
178,116996,2
179,116997,4
180,117014,4
181,117061,1
182,117062,1
183,117080,4
184,117081,2
185,117082,2
186,117096,2
187,117193,4
188,117198,4
189,117206,4
190,117207,4
191,117224,4
192,117268,1
193,117269,0
194,117320,0
195,117321,0
196,117322,0
197,117323,0
198,117324,0
199,117325,0
0,119689,0
1,119690,0
2,119691,0
3,119692,0
4,119693,4
5,119694,4
6,119695,4
7,119696,4
8,119697,0
9,119698,0
10,119699,0
11,119700,0
12,119701,0
13,119702,0
14,119703,0
15,119716,0
16,119724,1
17,119725,1
18,119735,1
19,119736,1
20,119737,1
21,119738,1
22,119739,1
23,119809,0
24,119810,0
25,119811,0
26,119812,2
27,119813,4
28,119817,0
29,119919,0
30,119920,0
31,119964,0
32,119966,1
33,119971,4
34,120013,1
35,120040,1
36,120052,5
37,120066,4
38,120071,1
39,120079,1
40,120080,1
41,120108,1
42,120114,0
43,120115,0
44,120116,0
45,120117,0
46,120118,0
47,120119,0
48,120120,0
49,120121,0
50,120122,0
51,120123,0
52,120204,0
53,120323,0
54,120324,0
55,120325,0
56,120326,0
57,120327,0
58,120328,0
59,120329,0
60,120330,0
61,120331,0
62,120332,0
63,120333,0
64,120334,0
65,120335,0
66,120341,0
67,120368,0
68,120369,4
69,120370,5
70,120444,1
71,120503,1
72,120515,0
73,120516,0
74,120518,0
75,120519,0
76,120520,0
77,120521,0
78,120522,0
79,120523,0
80,120524,0
81,120525,0
82,120526,0
83,120527,0
84,120528,0
85,120529,1
86,120530,1
87,120531,1
88,120532,1
89,120533,1
90,120534,1
91,120535,1
92,120544,0
93,120545,0
94,120546,0
95,120547,0
96,120548,0
97,120549,0
98,120550,0
99,120551,0
100,118347,4
101,118358,0
102,118379,1
103,118414,2
104,118442,1
105,118457,4
106,118462,4
107,118465,1
108,118497,0
109,118498,0
110,118499,0
111,118500,0
112,118501,0
113,118502,0
114,118503,0
115,118504,0
116,118505,0
117,118506,0
118,118507,0
119,118509,0
120,118550,4
121,118556,0
122,118597,1
123,118616,4
124,118674,0
125,118675,0
126,118676,0
127,118726,1
128,118794,1
129,118797,0
130,118798,0
131,118799,0
132,118800,0
133,118801,0
134,118802,0
135,118803,0
136,118804,0
137,118805,0
138,118806,0
139,118807,0
140,118808,1
141,118809,4
142,118810,4
143,118811,4
144,118812,0
145,118813,0
146,118814,4
147,118815,0
148,118816,0
149,118817,0
150,118818,0
151,118819,0
152,118820,0
153,118822,4
154,118824,4
155,118825,4
156,118831,1
157,118848,0
158,118906,1
159,118916,1
160,118918,1
161,118919,1
162,118920,1
163,118921,1
164,118953,2
165,119013,1
166,119032,0
167,119044,5
168,119074,1
169,119113,1
170,119123,4
171,119230,0
172,119231,0
173,119232,0
174,119309,1
175,119314,1
176,119334,1
177,119404,2
178,119405,1
179,119406,2
180,119407,0
181,119408,0
182,119409,0
183,119410,0
184,119411,0
185,119412,0
186,119413,0
187,119414,0
188,119420,0
189,119448,4
190,119535,4
191,119550,4
192,119564,0
193,119612,4
194,119662,0
195,119666,1
196,119682,1
197,119683,1
198,119687,0
199,119688,0
0,120552,0
1,120553,0
2,120554,0
3,120555,4
4,120573,4
5,120574,4
6,120619,1
7,120620,4
8,120621,4
9,120622,4
10,120623,0
11,120629,4
12,120667,1
13,120700,4
14,120708,4
15,120709,4
16,120721,1
17,120727,0
18,120778,4
19,120798,2
20,120811,2
21,120813,0
22,120825,4
23,120840,0
24,120858,4
25,120860,4
26,120875,0
27,120876,0
28,120877,0
29,120878,0
30,120879,2
31,120880,0
32,120881,0
33,120882,0
34,120883,0
35,120884,0
36,120885,0
37,120886,0
38,120887,0
39,120951,1
40,121004,4
41,121005,4
42,121047,4
43,121048,4
44,121061,4
45,121076,4
46,121097,4
47,121120,4
48,121136,4
49,121162,4
50,121176,5
51,121181,4
52,121199,4
53,121200,4
54,121225,4
55,121321,4
56,121379,0
57,121380,0
58,121487,4
59,121516,4
60,121531,4
61,121549,4
62,121550,4
63,121576,4
64,121580,0
65,121583,1
66,121596,1
67,121605,1
68,121636,1
69,121646,4
70,121657,4
71,121681,4
72,121698,4
73,121719,4
74,121754,4
75,121783,4
76,121784,4
77,121785,4
78,121892,0
79,121893,0
80,121894,1
81,121895,1
82,121931,4
83,121932,4
84,121933,5
85,121934,2
86,121935,4
87,121939,4
88,121952,1
89,121968,4
90,122005,4
91,122006,4
92,122012,4
93,122059,1
94,122060,1
95,122064,0
96,122065,0
97,122066,0
98,122067,2
99,122068,0
100,122069,0
101,122070,0
102,122071,0
103,122072,0
104,122073,0
105,122074,0
106,122075,0
107,122076,0
108,122077,0
109,122078,0
110,122079,0
111,122080,0
112,122081,0
113,122082,0
114,122083,0
115,122084,0
116,122085,0
117,122086,0
118,122087,0
119,122088,0
120,122089,0
121,122117,0
122,122176,4
123,122183,4
124,122184,4
125,122208,4
126,122211,1
127,122223,1
128,122231,0
129,122232,0
130,122233,0
131,122234,0
132,122235,0
133,122236,0
134,122237,0
135,122238,0
136,122239,2
137,122240,2
138,122241,0
139,122242,0
140,122243,0
141,122244,0
142,122245,0
143,122246,0
144,122247,0
145,122248,0
146,122249,0
147,122300,1
148,122310,2
149,122311,2
150,122312,0
151,122313,0
152,122314,0
153,122315,0
154,122316,0
155,122317,0
156,122318,0
157,122319,0
158,122323,0
159,122324,0
160,122325,0
161,122326,0
162,122327,0
163,122328,0
164,122329,0
165,122330,0
166,122331,0
167,122332,0
168,122333,0
169,122347,1
170,122402,1
171,122404,0
172,122405,0
173,122406,0
174,122407,0
175,122408,0
176,122409,0
177,122410,0
178,122411,0
179,122412,0
180,122413,0
181,122414,0
182,122415,0
183,122416,0
184,122417,0
185,122418,0
186,122419,0
187,122420,0
188,122421,0
189,122426,1
190,122467,4
191,122474,4
192,122483,4
193,122485,4
194,122554,1
195,122562,4
196,122563,4
197,122570,4
198,122573,4
199,122577,4
0,122585,4
1,122592,4
2,122601,4
3,122618,4
4,122628,4
5,122629,4
6,122636,4
7,122672,4
8,122675,1
9,122684,1
10,122715,1
11,122716,1
12,122731,4
13,122732,4
14,122745,4
15,122759,4
16,122760,4
17,122802,4
18,122820,1
19,122831,4
20,122832,4
21,122833,4
22,122836,0
23,122856,4
24,122868,4
25,122884,1
26,122886,0
27,122924,1
28,122947,4
29,122950,4
30,123005,4
31,123024,4
32,123026,4
33,123027,4
34,123030,4
35,123048,4
36,123060,4
37,123074,1
38,123105,4
39,123113,1
40,123123,4
41,123162,4
42,123196,1
43,123206,0
44,123243,4
45,123287,0
46,123291,4
47,123304,4
48,123311,4
49,123313,4
50,123335,4
51,123367,1
52,123404,0
53,123405,0
54,123406,0
55,123407,0
56,123408,0
57,123409,0
58,123422,1
59,123424,0
60,123425,0
61,123456,4
62,123457,4
63,123458,4
64,123472,1
65,123480,1
66,123510,4
67,123551,1
68,123555,1
69,123559,1
70,123569,1
71,123582,4
72,123603,0
73,123613,4
74,123649,1
75,123663,1
76,123679,0
77,123680,0
78,123681,0
79,123698,4
80,123711,0
81,123715,1
82,123720,4
83,123721,4
84,123724,0
85,123813,0
86,123817,4
87,123826,0
88,123846,4
89,123862,0
90,123863,0
91,123864,0
92,123865,0
93,123866,4
94,123870,4
95,123879,1
96,123893,0
97,123897,1
98,123921,0
99,123926,1
100,123958,4
101,123973,4
102,123974,4
103,123979,5
104,123989,0
105,124023,4
106,124036,1
107,124039,0
108,124050,2
109,124063,2
110,124064,2
111,124102,4
112,124107,4
113,124108,4
114,124119,5
115,124120,5
116,124122,0
117,124141,4
118,124145,4
119,124174,4
120,124208,1
121,124212,1
122,124214,1
123,124218,1
124,124225,0
125,124226,0
126,124227,0
127,124228,0
128,124234,0
129,124235,0
130,124236,0
131,124237,0
132,124238,0
133,124239,0
134,124240,0
135,124241,0
136,124242,0
137,124243,0
138,124244,0
139,124245,0
140,124246,0
141,124247,0
142,124248,0
143,124249,0
144,124250,0
145,124251,0
146,124252,0
147,124253,0
148,124254,0
149,124255,0
150,124259,4
151,124308,1
152,124319,1
153,124332,4
154,124439,1
155,124473,0
156,124474,0
157,124475,0
158,124476,0
159,124477,0
160,124478,0
161,124479,0
162,124480,0
163,124481,0
164,124482,4
165,124483,4
166,124518,0
167,124519,0
168,124520,0
169,124521,0
170,124522,0
171,124523,0
172,124524,0
173,124574,4
174,124598,4
175,124599,4
176,124602,0
177,124637,1
178,124676,2
179,124681,4
180,124689,0
181,124695,4
182,124710,2
183,124722,0
184,124723,0
185,124724,0
186,124725,0
187,124726,0
188,124727,0
189,124728,0
190,124729,0
191,124730,0
192,124731,0
193,124732,0
194,124733,0
195,124734,0
196,124735,0
197,124736,0
198,124737,0
199,124739,0
0,125798,1
1,125799,1
2,125800,2
3,125801,0
4,125802,0
5,125803,0
6,125804,0
7,125805,0
8,125806,0
9,125807,0
10,125808,0
11,125809,0
12,125810,0
13,125811,0
14,125812,0
15,125813,0
16,125814,0
17,125815,0
18,125816,0
19,125836,4
20,125843,4
21,125845,4
22,125861,4
23,125865,0
24,125905,1
25,125927,4
26,125964,4
27,125974,4
28,125975,4
29,125990,0
30,125991,0
31,125992,0
32,125993,0
33,125994,0
34,125995,0
35,125996,0
36,125997,0
37,125998,0
38,125999,0
39,126000,0
40,126001,0
41,126002,0
42,126003,4
43,126004,4
44,126005,0
45,126006,0
46,126007,0
47,126008,0
48,126009,0
49,126010,0
50,126011,0
51,126012,0
52,126014,4
53,126019,4
54,126030,1
55,126038,4
56,126050,4
57,126084,1
58,126099,4
59,126118,4
60,126121,4
61,126143,2
62,126159,4
63,126163,5
64,126244,2
65,126245,2
66,126246,2
67,126247,2
68,126248,2
69,126249,2
70,126250,2
71,126251,2
72,126252,2
73,126254,0
74,126256,4
75,126291,0
76,126301,1
77,126302,4
78,126303,4
79,126309,1
80,126310,1
81,126320,0
82,126327,4
83,126346,2
84,126353,4
85,126429,4
86,126433,1
87,126465,0
88,126466,0
89,126467,0
90,126468,0
91,126469,0
92,126470,0
93,126471,0
94,126472,0
95,126473,0
96,126474,0
97,126478,0
98,126479,0
99,126480,0
100,124740,0
101,124741,0
102,124742,0
103,124770,4
104,124772,2
105,124773,4
106,124784,4
107,124808,4
108,124814,4
109,124828,1
110,124894,0
111,124902,4
112,124916,0
113,124975,4
114,124979,0
115,125022,0
116,125023,0
117,125024,0
118,125025,0
119,125026,0
120,125029,0
121,125030,0
122,125031,0
123,125032,0
124,125033,0
125,125034,0
126,125035,0
127,125036,0
128,125037,0
129,125038,0
130,125039,0
131,125040,0
132,125041,0
133,125042,0
134,125043,0
135,125044,0
136,125045,0
137,125046,0
138,125047,4
139,125048,4
140,125049,4
141,125050,4
142,125051,4
143,125052,4
144,125053,4
145,125054,0
146,125055,0
147,125056,0
148,125057,0
149,125074,4
150,125124,4
151,125149,1
152,125178,4
153,125205,1
154,125206,1
155,125213,1
156,125214,1
157,125215,1
158,125257,4
159,125273,5
160,125345,4
161,125346,4
162,125347,4
163,125385,4
164,125402,0
165,125411,4
166,125427,4
167,125428,4
168,125470,1
169,125471,1
170,125472,1
171,125477,4
172,125483,1
173,125493,1
174,125507,4
175,125515,4
176,125578,1
177,125599,0
178,125600,0
179,125631,0
180,125632,0
181,125633,0
182,125634,0
183,125635,0
184,125636,0
185,125656,0
186,125657,0
187,125658,0
188,125659,0
189,125660,0
190,125661,0
191,125662,0
192,125685,1
193,125718,0
194,125760,4
195,125775,4
196,125784,4
197,125795,1
198,125796,1
199,125797,1
0,126481,0
1,126482,0
2,126483,0
3,126484,0
4,126485,0
5,126486,2
6,126487,2
7,126488,2
8,126489,2
9,126491,2
10,126492,2
11,126493,2
12,126494,0
13,126556,4
14,126568,4
15,126569,4
16,126572,4
17,126585,1
18,126590,1
19,126591,2
20,126595,0
21,126596,0
22,126597,0
23,126598,0
24,126599,0
25,126600,0
26,126601,0
27,126602,0
28,126603,0
29,126604,0
30,126605,0
31,126606,0
32,126607,0
33,126608,0
34,126609,0
35,126610,0
36,126611,0
37,126612,0
38,126613,0
39,126614,0
40,126615,0
41,126616,0
42,126617,0
43,126618,0
44,126619,0
45,126620,0
46,126652,1
47,126682,0
48,126685,0
49,126687,1
50,126688,1
51,126689,1
52,126698,4
53,126739,4
54,126775,4
55,126777,4
56,126800,1
57,126806,1
58,126809,1
59,126812,4
60,126822,1
61,126823,1
62,126824,1
63,126825,1
64,126826,1
65,126827,1
66,126835,4
67,126838,2
68,126864,1
69,126959,4
70,126960,4
71,126961,4
72,127058,1
73,127124,1
74,127136,1
75,127144,4
76,127168,0
77,127186,4
78,127218,5
79,127219,4
80,127220,4
81,127221,4
82,127222,4
83,127228,1
84,127269,4
85,127300,4
86,127301,4
87,127302,0
88,127316,0
89,127353,4
90,127355,4
91,127360,2
92,127361,0
93,127362,0
94,127371,4
95,127372,2
96,127373,0
97,127387,4
98,127399,4
99,127400,0
100,127401,0
101,127402,0
102,127403,0
103,127404,1
104,127418,1
105,127422,1
106,127426,0
107,127427,0
108,127428,0
109,127429,0
110,127430,0
111,127431,2
112,127432,2
113,127433,2
114,127434,2
115,127435,2
116,127436,2
117,127437,2
118,127438,2
119,127439,2
120,127440,0
121,127441,0
122,127442,0
123,127443,0
124,127444,0
125,127445,0
126,127446,0
127,127447,2
128,127448,0
129,127449,0
130,127450,0
131,127451,0
132,127452,0
133,127453,0
134,127459,4
135,127460,4
136,127472,0
137,127487,1
138,127504,1
139,127515,0
140,127529,4
141,127581,0
142,127584,4
143,127605,1
144,127654,1
145,127662,0
146,127668,0
147,127669,0
148,127670,0
149,127671,0
150,127672,0
151,127673,0
152,127674,0
153,127675,0
154,127676,0
155,127677,0
156,127678,0
157,127679,0
158,127680,0
159,127681,0
160,127682,0
161,127683,0
162,127684,0
163,127685,0
164,127686,0
165,127687,0
166,127688,0
167,127689,0
168,127690,0
169,127691,0
170,127705,4
171,127715,1
172,127778,4
173,127787,1
174,127788,1
175,127789,1
176,127790,1
177,127791,1
178,127792,1
179,127793,1
180,127794,1
181,127859,0
182,127868,4
183,127869,4
184,127870,4
185,127877,1
186,127888,2
187,127920,0
188,127921,0
189,127933,1
190,127954,1
191,127982,4
192,127991,2
193,128005,1
194,128032,1
195,128066,2
196,128083,1
197,128093,4
198,128103,4
199,128104,4
0,128951,1
1,128952,1
2,128953,1
3,128965,2
4,128975,1
5,129003,1
6,129020,4
7,129021,4
8,129022,4
9,129045,2
10,129059,4
11,129061,0
12,129064,0
13,129065,0
14,129068,4
15,129094,4
16,129153,4
17,129156,2
18,129158,0
19,129159,0
20,129179,4
21,129208,4
22,129276,4
23,129281,1
24,129284,1
25,129299,0
26,129300,0
27,129301,0
28,129302,0
29,129303,0
30,129315,4
31,129326,4
32,129336,5
33,129337,4
34,129338,5
35,129339,5
36,129340,5
37,129341,4
38,129342,4
39,129343,4
40,129344,4
41,129345,4
42,129356,1
43,129361,4
44,129385,4
45,129412,4
46,129413,4
47,129414,4
48,129445,4
49,129461,4
50,129474,4
51,129476,4
52,129501,4
53,129509,0
54,129519,4
55,129525,2
56,129548,0
57,129549,0
58,129550,0
59,129551,0
60,129552,0
61,129553,0
62,129554,0
63,129555,0
64,129556,0
65,129632,0
66,129649,4
67,129650,4
68,129666,1
69,129703,4
70,129704,4
71,129772,1
72,129778,4
73,129822,1
74,129833,0
75,129834,0
76,129835,0
77,129836,0
78,129837,0
79,129838,0
80,129839,0
81,129840,0
82,129841,0
83,129842,0
84,129843,0
85,129844,0
86,129845,0
87,129846,0
88,129847,0
89,129848,0
90,129849,0
91,129856,0
92,129857,4
93,129866,2
94,129910,4
95,129918,2
96,129919,4
97,129954,4
98,129956,1
99,129959,4
100,128129,4
101,128130,4
102,128200,4
103,128267,4
104,128312,4
105,128349,4
106,128363,1
107,128364,1
108,128365,1
109,128367,1
110,128429,4
111,128452,1
112,128453,1
113,128454,1
114,128467,0
115,128470,0
116,128490,5
117,128491,0
118,128493,4
119,128494,4
120,128495,4
121,128510,1
122,128511,1
123,128512,1
124,128513,1
125,128515,1
126,128535,4
127,128536,4
128,128540,0
129,128541,0
130,128542,0
131,128543,0
132,128544,0
133,128545,0
134,128551,2
135,128552,2
136,128553,2
137,128554,2
138,128555,2
139,128556,2
140,128557,2
141,128558,0
142,128559,0
143,128560,0
144,128561,0
145,128597,4
146,128598,4
147,128599,4
148,128607,0
149,128677,2
150,128708,4
151,128709,4
152,128748,0
153,128765,0
154,128821,2
155,128823,2
156,128824,2
157,128825,2
158,128826,2
159,128827,2
160,128828,0
161,128829,0
162,128830,0
163,128831,0
164,128832,0
165,128833,0
166,128863,4
167,128864,4
168,128865,4
169,128892,4
170,128898,4
171,128907,1
172,128909,0
173,128910,0
174,128911,0
175,128912,2
176,128913,0
177,128914,0
178,128915,0
179,128916,0
180,128917,0
181,128918,0
182,128920,0
183,128921,0
184,128922,0
185,128923,0
186,128924,0
187,128925,0
188,128926,0
189,128927,0
190,128928,0
191,128929,0
192,128930,0
193,128931,0
194,128932,0
195,128933,0
196,128934,0
197,128935,0
198,128936,0
199,128950,1
0,129970,1
1,130118,0
2,130120,0
3,130121,0
4,130122,0
5,130124,0
6,130125,0
7,130126,0
8,130127,0
9,130148,1
10,130163,4
11,130166,0
12,130219,1
13,130275,0
14,130276,0
15,130300,4
16,130385,4
17,130397,4
18,130404,4
19,130422,0
20,130436,2
21,130450,2
22,130477,1
23,130516,4
24,130561,4
25,130576,4
26,130584,4
27,130587,4
28,130622,4
29,130702,1
30,130704,1
31,130706,0
32,130707,0
33,130708,0
34,130709,0
35,130731,2
36,130764,1
37,130817,5
38,130818,5
39,130819,5
40,130820,4
41,130831,0
42,130832,0
43,130838,4
44,130877,1
45,130878,4
46,130881,4
47,130894,4
48,130911,4
49,130959,2
50,130966,4
51,130976,2
52,130982,5
53,131006,1
54,131007,1
55,131028,4
56,131049,4
57,131064,4
58,131068,4
59,131082,4
60,131083,4
61,131085,4
62,131111,4
63,131112,4
64,131121,0
65,131135,0
66,131136,0
67,131137,0
68,131138,0
69,131139,0
70,131140,0
71,131143,0
72,131144,2
73,131145,2
74,131146,2
75,131147,2
76,131148,2
77,131149,2
78,131150,2
79,131151,2
80,131152,2
81,131153,2
82,131154,0
83,131155,1
84,131194,4
85,131196,4
86,131219,1
87,131236,4
88,131345,1
89,131348,1
90,131353,0
91,131354,0
92,131355,0
93,131356,0
94,131357,0
95,131358,0
96,131359,0
97,131360,0
98,131361,0
99,131362,0
100,131363,0
101,131364,0
102,131365,0
103,131366,0
104,131367,0
105,131368,0
106,131369,0
107,131370,0
108,131371,0
109,131372,0
110,131373,0
111,131374,0
112,131375,0
113,131376,0
114,131377,0
115,131388,4
116,131446,1
117,131450,4
118,131498,1
119,131508,1
120,131580,0
121,131604,4
122,131608,4
123,131609,4
124,131648,1
125,131703,0
126,131704,0
127,131705,0
128,131706,0
129,131707,0
130,131708,0
131,131729,4
132,131742,5
133,131743,5
134,131757,4
135,131838,0
136,131839,0
137,131840,0
138,131841,0
139,131842,0
140,131843,0
141,131844,0
142,131845,2
143,131846,2
144,131847,2
145,131848,0
146,131849,2
147,131850,2
148,131851,2
149,131852,2
150,131853,2
151,131854,2
152,131855,2
153,131856,2
154,131858,0
155,131859,0
156,131860,0
157,131861,0
158,131862,1
159,131863,0
160,131864,0
161,131865,2
162,131866,2
163,131867,2
164,131869,0
165,131870,0
166,131871,0
167,131873,0
168,131874,0
169,131882,1
170,131898,0
171,131900,0
172,131903,1
173,131907,2
174,131967,1
175,131988,0
176,131989,0
177,131990,0
178,131991,0
179,131995,1
180,132010,1
181,132051,4
182,132117,1
183,132120,1
184,132121,1
185,132122,1
186,132123,1
187,132124,1
188,132125,1
189,132126,1
190,132127,1
191,132141,4
192,132152,1
193,132169,4
194,132219,4
195,132222,0
196,132243,2
197,132246,0
198,132248,0
199,132249,0
0,132251,0
1,132260,0
2,132261,0
3,132264,0
4,132265,0
5,132266,0
6,132268,0
7,132269,0
8,132270,2
9,132271,2
10,132272,2
11,132273,2
12,132274,0
13,132275,0
14,132276,0
15,132292,4
16,132323,4
17,132344,4
18,132409,1
19,132437,4
20,132438,4
21,132439,4
22,132466,2
23,132521,4
24,132531,1
25,132535,0
26,132587,4
27,132640,1
28,132641,1
29,132645,0
30,132646,0
31,132647,0
32,132655,2
33,132702,0
34,132713,1
35,132716,0
36,132717,0
37,132718,0
38,132719,0
39,132720,0
40,132721,0
41,132722,0
42,132723,0
43,132724,0
44,132725,0
45,132726,0
46,132727,0
47,132728,0
48,132729,0
49,132730,0
50,132731,0
51,132732,0
52,132733,0
53,132735,0
54,132736,0
55,132737,0
56,132738,0
57,132739,0
58,132740,0
59,132742,0
60,132743,0
61,132745,0
62,132746,0
63,132750,4
64,132770,4
65,132779,1
66,132782,0
67,132810,1
68,132835,4
69,132842,0
70,132843,0
71,132844,0
72,132845,0
73,132847,0
74,132874,2
75,132893,4
76,132910,1
77,132923,1
78,133045,4
79,133046,0
80,133088,1
81,133154,1
82,133172,4
83,133173,4
84,133205,4
85,133229,4
86,133235,1
87,133247,4
88,133276,1
89,133284,1
90,133285,1
91,133286,1
92,133287,1
93,133288,1
94,133289,1
95,133290,1
96,133291,1
97,133292,1
98,133293,1
99,133294,1
100,133295,1
101,133319,1
102,133324,0
103,133325,0
104,133326,0
105,133356,4
106,133358,4
107,133392,5
108,133410,4
109,133411,4
110,133412,4
111,133422,1
112,133487,5
113,133511,5
114,133599,0
115,133608,1
116,133639,4
117,133642,1
118,133646,4
119,133688,4
120,133704,4
121,133712,4
122,133752,5
123,133753,1
124,133754,0
125,133755,0
126,133756,0
127,133757,0
128,133824,1
129,133843,0
130,133844,0
131,133873,1
132,133874,1
133,133884,2
134,133885,2
135,133886,0
136,133887,0
137,133888,0
138,133889,0
139,133891,2
140,133892,0
141,133893,0
142,133894,0
143,133895,0
144,133896,0
145,133897,0
146,133898,0
147,133899,0
148,133900,0
149,133901,0
150,133905,4
151,133929,1
152,133943,1
153,133952,0
154,133953,0
155,133954,0
156,133955,0
157,133978,4
158,134039,1
159,134078,4
160,134080,1
161,134086,1
162,134103,0
163,134112,1
164,134113,1
165,134116,1
166,134117,2
167,134128,2
168,134143,5
169,134166,2
170,134218,1
171,134280,4
172,134288,4
173,134387,0
174,134432,4
175,134448,1
176,134473,0
177,134474,0
178,134475,0
179,134504,1
180,134536,5
181,134543,1
182,134549,4
183,134582,4
184,134583,5
185,134627,4
186,134634,1
187,134696,1
188,134707,1
189,134787,5
190,134794,5
191,134810,5
192,134815,5
193,134817,0
194,134818,0
195,134819,0
196,134820,0
197,134821,0
198,134822,4
199,134853,0
0,135419,0
1,135420,0
2,135421,0
3,135422,0
4,135423,0
5,135424,0
6,135425,0
7,135426,0
8,135427,0
9,135428,0
10,135429,0
11,135430,0
12,135431,0
13,135432,0
14,135433,0
15,135434,0
16,135435,0
17,135436,0
18,135437,0
19,135438,0
20,135439,2
21,135440,2
22,135441,2
23,135471,1
24,135472,1
25,135473,1
26,135477,4
27,135481,4
28,135488,4
29,135510,1
30,135511,1
31,135512,1
32,135513,1
33,135531,0
34,135538,4
35,135542,1
36,135576,4
37,135631,4
38,135683,4
39,135689,4
40,135703,1
41,135742,4
42,135744,4
43,135750,4
44,135766,4
45,135871,1
46,135872,1
47,135873,2
48,135874,2
49,135875,0
50,135876,0
51,135877,0
52,135878,0
53,135879,0
54,135880,0
55,135881,0
56,135882,0
57,135883,0
58,135884,0
59,135918,1
60,135923,1
61,135939,4
62,135978,4
63,136003,4
64,136010,1
65,136055,5
66,136074,4
67,136076,1
68,136114,4
69,136115,4
70,136121,4
71,136132,4
72,136133,4
73,136154,1
74,136155,1
75,136156,1
76,136157,1
77,136158,1
78,136159,1
79,136168,4
80,136178,4
81,136221,4
82,136248,2
83,136249,0
84,136261,4
85,136271,0
86,136273,1
87,136290,4
88,136292,4
89,136323,4
90,136341,4
91,136418,4
92,136444,0
93,136466,4
94,136478,1
95,136483,4
96,136484,4
97,136485,4
98,136493,0
99,136536,4
100,134854,2
101,134855,2
102,134856,2
103,134857,2
104,134858,2
105,134862,0
106,134863,0
107,134864,0
108,134865,0
109,134866,0
110,134867,0
111,134868,1
112,134869,2
113,134870,2
114,134871,1
115,134872,1
116,134873,1
117,134874,1
118,134881,4
119,134890,4
120,134891,5
121,134914,2
122,135010,1
123,135022,4
124,135023,4
125,135024,4
126,135025,4
127,135046,4
128,135048,1
129,135049,1
130,135050,1
131,135065,4
132,135066,4
133,135067,4
134,135068,4
135,135131,4
136,135143,4
137,135171,0
138,135172,0
139,135173,0
140,135174,0
141,135175,0
142,135183,0
143,135184,0
144,135185,0
145,135186,0
146,135187,0
147,135188,0
148,135189,0
149,135190,0
150,135191,0
151,135192,0
152,135193,0
153,135194,0
154,135223,5
155,135228,0
156,135229,4
157,135230,0
158,135231,0
159,135234,1
160,135258,4
161,135290,1
162,135296,1
163,135297,1
164,135298,1
165,135299,1
166,135300,1
167,135301,1
168,135302,2
169,135303,2
170,135304,2
171,135305,2
172,135306,2
173,135307,0
174,135308,0
175,135309,0
176,135310,0
177,135311,0
178,135312,0
179,135313,0
180,135314,0
181,135320,1
182,135329,1
183,135353,1
184,135355,1
185,135386,4
186,135405,0
187,135406,0
188,135407,0
189,135408,0
190,135409,5
191,135410,5
192,135411,0
193,135412,0
194,135413,0
195,135414,0
196,135415,0
197,135416,0
198,135417,0
199,135418,0
0,137599,0
1,137600,0
2,137601,0
3,137602,0
4,137603,0
5,137604,0
6,137605,0
7,137606,0
8,137607,0
9,137608,0
10,137636,4
11,137655,1
12,137658,1
13,137664,0
14,137672,2
15,137691,4
16,137692,4
17,137693,4
18,137713,4
19,137784,0
20,137790,4
21,137791,4
22,137792,4
23,137822,4
24,137852,4
25,137862,5
26,137884,2
27,137893,0
28,137894,0
29,137925,4
30,137929,0
31,137939,1
32,138000,0
33,138001,0
34,138014,4
35,138020,4
36,138029,1
37,138031,2
38,138041,2
39,138042,2
40,138043,2
41,138044,2
42,138045,0
43,138046,0
44,138048,0
45,138049,2
46,138050,0
47,138051,0
48,138052,0
49,138053,0
50,138054,4
51,138055,4
52,138056,4
53,138057,4
54,138058,4
55,138059,4
56,138060,0
57,138104,0
58,138105,0
59,138106,0
60,138107,2
61,138108,2
62,138109,2
63,138110,2
64,138111,0
65,138112,0
66,138113,0
67,138114,0
68,138115,0
69,138116,0
70,138117,0
71,138118,0
72,138119,0
73,138120,0
74,138121,0
75,138122,0
76,138123,0
77,138124,0
78,138125,0
79,138126,0
80,138127,0
81,138128,0
82,138129,0
83,138130,0
84,138131,0
85,138132,0
86,138133,0
87,138134,0
88,138135,0
89,138136,0
90,138137,0
91,138138,0
92,138170,0
93,138171,0
94,138172,0
95,138173,0
96,138174,0
97,138175,0
98,138176,0
99,138177,0
100,136540,4
101,136541,4
102,136543,4
103,136548,1
104,136558,4
105,136568,4
106,136569,4
107,136573,1
108,136621,4
109,136631,1
110,136670,0
111,136671,0
112,136672,0
113,136674,0
114,136675,0
115,136676,0
116,136677,0
117,136678,0
118,136679,2
119,136680,2
120,136681,2
121,136729,4
122,136745,4
123,136792,4
124,136799,4
125,136813,1
126,136814,1
127,136816,1
128,136820,1
129,136825,0
130,136826,0
131,136827,0
132,136828,0
133,136841,0
134,136842,0
135,136843,0
136,136844,0
137,136845,0
138,136856,1
139,136896,1
140,136924,4
141,136962,4
142,137007,1
143,137008,1
144,137025,0
145,137058,1
146,137067,0
147,137071,2
148,137075,0
149,137123,1
150,137136,4
151,137186,0
152,137220,1
153,137221,1
154,137230,4
155,137317,1
156,137318,2
157,137326,0
158,137327,0
159,137328,0
160,137329,0
161,137330,0
162,137331,0
163,137332,0
164,137333,0
165,137334,0
166,137335,0
167,137336,0
168,137337,0
169,137338,0
170,137339,0
171,137340,0
172,137341,0
173,137342,0
174,137343,0
175,137344,0
176,137345,0
177,137346,0
178,137347,0
179,137348,0
180,137349,0
181,137350,0
182,137355,4
183,137434,0
184,137444,1
185,137445,0
186,137456,0
187,137457,0
188,137458,0
189,137460,0
190,137495,1
191,137508,1
192,137523,4
193,137524,4
194,137534,1
195,137591,0
196,137592,2
197,137596,2
198,137597,2
199,137598,2
0,138178,4
1,138179,4
2,138180,4
3,138215,4
4,138333,4
5,138347,4
6,138356,4
7,138357,4
8,138359,4
9,138360,1
10,138361,1
11,138362,4
12,138406,4
13,138442,1
14,138479,0
15,138484,1
16,138523,1
17,138539,2
18,138544,1
19,138545,1
20,138546,1
21,138548,0
22,138549,0
23,138550,0
24,138551,0
25,138552,0
26,138553,0
27,138554,0
28,138555,0
29,138556,0
30,138557,0
31,138558,0
32,138559,0
33,138560,0
34,138561,0
35,138562,0
36,138563,0
37,138564,0
38,138565,0
39,138566,0
40,138567,0
41,138568,0
42,138569,0
43,138570,0
44,138571,0
45,138572,0
46,138573,0
47,138574,0
48,138689,2
49,138698,0
50,138737,1
51,138760,1
52,138826,1
53,138827,0
54,138828,0
55,138854,0
56,138855,0
57,138856,1
58,138860,2
59,138864,0
60,138865,0
61,138866,0
62,138867,0
63,138868,0
64,138869,0
65,138870,0
66,138871,0
67,138872,0
68,138873,0
69,138874,0
70,138875,0
71,138876,0
72,138877,0
73,138878,0
74,138879,0
75,138880,0
76,138881,0
77,138882,0
78,138883,2
79,138908,4
80,138949,2
81,138955,1
82,138961,1
83,138974,0
84,138975,0
85,138976,0
86,138977,0
87,139005,1
88,139012,4
89,139025,0
90,139043,4
91,139045,4
92,139046,4
93,139075,1
94,139080,1
95,139082,1
96,139083,1
97,139089,0
98,139123,4
99,139139,0
100,139167,1
101,139168,1
102,139169,1
103,139170,1
104,139171,1
105,139183,1
106,139208,4
107,139209,0
108,139210,4
109,139211,4
110,139212,4
111,139213,4
112,139215,0
113,139216,4
114,139217,2
115,139218,2
116,139227,1
117,139239,4
118,139258,4
119,139259,5
120,139273,0
121,139274,0
122,139276,0
123,139277,0
124,139280,4
125,139310,0
126,139341,1
127,139371,4
128,139383,2
129,139392,4
130,139401,4
131,139418,4
132,139420,1
133,139481,4
134,139488,1
135,139505,4
136,139508,0
137,139532,4
138,139533,4
139,139576,1
140,139583,0
141,139584,0
142,139585,0
143,139587,4
144,139588,4
145,139589,4
146,139590,4
147,139605,1
148,139614,0
149,139624,4
150,139625,4
151,139636,1
152,139637,1
153,139638,1
154,139639,2
155,139640,1
156,139647,1
157,139648,1
158,139649,1
159,139650,1
160,139651,2
161,139652,2
162,139655,1
163,139656,1
164,139663,4
165,139670,0
166,139671,0
167,139672,0
168,139682,0
169,139701,0
170,139711,2
171,139717,4
172,139720,4
173,139721,4
174,139725,2
175,139777,1
176,139812,4
177,139813,4
178,139818,2
179,139821,4
180,139829,1
181,139835,0
182,139836,0
183,139837,0
184,139838,0
185,139839,0
186,139845,4
187,139862,2
188,139897,1
189,139898,1
190,139927,1
191,139968,4
192,140020,4
193,140036,4
194,140041,1
195,140047,4
196,140063,2
197,140086,4
198,140093,2
199,140094,1
0,140930,4
1,140941,1
2,140946,1
3,140971,0
4,140972,0
5,140976,4
6,140990,2
7,140995,1
8,141042,1
9,141043,1
10,141045,1
11,141046,1
12,141047,2
13,141052,2
14,141053,2
15,141054,0
16,141055,0
17,141056,0
18,141057,0
19,141058,0
20,141059,0
21,141060,0
22,141061,0
23,141062,0
24,141063,1
25,141064,2
26,141065,2
27,141066,2
28,141067,2
29,141068,2
30,141069,2
31,141070,0
32,141081,2
33,141088,2
34,141089,0
35,141090,0
36,141091,0
37,141092,0
38,141093,0
39,141094,0
40,141095,0
41,141096,0
42,141097,0
43,141098,0
44,141099,2
45,141100,0
46,141101,0
47,141102,0
48,141164,4
49,141172,0
50,141174,4
51,141191,2
52,141197,4
53,141248,1
54,141267,0
55,141270,0
56,141275,1
57,141278,4
58,141280,4
59,141329,1
60,141333,1
61,141398,4
62,141401,1
63,141420,1
64,141444,5
65,141466,1
66,141473,4
67,141474,4
68,141497,1
69,141502,1
70,141509,1
71,141510,1
72,141511,1
73,141512,2
74,141513,2
75,141514,2
76,141515,2
77,141516,0
78,141517,0
79,141518,0
80,141519,0
81,141520,0
82,141521,0
83,141522,0
84,141523,0
85,141524,0
86,141525,0
87,141526,0
88,141527,0
89,141528,0
90,141529,0
91,141530,0
92,141531,0
93,141532,0
94,141533,0
95,141562,4
96,141563,4
97,141564,4
98,141566,4
99,141574,1
100,140100,0
101,140102,2
102,140103,2
103,140150,1
104,140151,1
105,140161,0
106,140162,2
107,140163,2
108,140164,2
109,140165,0
110,140166,0
111,140167,0
112,140168,0
113,140169,0
114,140177,4
115,140197,0
116,140198,0
117,140199,0
118,140200,0
119,140201,0
120,140202,0
121,140204,4
122,140245,1
123,140254,1
124,140264,0
125,140265,0
126,140266,0
127,140267,0
128,140268,0
129,140269,0
130,140270,0
131,140271,0
132,140272,0
133,140277,0
134,140278,0
135,140279,4
136,140280,0
137,140287,4
138,140297,2
139,140305,1
140,140326,4
141,140347,4
142,140396,1
143,140397,1
144,140424,0
145,140438,1
146,140455,0
147,140458,0
148,140460,2
149,140483,2
150,140503,0
151,140518,4
152,140531,4
153,140533,4
154,140542,4
155,140601,0
156,140613,1
157,140622,4
158,140636,0
159,140637,0
160,140646,0
161,140648,1
162,140682,4
163,140700,1
164,140722,4
165,140742,1
166,140762,4
167,140763,4
168,140776,4
169,140778,4
170,140779,0
171,140781,1
172,140784,1
173,140785,0
174,140786,0
175,140787,0
176,140788,0
177,140789,0
178,140790,0
179,140791,0
180,140792,0
181,140793,2
182,140794,2
183,140795,2
184,140796,0
185,140797,0
186,140798,0
187,140799,0
188,140800,0
189,140801,0
190,140802,0
191,140803,1
192,140805,0
193,140834,4
194,140835,4
195,140847,4
196,140870,1
197,140881,4
198,140901,4
199,140914,4
0,143043,0
1,143086,0
2,143087,0
3,143092,4
4,143099,0
5,143100,0
6,143101,0
7,143102,0
8,143103,0
9,143104,0
10,143105,0
11,143106,0
12,143107,0
13,143108,0
14,143109,0
15,143110,0
16,143111,0
17,143166,1
18,143183,1
19,143214,4
20,143276,1
21,143293,4
22,143305,0
23,143332,1
24,143398,1
25,143452,1
26,143463,1
27,143495,4
28,143531,1
29,143532,1
30,143533,1
31,143534,1
32,143535,1
33,143536,1
34,143554,4
35,143555,4
36,143563,1
37,143564,1
38,143568,1
39,143581,4
40,143591,4
41,143592,4
42,143618,4
43,143619,4
44,143624,1
45,143637,0
46,143641,4
47,143651,4
48,143661,4
49,143687,4
50,143719,4
51,143720,4
52,143722,4
53,143726,4
54,143741,1
55,143745,1
56,143753,2
57,143754,0
58,143755,0
59,143756,0
60,143757,0
61,143758,0
62,143759,0
63,143760,0
64,143780,4
65,143852,4
66,143859,4
67,143864,4
68,143874,1
69,143889,4
70,143891,4
71,143899,4
72,143953,5
73,143991,4
74,143992,4
75,143993,4
76,143994,4
77,143995,4
78,143996,5
79,143997,5
80,143998,5
81,143999,0
82,144000,0
83,144001,0
84,144002,0
85,144040,1
86,144120,1
87,144199,1
88,144226,1
89,144290,4
90,144292,4
91,144293,4
92,144295,4
93,144302,1
94,144331,1
95,144400,2
96,144402,4
97,144413,1
98,144444,1
99,144463,4
100,141575,1
101,141576,1
102,141577,1
103,141581,4
104,141585,4
105,141586,4
106,141587,4
107,141667,4
108,141668,1
109,141678,0
110,141679,0
111,141680,0
112,141686,2
113,141831,1
114,141868,0
115,141870,0
116,141871,0
117,141872,0
118,141873,0
119,141874,0
120,141875,0
121,141876,0
122,141891,2
123,141904,2
124,141910,4
125,141952,4
126,141964,1
127,142039,2
128,142040,0
129,142042,0
130,142043,0
131,142044,0
132,142045,0
133,142046,0
134,142047,0
135,142048,0
136,142049,0
137,142050,0
138,142051,0
139,142052,0
140,142053,0
141,142054,0
142,142055,2
143,142066,4
144,142085,4
145,142177,4
146,142184,1
147,142187,2
148,142188,2
149,142189,2
150,142195,1
151,142236,4
152,142237,4
153,142238,4
154,142240,4
155,142264,0
156,142270,4
157,142277,4
158,142278,4
159,142296,1
160,142310,1
161,142312,4
162,142330,2
163,142354,4
164,142368,4
165,142370,0
166,142371,0
167,142397,4
168,142398,4
169,142408,2
170,142536,4
171,142549,4
172,142582,4
173,142583,4
174,142584,4
175,142610,1
176,142626,1
177,142637,4
178,142650,4
179,142661,4
180,142701,0
181,142709,4
182,142728,4
183,142730,4
184,142732,4
185,142735,4
186,142736,4
187,142737,0
188,142781,4
189,142783,4
190,142850,4
191,142874,1
192,142876,0
193,142902,4
194,142915,1
195,142945,1
196,142958,4
197,142987,4
198,143041,0
199,143042,2
0,144470,0
1,144472,4
2,144490,1
3,144527,1
4,144538,0
5,144539,0
6,144541,0
7,144542,0
8,144543,0
9,144544,0
10,144545,0
11,144546,0
12,144547,0
13,144548,0
14,144581,4
15,144582,1
16,144613,4
17,144650,1
18,144657,4
19,144696,4
20,144759,4
21,144825,1
22,144831,1
23,144832,1
24,144833,1
25,144836,2
26,144837,2
27,144838,2
28,144839,2
29,144840,2
30,144841,2
31,144842,2
32,144843,2
33,144844,2
34,144845,2
35,144846,2
36,144847,2
37,144848,2
38,144849,0
39,144850,0
40,144851,0
41,144852,0
42,144853,0
43,144854,0
44,144861,0
45,144864,1
46,144886,1
47,144909,4
48,144912,0
49,144913,0
50,145000,1
51,145043,4
52,145066,4
53,145094,1
54,145097,1
55,145109,2
56,145110,2
57,145111,0
58,145112,0
59,145113,0
60,145114,0
61,145115,0
62,145116,0
63,145117,4
64,145118,4
65,145119,4
66,145120,4
67,145121,4
68,145122,4
69,145136,4
70,145168,0
71,145176,4
72,145177,4
73,145185,4
74,145228,1
75,145229,1
76,145230,1
77,145243,1
78,145274,4
79,145278,1
80,145289,0
81,145301,5
82,145320,4
83,145326,1
84,145436,5
85,145440,0
86,145441,0
87,145448,0
88,145507,5
89,145559,0
90,145561,5
91,145574,0
92,145582,4
93,145642,1
94,145643,1
95,145644,1
96,145645,1
97,145692,1
98,145702,4
99,145716,4
100,145727,5
101,145780,4
102,145781,4
103,145782,4
104,145783,4
105,145793,1
106,145868,4
107,145884,0
108,145885,0
109,145901,1
110,145935,0
111,145960,4
112,145987,1
113,146006,1
114,146007,1
115,146055,1
116,146067,0
117,146070,5
118,146071,4
119,146086,4
120,146110,4
121,146125,4
122,146127,1
123,146138,1
124,146156,4
125,146160,0
126,146186,1
127,146204,0
128,146230,1
129,146239,4
130,146247,2
131,146258,1
132,146268,0
133,146275,4
134,146279,4
135,146315,1
136,146321,1
137,146365,4
138,146376,2
139,146397,4
140,146404,4
141,146445,1
142,146446,1
143,146447,1
144,146448,1
145,146449,1
146,146455,2
147,146456,2
148,146457,2
149,146458,2
150,146459,2
151,146460,2
152,146461,2
153,146492,4
154,146515,1
155,146530,4
156,146536,4
157,146537,4
158,146592,1
159,146614,0
160,146616,4
161,146642,4
162,146643,4
163,146665,0
164,146698,1
165,146729,4
166,146745,0
167,146746,0
168,146747,0
169,146748,0
170,146749,0
171,146750,0
172,146751,0
173,146752,0
174,146753,0
175,146756,0
176,146758,1
177,146763,4
178,146764,4
179,146811,4
180,146853,1
181,146858,1
182,146866,1
183,146867,1
184,146868,0
185,146869,1
186,146871,2
187,146872,2
188,146873,2
189,146874,2
190,146875,2
191,146876,2
192,146877,2
193,146878,2
194,146879,0
195,146880,0
196,146881,0
197,146882,0
198,146883,0
199,146884,0
0,147839,4
1,147844,4
2,147848,1
3,147849,1
4,147850,1
5,147851,1
6,147852,2
7,147853,1
8,147854,1
9,147857,2
10,147860,0
11,147861,0
12,147862,0
13,147863,0
14,147864,0
15,147865,0
16,147866,0
17,147867,0
18,147868,0
19,147869,0
20,147876,4
21,147880,0
22,147898,0
23,147912,4
24,147944,1
25,147945,1
26,147946,1
27,147947,1
28,147948,1
29,147949,1
30,148068,1
31,148070,0
32,148098,2
33,148107,4
34,148139,4
35,148151,2
36,148171,0
37,148172,1
38,148246,4
39,148278,4
40,148291,4
41,148305,1
42,148312,0
43,148313,0
44,148315,0
45,148317,0
46,148319,0
47,148320,0
48,148321,0
49,148322,0
50,148323,2
51,148326,0
52,148327,0
53,148328,0
54,148335,1
55,148365,1
56,148371,4
57,148409,0
58,148415,4
59,148421,1
60,148443,1
61,148497,1
62,148507,1
63,148512,1
64,148516,1
65,148526,1
66,148528,1
67,148563,1
68,148602,0
69,148612,4
70,148706,0
71,148707,1
72,148721,1
73,148726,0
74,148729,0
75,148730,0
76,148731,0
77,148732,0
78,148733,0
79,148734,0
80,148735,0
81,148736,0
82,148737,0
83,148738,0
84,148739,0
85,148740,0
86,148741,0
87,148742,0
88,148743,0
89,148744,0
90,148745,0
91,148746,0
92,148747,0
93,148748,0
94,148764,0
95,148805,1
96,148806,0
97,148807,0
98,148808,0
99,148809,0
100,146885,0
101,146886,0
102,146887,0
103,146888,0
104,146889,0
105,146890,0
106,146891,0
107,146892,0
108,146893,0
109,146897,4
110,146933,4
111,146952,2
112,146982,1
113,146987,4
114,146989,1
115,147032,4
116,147036,4
117,147071,1
118,147072,1
119,147073,2
120,147074,2
121,147082,1
122,147132,0
123,147141,1
124,147149,1
125,147150,1
126,147157,2
127,147158,0
128,147159,0
129,147161,4
130,147162,4
131,147165,4
132,147171,1
133,147189,0
134,147191,0
135,147209,4
136,147216,4
137,147240,4
138,147244,1
139,147249,2
140,147262,4
141,147264,4
142,147330,4
143,147334,4
144,147335,4
145,147336,4
146,147337,4
147,147338,4
148,147339,4
149,147340,4
150,147341,4
151,147342,4
152,147366,4
153,147389,1
154,147449,4
155,147463,4
156,147467,4
157,147470,4
158,147472,4
159,147489,4
160,147491,4
161,147557,4
162,147559,2
163,147608,2
164,147609,2
165,147610,2
166,147614,2
167,147631,0
168,147632,0
169,147633,0
170,147634,0
171,147635,2
172,147636,0
173,147637,0
174,147638,0
175,147639,0
176,147640,0
177,147641,0
178,147642,1
179,147643,2
180,147644,2
181,147645,0
182,147646,0
183,147647,0
184,147648,0
185,147649,0
186,147650,0
187,147651,0
188,147652,0
189,147665,4
190,147671,1
191,147684,1
192,147701,2
193,147708,4
194,147730,1
195,147731,1
196,147733,1
197,147746,4
198,147751,4
199,147752,4
0,148810,0
1,148811,0
2,148812,0
3,148813,0
4,148814,0
5,148815,0
6,148816,0
7,148817,0
8,148818,0
9,148819,0
10,148820,0
11,148821,0
12,148865,4
13,148913,1
14,148927,1
15,148963,1
16,148991,1
17,149013,0
18,149024,1
19,149028,4
20,149029,1
21,149030,0
22,149031,0
23,149032,0
24,149034,4
25,149044,2
26,149096,2
27,149097,2
28,149098,2
29,149099,2
30,149100,2
31,149101,2
32,149102,2
33,149114,4
34,149157,4
35,149158,4
36,149159,4
37,149161,4
38,149162,4
39,149192,0
40,149197,1
41,149214,0
42,149229,1
43,149231,2
44,149233,0
45,149258,2
46,149276,0
47,149295,4
48,149296,4
49,149297,4
50,149311,4
51,149315,4
52,149317,4
53,149320,1
54,149321,1
55,149322,1
56,149323,1
57,149324,1
58,149325,1
59,149326,1
60,149327,1
61,149328,1
62,149329,1
63,149330,1
64,149331,1
65,149332,1
66,149333,1
67,149363,1
68,149368,1
69,149369,1
70,149384,0
71,149385,0
72,149391,4
73,149449,4
74,149454,1
75,149485,4
76,149490,1
77,149609,1
78,149611,1
79,149613,1
80,149614,2
81,149615,2
82,149616,2
83,149617,2
84,149618,0
85,149619,0
86,149620,0
87,149621,0
88,149622,0
89,149623,0
90,149624,0
91,149625,0
92,149626,0
93,149628,2
94,149629,2
95,149664,0
96,149667,1
97,149669,1
98,149676,0
99,149677,0
100,149678,0
101,149679,0
102,149680,0
103,149693,2
104,149694,1
105,149713,1
106,149732,1
107,149741,1
108,149781,4
109,149784,1
110,149800,0
111,149801,0
112,149805,2
113,149817,4
114,149852,4
115,149893,4
116,149895,4
117,149897,4
118,149898,4
119,149908,4
120,149909,4
121,149913,4
122,149920,1
123,149922,1
124,149943,4
125,149952,1
126,149953,1
127,149962,0
128,149965,4
129,149966,4
130,149967,4
131,149968,4
132,149969,4
133,149970,4
134,149971,0
135,149972,0
136,149973,0
137,149987,4
138,149999,1
139,150058,1
140,150067,0
141,150082,1
142,150083,1
143,150085,1
144,150086,1
145,150087,1
146,150088,1
147,150089,1
148,150090,1
149,150094,5
150,150108,1
151,150111,1
152,150112,1
153,150113,1
154,150118,2
155,150119,0
156,150120,0
157,150121,0
158,150122,0
159,150123,0
160,150124,0
161,150125,0
162,150126,0
163,150127,0
164,150128,0
165,150131,1
166,150135,0
167,150150,4
168,150151,4
169,150152,4
170,150159,4
171,150186,0
172,150187,0
173,150191,1
174,150223,1
175,150224,1
176,150225,1
177,150229,4
178,150240,4
179,150255,1
180,150262,4
181,150297,4
182,150308,1
183,150337,4
184,150347,4
185,150386,1
186,150395,0
187,150430,1
188,150431,1
189,150440,1
190,150441,1
191,150442,1
192,150443,1
193,150498,4
194,150499,4
195,150508,1
196,150538,1
197,150561,1
198,150578,1
199,150615,1
0,150626,4
1,150634,4
2,150653,2
3,150663,2
4,150679,4
5,150684,4
6,150709,4
7,150717,0
8,150728,4
9,150736,1
10,150745,4
11,150784,4
12,150805,1
13,150814,0
14,150836,4
15,150841,0
16,150846,0
17,150859,4
18,150882,4
19,150892,1
20,150918,4
21,150926,1
22,150927,0
23,150964,4
24,150965,0
25,150981,0
26,150984,4
27,150985,4
28,150997,4
29,150999,4
30,151016,4
31,151021,1
32,151026,2
33,151071,4
34,151076,1
35,151077,1
36,151078,2
37,151096,0
38,151097,0
39,151098,0
40,151115,0
41,151127,1
42,151152,4
43,151166,0
44,151179,1
45,151221,4
46,151222,4
47,151225,4
48,151229,0
49,151239,4
50,151243,4
51,151253,4
52,151261,4
53,151275,4
54,151296,4
55,151321,0
56,151323,0
57,151324,0
58,151346,1
59,151355,0
60,151356,0
61,151357,2
62,151358,2
63,151359,0
64,151360,0
65,151361,0
66,151362,0
67,151363,0
68,151364,0
69,151365,0
70,151366,0
71,151367,0
72,151372,0
73,151415,2
74,151419,2
75,151421,0
76,151422,0
77,151423,0
78,151424,0
79,151425,0
80,151426,0
81,151427,0
82,151428,0
83,151432,4
84,151437,4
85,151438,4
86,151439,4
87,151440,4
88,151441,4
89,151442,4
90,151443,4
91,151444,4
92,151464,4
93,151466,4
94,151467,4
95,151508,4
96,151509,2
97,151512,1
98,151529,4
99,151534,4
100,151549,4
101,151556,4
102,151573,0
103,151685,0
104,151686,0
105,151765,4
106,151776,4
107,151867,0
108,151889,2
109,151890,0
110,151891,0
111,151892,0
112,151893,0
113,151902,4
114,151908,4
115,151983,1
116,152030,1
117,152037,0
118,152038,0
119,152039,0
120,152040,0
121,152041,0
122,152042,0
123,152043,0
124,152045,4
125,152070,1
126,152093,0
127,152104,0
128,152116,2
129,152178,0
130,152199,1
131,152205,1
132,152213,0
133,152214,0
134,152215,0
135,152216,0
136,152217,0
137,152279,0
138,152280,0
139,152281,2
140,152282,2
141,152290,1
142,152291,1
143,152292,1
144,152293,1
145,152294,1
146,152295,1
147,152296,1
148,152397,4
149,152398,4
150,152399,4
151,152401,2
152,152403,4
153,152405,4
154,152417,1
155,152431,4
156,152432,1
157,152517,1
158,152543,0
159,152546,0
160,152553,1
161,152555,4
162,152556,4
163,152562,4
164,152585,1
165,152609,4
166,152618,0
167,152630,2
168,152643,4
169,152654,1
170,152658,1
171,152665,4
172,152666,2
173,152668,0
174,152695,2
175,152708,1
176,152742,4
177,152747,4
178,152748,4
179,152757,0
180,152758,4
181,152761,1
182,152762,1
183,152763,1
184,152764,1
185,152783,4
186,152789,4
187,152790,4
188,152796,4
189,152800,4
190,152827,4
191,152832,4
192,152837,2
193,152872,1
194,152897,4
195,152908,4
196,152910,4
197,152924,0
198,152950,0
199,152977,4
0,153817,0
1,153818,0
2,153819,0
3,153820,0
4,153821,0
5,153822,0
6,153825,4
7,153863,1
8,153866,4
9,153875,0
10,153876,0
11,153877,0
12,153878,0
13,153879,0
14,153880,0
15,153881,0
16,153882,0
17,153883,0
18,153884,0
19,153885,0
20,153886,0
21,153887,0
22,153888,0
23,153889,0
24,153894,1
25,153900,4
26,153969,1
27,154027,0
28,154070,1
29,154072,1
30,154078,0
31,154118,0
32,154120,0
33,154138,0
34,154139,0
35,154140,0
36,154141,0
37,154142,0
38,154261,5
39,154271,4
40,154272,0
41,154297,4
42,154327,4
43,154340,4
44,154389,1
45,154396,1
46,154429,4
47,154430,4
48,154431,4
49,154432,4
50,154433,4
51,154434,4
52,154487,1
53,154511,1
54,154517,1
55,154521,5
56,154562,0
57,154600,1
58,154620,1
59,154624,1
60,154625,1
61,154627,1
62,154632,2
63,154638,0
64,154639,0
65,154640,0
66,154641,0
67,154642,0
68,154643,0
69,154644,0
70,154663,1
71,154677,1
72,154696,4
73,154709,0
74,154722,1
75,154734,0
76,154735,0
77,154736,0
78,154738,4
79,154749,1
80,154770,4
81,154798,4
82,154834,1
83,154836,4
84,154837,4
85,154841,1
86,154844,4
87,154852,4
88,154878,0
89,154897,1
90,154910,2
91,154911,2
92,154912,2
93,154913,0
94,154914,0
95,154915,0
96,154931,1
97,154949,1
98,154958,1
99,154986,0
100,152998,4
101,153074,1
102,153075,0
103,153093,0
104,153148,4
105,153159,1
106,153160,1
107,153161,1
108,153194,4
109,153195,4
110,153259,0
111,153281,2
112,153283,2
113,153284,2
114,153287,4
115,153293,0
116,153295,1
117,153314,4
118,153323,4
119,153343,1
120,153344,1
121,153380,4
122,153402,0
123,153403,0
124,153404,0
125,153410,0
126,153411,1
127,153412,1
128,153413,0
129,153414,0
130,153415,0
131,153416,0
132,153417,0
133,153418,0
134,153419,0
135,153420,0
136,153421,0
137,153422,0
138,153423,0
139,153424,0
140,153504,0
141,153505,0
142,153506,0
143,153515,0
144,153516,0
145,153517,0
146,153518,0
147,153519,0
148,153520,0
149,153521,0
150,153522,0
151,153523,0
152,153524,1
153,153525,0
154,153528,1
155,153534,1
156,153540,1
157,153578,1
158,153590,0
159,153631,4
160,153643,4
161,153654,4
162,153655,4
163,153667,5
164,153681,1
165,153687,2
166,153688,2
167,153689,2
168,153690,2
169,153691,2
170,153692,2
171,153693,2
172,153694,0
173,153695,0
174,153696,0
175,153697,0
176,153698,0
177,153699,0
178,153721,4
179,153734,1
180,153742,1
181,153746,2
182,153747,2
183,153749,2
184,153762,4
185,153767,0
186,153768,0
187,153792,4
188,153794,4
189,153795,4
190,153800,0
191,153801,0
192,153802,0
193,153803,0
194,153807,0
195,153808,0
196,153810,2
197,153814,0
198,153815,0
199,153816,0
0,155024,1
1,155025,0
2,155027,0
3,155028,0
4,155029,0
5,155030,0
6,155031,0
7,155032,0
8,155033,0
9,155034,0
10,155035,0
11,155036,0
12,155037,0
13,155038,0
14,155039,0
15,155040,0
16,155041,0
17,155042,0
18,155043,0
19,155044,0
20,155045,0
21,155046,0
22,155047,0
23,155089,4
24,155169,0
25,155170,4
26,155193,0
27,155208,1
28,155251,4
29,155253,4
30,155259,1
31,155271,4
32,155272,4
33,155273,4
34,155274,4
35,155302,1
36,155306,1
37,155315,2
38,155316,2
39,155317,0
40,155318,0
41,155319,0
42,155320,0
43,155321,0
44,155322,0
45,155323,0
46,155324,0
47,155325,0
48,155326,0
49,155327,0
50,155336,1
51,155337,1
52,155338,1
53,155348,1
54,155352,4
55,155353,4
56,155379,4
57,155380,4
58,155384,4
59,155413,1
60,155422,0
61,155429,1
62,155447,4
63,155462,2
64,155464,0
65,155465,0
66,155466,0
67,155467,0
68,155468,0
69,155469,0
70,155470,0
71,155471,0
72,155472,0
73,155473,0
74,155474,0
75,155475,0
76,155476,0
77,155477,0
78,155513,1
79,155542,4
80,155543,4
81,155624,4
82,155636,4
83,155638,4
84,155677,0
85,155679,1
86,155714,4
87,155720,1
88,155726,0
89,155727,0
90,155728,0
91,155729,2
92,155730,2
93,155731,2
94,155732,0
95,155733,0
96,155829,4
97,155885,4
98,155910,4
99,155960,0
100,155986,4
101,155990,4
102,156004,0
103,156005,0
104,156006,0
105,156007,0
106,156008,0
107,156009,0
108,156010,0
109,156011,0
110,156012,0
111,156041,2
112,156042,0
113,156043,2
114,156044,2
115,156045,2
116,156046,2
117,156047,2
118,156048,0
119,156049,0
120,156050,0
121,156051,0
122,156052,0
123,156053,0
124,156054,0
125,156130,1
126,156253,1
127,156309,1
128,156372,2
129,156373,2
130,156374,0
131,156375,0
132,156376,0
133,156377,0
134,156378,0
135,156379,0
136,156380,0
137,156397,0
138,156398,0
139,156424,4
140,156475,1
141,156554,1
142,156562,4
143,156728,0
144,156739,2
145,156821,1
146,156822,1
147,156844,1
148,156868,1
149,156895,0
150,156896,0
151,156897,0
152,156898,0
153,156899,4
154,156913,1
155,156916,2
156,156917,2
157,156918,0
158,156919,0
159,156920,0
160,156921,0
161,156922,0
162,156923,0
163,157055,1
164,157078,4
165,157105,1
166,157140,0
167,157220,4
168,157251,4
169,157266,4
170,157297,1
171,157307,4
172,157325,4
173,157326,4
174,157327,4
175,157345,4
176,157346,4
177,157365,4
178,157366,4
179,157432,2
180,157433,0
181,157512,4
182,157513,4
183,157573,1
184,157624,2
185,157625,0
186,157626,0
187,157627,0
188,157632,2
189,157633,0
190,157634,0
191,157635,0
192,157636,0
193,157637,0
194,157638,0
195,157639,0
196,157640,0
197,157641,0
198,157660,4
199,157661,4
0,157737,0
1,157755,4
2,157774,4
3,157775,4
4,157812,1
5,157822,4
6,157844,4
7,157845,4
8,157886,1
9,157891,1
10,157892,1
11,157903,4
12,157904,2
13,157977,1
14,158024,1
15,158039,0
16,158041,1
17,158042,1
18,158057,4
19,158112,1
20,158118,0
21,158129,4
22,158131,1
23,158147,0
24,158148,0
25,158149,0
26,158150,0
27,158189,4
28,158191,5
29,158196,0
30,158198,0
31,158241,4
32,158258,4
33,158269,1
34,158271,1
35,158272,1
36,158273,1
37,158282,4
38,158283,0
39,158297,1
40,158338,4
41,158344,1
42,158357,0
43,158358,0
44,158359,0
45,158360,0
46,158361,0
47,158362,0
48,158363,0
49,158364,0
50,158373,1
51,158377,0
52,158387,4
53,158390,2
54,158391,2
55,158392,1
56,158404,4
57,158411,4
58,158413,4
59,158434,4
60,158438,4
61,158448,4
62,158459,1
63,158461,1
64,158462,1
65,158463,1
66,158532,0
67,158533,0
68,158534,0
69,158535,0
70,158536,0
71,158537,0
72,158538,0
73,158540,0
74,158541,0
75,158542,0
76,158543,0
77,158545,0
78,158546,0
79,158547,0
80,158548,0
81,158549,0
82,158551,0
83,158552,0
84,158553,0
85,158554,0
86,158555,0
87,158556,0
88,158564,0
89,158566,0
90,158567,0
91,158568,0
92,158573,4
93,158583,4
94,158592,4
95,158601,1
96,158632,0
97,158654,4
98,158673,1
99,158678,4
100,158708,1
101,158783,4
102,158792,4
103,158805,0
104,158816,4
105,158818,4
106,158827,4
107,158837,1
108,158839,1
109,158844,1
110,158852,4
111,158897,2
112,158906,4
113,158916,4
114,158950,2
115,158978,2
116,158979,0
117,158980,1
118,158981,1
119,158982,1
120,159008,0
121,159019,2
122,159057,0
123,159074,0
124,159075,0
125,159091,4
126,159107,4
127,159108,4
128,159144,1
129,159230,4
130,159233,1
131,159285,4
132,159319,4
133,159333,0
134,159343,4
135,159354,4
136,159366,1
137,159384,1
138,159390,0
139,159391,0
140,159392,0
141,159393,0
142,159394,0
143,159395,0
144,159396,0
145,159397,0
146,159398,0
147,159399,0
148,159400,0
149,159401,0
150,159402,0
151,159403,0
152,159440,1
153,159446,1
154,159452,1
155,159457,4
156,159474,0
157,159512,4
158,159521,1
159,159522,1
160,159523,0
161,159524,0
162,159525,0
163,159526,0
164,159531,0
165,159532,0
166,159548,1
167,159556,0
168,159557,0
169,159558,1
170,159562,0
171,159563,0
172,159564,0
173,159565,0
174,159601,1
175,159608,4
176,159642,1
177,159666,4
178,159683,4
179,159703,4
180,159705,4
181,159722,0
182,159727,4
183,159728,4
184,159745,4
185,159749,4
186,159760,0
187,159761,2
188,159768,4
189,159776,0
190,159782,4
191,159784,4
192,159801,0
193,159802,0
194,159803,0
195,159804,0
196,159805,2
197,159806,2
198,159807,2
199,159808,2
0,160495,1
1,160534,2
2,160537,0
3,160538,0
4,160539,0
5,160540,4
6,160544,1
7,160546,1
8,160547,1
9,160585,4
10,160608,1
11,160609,1
12,160616,0
13,160617,0
14,160618,0
15,160619,0
16,160660,2
17,160671,4
18,160672,4
19,160680,1
20,160700,1
21,160713,4
22,160732,1
23,160734,2
24,160736,0
25,160737,0
26,160738,0
27,160739,0
28,160740,0
29,160741,0
30,160742,0
31,160745,4
32,160769,2
33,160778,0
34,160779,0
35,160780,0
36,160801,1
37,160810,1
38,160825,4
39,160840,0
40,160841,0
41,160858,4
42,160863,4
43,160909,1
44,160910,0
45,160911,0
46,160916,0
47,160917,0
48,160918,0
49,160919,0
50,160920,0
51,160921,0
52,160922,0
53,160923,0
54,160924,0
55,160925,0
56,160926,0
57,160927,0
58,160928,0
59,160929,0
60,160930,0
61,160931,0
62,160932,0
63,160933,0
64,160934,0
65,160935,0
66,160936,0
67,160937,0
68,160938,0
69,160939,0
70,160948,4
71,160985,1
72,160993,4
73,161022,4
74,161024,0
75,161026,1
76,161027,2
77,161034,4
78,161077,0
79,161114,1
80,161155,4
81,161172,4
82,161173,1
83,161188,1
84,161217,1
85,161222,4
86,161223,4
87,161264,4
88,161269,4
89,161273,1
90,161297,1
91,161320,1
92,161327,2
93,161341,0
94,161360,4
95,161361,4
96,161362,4
97,161373,0
98,161375,1
99,161382,4
100,159809,2
101,159811,2
102,159812,2
103,159813,0
104,159814,0
105,159815,0
106,159816,0
107,159817,0
108,159818,0
109,159819,0
110,159820,0
111,159821,0
112,159822,0
113,159864,1
114,159869,1
115,159878,0
116,159884,0
117,159892,4
118,159898,0
119,159911,4
120,159916,4
121,159918,2
122,159974,1
123,159982,0
124,159983,0
125,159984,0
126,159985,0
127,159986,0
128,159988,2
129,159990,4
130,159993,4
131,160000,0
132,160014,4
133,160024,4
134,160060,0
135,160064,4
136,160066,4
137,160067,4
138,160069,4
139,160090,4
140,160102,4
141,160113,4
142,160122,4
143,160123,4
144,160133,2
145,160134,4
146,160141,0
147,160143,0
148,160163,2
149,160164,2
150,160183,1
151,160184,1
152,160185,1
153,160186,1
154,160188,2
155,160189,0
156,160190,0
157,160191,0
158,160192,0
159,160193,0
160,160194,0
161,160195,0
162,160196,0
163,160214,0
164,160231,4
165,160255,4
166,160256,1
167,160266,0
168,160297,1
169,160302,0
170,160303,0
171,160304,0
172,160306,0
173,160307,1
174,160308,1
175,160309,1
176,160310,1
177,160311,1
178,160312,1
179,160313,1
180,160314,0
181,160315,0
182,160316,0
183,160317,0
184,160318,0
185,160319,0
186,160320,0
187,160321,0
188,160322,0
189,160364,1
190,160421,2
191,160422,2
192,160426,4
193,160434,4
194,160439,1
195,160440,1
196,160448,0
197,160475,4
198,160480,4
199,160484,1
0,161384,4
1,161385,4
2,161415,0
3,161418,2
4,161419,2
5,161420,0
6,161421,0
7,161422,0
8,161423,0
9,161424,0
10,161425,0
11,161426,0
12,161427,0
13,161458,4
14,161467,4
15,161482,4
16,161483,4
17,161537,4
18,161548,1
19,161559,2
20,161560,0
21,161561,1
22,161563,0
23,161564,0
24,161565,1
25,161566,2
26,161570,1
27,161596,0
28,161599,4
29,161600,2
30,161601,2
31,161602,2
32,161604,1
33,161626,1
34,161629,1
35,161630,1
36,161631,1
37,161632,1
38,161633,2
39,161634,2
40,161635,2
41,161636,2
42,161655,0
43,161668,1
44,161685,2
45,161752,4
46,161786,1
47,161793,0
48,161794,0
49,161795,0
50,161796,0
51,161797,0
52,161798,0
53,161799,0
54,161821,1
55,161830,0
56,161831,0
57,161832,0
58,161854,0
59,161882,2
60,161884,2
61,161885,0
62,161886,0
63,161887,0
64,161888,0
65,161889,0
66,161890,0
67,161891,0
68,161892,0
69,161893,0
70,161894,0
71,161895,0
72,161896,0
73,161897,0
74,161898,0
75,161899,0
76,161900,0
77,161901,0
78,161902,0
79,161903,0
80,161904,0
81,161905,0
82,161906,0
83,161916,1
84,161919,1
85,161951,2
86,161961,0
87,161962,0
88,161971,5
89,161993,4
90,162036,1
91,162037,1
92,162038,1
93,162046,1
94,162049,1
95,162061,4
96,162064,0
97,162077,4
98,162085,4
99,162087,4
100,162088,4
101,162112,4
102,162115,4
103,162147,4
104,162166,4
105,162202,1
106,162230,4
107,162231,4
108,162233,1
109,162237,2
110,162238,2
111,162239,2
112,162240,0
113,162241,0
114,162242,0
115,162243,0
116,162244,0
117,162245,0
118,162246,0
119,162247,0
120,162248,0
121,162249,0
122,162250,0
123,162251,0
124,162258,4
125,162260,4
126,162269,4
127,162279,4
128,162320,4
129,162321,4
130,162322,4
131,162335,4
132,162342,4
133,162343,4
134,162344,4
135,162345,4
136,162354,4
137,162357,1
138,162479,0
139,162480,0
140,162481,2
141,162482,2
142,162483,2
143,162484,2
144,162505,0
145,162536,4
146,162537,4
147,162538,4
148,162569,1
149,162570,1
150,162574,2
151,162575,2
152,162576,2
153,162577,2
154,162578,1
155,162579,1
156,162586,2
157,162595,4
158,162646,0
159,162647,0
160,162657,1
161,162695,2
162,162745,1
163,162794,1
164,162814,2
165,162816,4
166,162826,2
167,162827,4
168,162864,0
169,162878,1
170,162890,4
171,162891,1
172,162933,1
173,162944,4
174,162951,1
175,162952,1
176,162953,1
177,162956,4
178,162991,1
179,163018,0
180,163028,0
181,163032,1
182,163044,1
183,163089,1
184,163090,1
185,163138,1
186,163139,1
187,163142,0
188,163144,0
189,163145,0
190,163146,0
191,163147,0
192,163148,0
193,163180,1
194,163181,1
195,163191,1
196,163196,0
197,163210,4
198,163211,4
199,163233,0
0,164266,4
1,164280,1
2,164292,4
3,164301,4
4,164302,4
5,164311,0
6,164323,1
7,164345,1
8,164346,0
9,164347,2
10,164348,2
11,164349,2
12,164350,2
13,164351,1
14,164352,1
15,164353,0
16,164354,2
17,164355,2
18,164356,0
19,164357,0
20,164358,0
21,164359,0
22,164360,0
23,164361,2
24,164362,0
25,164363,0
26,164364,0
27,164393,4
28,164394,4
29,164395,0
30,164396,0
31,164430,0
32,164436,4
33,164441,1
34,164444,4
35,164445,1
36,164456,0
37,164471,1
38,164502,1
39,164541,1
40,164566,4
41,164571,4
42,164600,1
43,164601,1
44,164602,1
45,164603,1
46,164604,1
47,164605,1
48,164606,1
49,164617,4
50,164629,4
51,164632,1
52,164642,4
53,164643,4
54,164648,4
55,164658,0
56,164696,4
57,164723,0
58,164748,0
59,164790,1
60,164807,4
61,164850,4
62,164859,4
63,164975,1
64,164993,4
65,164994,4
66,165008,0
67,165043,5
68,165065,2
69,165094,0
70,165175,0
71,165211,2
72,165212,2
73,165213,0
74,165214,2
75,165215,2
76,165218,0
77,165219,0
78,165220,0
79,165241,1
80,165265,1
81,165282,4
82,165286,4
83,165292,4
84,165296,1
85,165321,4
86,165341,1
87,165431,2
88,165432,2
89,165433,0
90,165434,0
91,165435,0
92,165436,0
93,165437,0
94,165438,0
95,165439,0
96,165440,0
97,165476,1
98,165483,1
99,165505,4
100,163234,0
101,163239,1
102,163240,1
103,163249,1
104,163281,1
105,163286,1
106,163287,1
107,163349,4
108,163351,1
109,163374,1
110,163382,4
111,163384,1
112,163390,1
113,163424,4
114,163499,4
115,163514,4
116,163527,1
117,163569,2
118,163570,2
119,163571,2
120,163572,2
121,163573,2
122,163574,2
123,163575,2
124,163576,2
125,163598,4
126,163604,4
127,163631,4
128,163636,1
129,163637,0
130,163639,0
131,163664,4
132,163684,0
133,163687,2
134,163699,2
135,163731,4
136,163732,1
137,163733,0
138,163734,4
139,163736,1
140,163759,1
141,163846,1
142,163862,4
143,163863,4
144,163864,4
145,163871,0
146,163872,1
147,163873,1
148,163874,1
149,163879,1
150,163880,1
151,163881,1
152,163882,1
153,163883,1
154,163884,1
155,163885,1
156,163886,1
157,163887,1
158,163888,1
159,163892,0
160,163894,1
161,163896,2
162,163903,4
163,163918,4
164,163947,1
165,163954,4
166,163957,1
167,163979,1
168,163989,1
169,163990,1
170,163991,1
171,163992,1
172,163993,1
173,163998,1
174,163999,1
175,164001,1
176,164012,2
177,164023,1
178,164030,1
179,164031,1
180,164038,0
181,164039,0
182,164040,0
183,164041,0
184,164042,2
185,164043,2
186,164044,2
187,164045,2
188,164046,2
189,164047,0
190,164081,4
191,164082,4
192,164083,4
193,164103,1
194,164137,4
195,164153,1
196,164201,1
197,164228,0
198,164232,1
199,164254,4
0,166674,0
1,166683,0
2,166685,0
3,166686,0
4,166696,4
5,166699,4
6,166709,2
7,166720,4
8,166731,4
9,166739,4
10,166753,4
11,166754,4
12,166757,4
13,166768,1
14,166826,1
15,166884,0
16,166885,0
17,166886,0
18,166923,4
19,166924,4
20,166928,5
21,166966,1
22,166973,4
23,166991,4
24,167017,5
25,167018,4
26,167067,0
27,167070,1
28,167106,4
29,167137,4
30,167145,5
31,167161,2
32,167169,4
33,167176,1
34,167212,1
35,167224,2
36,167225,2
37,167230,1
38,167236,2
39,167244,4
40,167278,2
41,167283,1
42,167289,1
43,167313,1
44,167364,0
45,167404,4
46,167405,4
47,167424,4
48,167434,4
49,167435,2
50,167438,4
51,167498,4
52,167505,2
53,167509,4
54,167512,4
55,167607,0
56,167634,2
57,167636,4
58,167638,4
59,167681,4
60,167736,2
61,167772,1
62,167773,0
63,167777,2
64,167778,4
65,167791,4
66,167831,4
67,167856,1
68,167857,1
69,167888,1
70,167920,0
71,167938,1
72,167977,1
73,167990,4
74,168002,1
75,168031,4
76,168071,0
77,168080,1
78,168163,1
79,168169,5
80,168177,0
81,168182,1
82,168190,0
83,168191,2
84,168192,0
85,168193,0
86,168194,0
87,168195,0
88,168196,0
89,168197,2
90,168213,1
91,168228,4
92,168229,0
93,168248,4
94,168252,0
95,168278,0
96,168286,0
97,168303,4
98,168304,4
99,168318,2
100,165510,4
101,165528,1
102,165548,4
103,165551,0
104,165556,1
105,165565,1
106,165576,1
107,165589,1
108,165591,1
109,165594,4
110,165595,0
111,165612,0
112,165636,1
113,165699,1
114,165761,2
115,165763,2
116,165766,0
117,165769,1
118,165788,4
119,165798,1
120,165839,4
121,165850,4
122,165920,1
123,165934,4
124,165938,1
125,165989,0
126,166023,1
127,166045,0
128,166047,0
129,166050,0
130,166090,2
131,166098,4
132,166113,1
133,166114,1
134,166122,1
135,166168,0
136,166173,1
137,166210,1
138,166215,0
139,166301,4
140,166305,0
141,166312,4
142,166339,1
143,166350,1
144,166366,4
145,166367,4
146,166395,1
147,166402,4
148,166419,2
149,166420,0
150,166421,0
151,166422,0
152,166447,4
153,166461,4
154,166467,0
155,166468,0
156,166469,0
157,166475,1
158,166476,0
159,166477,0
160,166478,1
161,166479,1
162,166480,2
163,166481,0
164,166482,0
165,166483,0
166,166484,0
167,166485,0
168,166486,0
169,166487,0
170,166488,0
171,166489,0
172,166490,0
173,166509,4
174,166539,1
175,166548,1
176,166559,1
177,166560,1
178,166565,2
179,166566,0
180,166567,0
181,166568,0
182,166569,0
183,166570,0
184,166571,0
185,166572,0
186,166573,0
187,166574,0
188,166575,0
189,166576,0
190,166588,1
191,166600,4
192,166601,4
193,166604,4
194,166605,1
195,166621,1
196,166626,1
197,166629,4
198,166645,1
199,166665,4
0,168323,4
1,168331,1
2,168351,1
3,168366,1
4,168378,0
5,168399,4
6,168401,4
7,168403,0
8,168411,1
9,168424,0
10,168429,0
11,168449,4
12,168455,4
13,168463,2
14,168494,4
15,168496,1
16,168505,1
17,168512,0
18,168513,0
19,168514,0
20,168515,0
21,168516,0
22,168546,0
23,168547,0
24,168548,0
25,168561,1
26,168574,1
27,168603,0
28,168608,4
29,168626,4
30,168627,1
31,168628,1
32,168629,1
33,168638,2
34,168639,4
35,168640,4
36,168641,4
37,168670,0
38,168671,2
39,168687,1
40,168779,4
41,168789,1
42,168845,4
43,168874,4
44,168875,1
45,168906,4
46,168907,4
47,168908,0
48,168910,0
49,168931,0
50,168936,0
51,168939,0
52,168972,0
53,169024,4
54,169025,0
55,169046,4
56,169154,1
57,169166,4
58,169167,0
59,169172,1
60,169181,0
61,169187,1
62,169197,0
63,169198,1
64,169210,4
65,169217,0
66,169268,1
67,169283,1
68,169288,2
69,169289,4
70,169290,4
71,169413,1
72,169427,1
73,169434,0
74,169438,1
75,169441,1
76,169442,2
77,169449,2
78,169450,0
79,169451,0
80,169452,0
81,169462,0
82,169466,0
83,169467,0
84,169472,0
85,169499,0
86,169554,1
87,169564,1
88,169570,4
89,169576,1
90,169599,0
91,169600,0
92,169601,0
93,169602,0
94,169616,1
95,169624,2
96,169625,2
97,169626,0
98,169627,0
99,169628,0
100,169629,0
101,169657,1
102,169669,4
103,169673,1
104,169679,4
105,169686,0
106,169729,2
107,169730,0
108,169746,1
109,169800,0
110,169801,0
111,169802,0
112,169825,0
113,169826,0
114,169827,0
115,169851,1
116,169907,1
117,169909,1
118,169926,4
119,169931,1
120,169934,1
121,169935,1
122,169936,1
123,169937,1
124,169938,1
125,169939,1
126,169940,1
127,169947,1
128,170027,4
129,170028,4
130,170042,0
131,170043,0
132,170044,0
133,170045,0
134,170046,0
135,170077,1
136,170078,1
137,170079,1
138,170082,0
139,170083,0
140,170084,0
141,170123,4
142,170140,1
143,170151,4
144,170203,0
145,170238,1
146,170261,1
147,170266,4
148,170297,4
149,170298,4
150,170317,0
151,170421,4
152,170458,0
153,170460,0
154,170461,1
155,170462,1
156,170463,1
157,170464,1
158,170465,1
159,170466,0
160,170467,0
161,170469,0
162,170484,4
163,170491,1
164,170494,1
165,170495,1
166,170506,4
167,170518,0
168,170521,1
169,170528,0
170,170529,0
171,170530,0
172,170531,0
173,170532,0
174,170533,0
175,170534,0
176,170535,0
177,170536,0
178,170537,0
179,170538,0
180,170539,0
181,170545,4
182,170547,0
183,170555,1
184,170581,4
185,170593,1
186,170606,4
187,170610,2
188,170666,1
189,170733,1
190,170737,0
191,170738,0
192,170739,0
193,170740,0
194,170741,0
195,170742,0
196,170743,0
197,170766,0
198,170776,0
199,170840,4
0,170844,4
1,170857,4
2,170871,1
3,170891,1
4,170960,0
5,170981,4
6,171019,2
7,171021,4
8,171030,0
9,171075,1
10,171084,4
11,171142,1
12,171147,0
13,171148,2
14,171149,2
15,171150,2
16,171151,2
17,171152,2
18,171153,2
19,171154,2
20,171195,0
21,171197,0
22,171204,4
23,171208,1
24,171216,0
25,171249,4
26,171255,4
27,171261,4
28,171264,1
29,171268,1
30,171273,4
31,171284,4
32,171300,4
33,171325,4
34,171326,4
35,171348,4
36,171366,1
37,171396,4
38,171403,4
39,171418,1
40,171431,4
41,171459,4
42,171491,0
43,171492,2
44,171493,2
45,171494,2
46,171495,2
47,171496,2
48,171523,1
49,171525,5
50,171543,1
51,171561,4
52,171568,1
53,171618,1
54,171636,0
55,171637,0
56,171641,4
57,171670,4
58,171674,4
59,171675,4
60,171697,0
61,171702,1
62,171727,0
63,171776,1
64,171812,1
65,171815,1
66,171821,0
67,171822,0
68,171823,0
69,171832,2
70,171841,4
71,171845,2
72,171850,4
73,171865,1
74,171869,4
75,171870,4
76,171894,1
77,171930,4
78,171939,1
79,171993,1
80,172007,1
81,172019,1
82,172020,1
83,172021,1
84,172053,4
85,172054,4
86,172071,1
87,172078,4
88,172084,2
89,172109,1
90,172110,1
91,172111,1
92,172112,2
93,172131,1
94,172138,0
95,172142,1
96,172154,1
97,172155,1
98,172156,1
99,172157,1
100,172173,1
101,172177,1
102,172179,1
103,172180,1
104,172187,2
105,172209,4
106,172210,4
107,172244,1
108,172246,1
109,172256,1
110,172283,2
111,172352,4
112,172354,4
113,172356,4
114,172379,4
115,172404,4
116,172411,4
117,172414,0
118,172415,0
119,172416,4
120,172450,1
121,172467,2
122,172470,4
123,172524,2
124,172539,4
125,172545,0
126,172546,0
127,172547,0
128,172561,4
129,172569,4
130,172573,4
131,172580,4
132,172619,0
133,172625,1
134,172627,1
135,172638,4
136,172648,4
137,172662,4
138,172663,4
139,172672,4
140,172684,4
141,172699,4
142,172701,2
143,172739,4
144,172744,1
145,172745,1
146,172747,1
147,172748,1
148,172749,1
149,172750,1
150,172751,1
151,172752,1
152,172753,2
153,172754,2
154,172755,2
155,172765,4
156,172766,4
157,172793,4
158,172808,4
159,172814,4
160,172851,2
161,172890,1
162,172897,4
163,172908,1
164,172913,1
165,172920,1
166,172960,4
167,172968,4
168,172971,4
169,173014,1
170,173041,1
171,173042,1
172,173043,1
173,173101,4
174,173145,4
175,173204,4
176,173215,1
177,173224,0
178,173225,0
179,173226,0
180,173227,0
181,173228,0
182,173229,0
183,173243,0
184,173244,0
185,173245,0
186,173246,1
187,173247,1
188,173248,1
189,173249,1
190,173250,1
191,173251,1
192,173252,1
193,173253,0
194,173256,2
195,173269,1
196,173276,1
197,173322,4
198,173426,4
199,173452,4
0,174898,0
1,174899,0
2,174900,0
3,174901,1
4,174902,2
5,174910,1
6,174926,2
7,174934,4
8,174984,4
9,175003,4
10,175004,1
11,175026,1
12,175041,4
13,175044,4
14,175048,1
15,175058,4
16,175069,2
17,175070,2
18,175092,1
19,175127,0
20,175128,0
21,175144,0
22,175145,0
23,175146,0
24,175147,0
25,175148,0
26,175149,1
27,175150,1
28,175151,1
29,175208,4
30,175214,1
31,175220,0
32,175221,1
33,175222,0
34,175223,0
35,175249,4
36,175277,4
37,175284,4
38,175285,0
39,175286,0
40,175287,0
41,175288,0
42,175289,0
43,175290,0
44,175291,0
45,175292,0
46,175293,0
47,175302,1
48,175316,2
49,175326,1
50,175394,2
51,175403,4
52,175411,4
53,175412,4
54,175413,4
55,175452,1
56,175454,4
57,175490,1
58,175497,1
59,175508,2
60,175509,0
61,175512,1
62,175526,1
63,175529,1
64,175545,1
65,175590,4
66,175593,1
67,175595,4
68,175600,4
69,175610,4
70,175644,1
71,175650,4
72,175672,4
73,175673,1
74,175812,0
75,175816,1
76,175817,2
77,175864,1
78,175939,1
79,175945,0
80,175973,0
81,175974,0
82,175975,0
83,175976,0
84,176010,1
85,176024,2
86,176039,1
87,176078,1
88,176092,4
89,176096,1
90,176102,1
91,176103,2
92,176104,1
93,176105,1
94,176106,2
95,176107,2
96,176112,2
97,176121,1
98,176129,1
99,176134,4
100,173467,0
101,173468,0
102,173469,0
103,173470,0
104,173492,0
105,173524,4
106,173548,1
107,173607,1
108,173608,1
109,173609,1
110,173610,1
111,173614,0
112,173615,0
113,173622,0
114,173646,1
115,173656,4
116,173659,1
117,173669,1
118,173673,1
119,173680,1
120,173688,4
121,173690,4
122,173700,2
123,173705,1
124,173707,1
125,173727,1
126,173751,2
127,173765,1
128,173771,1
129,173773,1
130,173786,1
131,173842,0
132,173843,0
133,173844,0
134,173845,0
135,173846,0
136,173848,4
137,173868,1
138,173874,1
139,173875,0
140,173879,2
141,173881,4
142,173883,4
143,173886,4
144,173913,1
145,173949,4
146,174008,4
147,174020,4
148,174043,1
149,174073,1
150,174096,1
151,174127,0
152,174128,0
153,174129,0
154,174130,0
155,174131,0
156,174132,1
157,174133,1
158,174134,2
159,174135,2
160,174210,1
161,174211,1
162,174247,4
163,174269,1
164,174320,4
165,174336,4
166,174339,4
167,174373,4
168,174384,4
169,174390,1
170,174394,1
171,174400,4
172,174401,4
173,174408,0
174,174508,4
175,174588,0
176,174590,0
177,174593,0
178,174624,4
179,174672,1
180,174675,1
181,174698,4
182,174705,5
183,174712,4
184,174716,1
185,174720,0
186,174723,4
187,174738,4
188,174739,1
189,174792,0
190,174807,0
191,174819,1
192,174854,2
193,174891,0
194,174892,0
195,174893,0
196,174894,0
197,174895,0
198,174896,0
199,174897,0
0,176149,4
1,176186,4
2,176226,1
3,176255,4
4,176298,1
5,176309,4
6,176318,1
7,176340,1
8,176341,1
9,176342,1
10,176398,4
11,176424,4
12,176463,1
13,176530,1
14,176531,1
15,176532,1
16,176543,1
17,176556,4
18,176571,1
19,176578,0
20,176582,1
21,176618,1
22,176635,4
23,176665,4
24,176692,4
25,176696,0
26,176704,4
27,176706,0
28,176788,4
29,176790,0
30,176831,5
31,176832,5
32,176837,1
33,176840,4
34,176865,1
35,176866,1
36,176867,1
37,176868,1
38,176869,1
39,176870,2
40,176871,2
41,176872,0
42,176914,1
43,176916,1
44,176932,4
45,176933,0
46,176934,0
47,176935,1
48,176957,1
49,176990,4
50,176991,0
51,177008,1
52,177011,4
53,177020,4
54,177026,1
55,177035,4
56,177055,4
57,177065,1
58,177082,4
59,177098,5
60,177120,0
61,177134,1
62,177159,0
63,177160,1
64,177171,0
65,177206,5
66,177217,4
67,177218,4
68,177219,4
69,177222,1
70,177246,1
71,177250,0
72,177251,0
73,177267,0
74,177283,4
75,177330,4
76,177331,4
77,177365,1
78,177374,0
79,177382,0
80,177390,1
81,177417,4
82,177497,4
83,177506,4
84,177537,0
85,177551,0
86,177583,4
87,177616,4
88,177621,4
89,177630,4
90,177654,1
91,177683,1
92,177714,0
93,177815,1
94,177819,4
95,177832,0
96,177856,0
97,177874,4
98,177886,1
99,177892,4
100,177893,4
101,177962,1
102,178007,1
103,178056,1
104,178063,1
105,178116,1
106,178155,4
107,178171,4
108,178180,0
109,178181,0
110,178182,0
111,178183,0
112,178184,0
113,178230,0
114,178231,0
115,178281,4
116,178289,1
117,178290,1
118,178291,1
119,178292,1
120,178359,1
121,178390,1
122,178407,1
123,178409,1
124,178445,1
125,178573,0
126,178620,4
127,178661,1
128,178668,0
129,178669,0
130,178670,0
131,178771,1
132,178773,0
133,178777,1
134,178779,0
135,178795,1
136,178806,4
137,178817,4
138,178837,4
139,178848,4
140,178863,1
141,178890,1
142,178898,4
143,178903,1
144,178907,0
145,178908,0
146,178909,0
147,178910,0
148,178917,1
149,178920,1
150,178931,0
151,178932,0
152,178968,1
153,179037,4
154,179073,1
155,179120,1
156,179137,1
157,179153,4
158,179179,4
159,179181,4
160,179190,4
161,179193,1
162,179234,4
163,179247,1
164,179250,1
165,179251,1
166,179257,4
167,179275,2
168,179302,1
169,179334,1
170,179349,4
171,179361,1
172,179366,2
173,179382,4
174,179386,4
175,179427,1
176,179446,4
177,179471,1
178,179498,1
179,179500,1
180,179518,1
181,179523,2
182,179552,1
183,179553,1
184,179595,0
185,179596,0
186,179643,5
187,179644,1
188,179675,4
189,179677,4
190,179681,1
191,179706,2
192,179718,4
193,179719,4
194,179723,4
195,179783,4
196,179829,1
197,179838,2
198,179839,4
199,179840,4
0,179841,4
1,179883,4
2,179930,4
3,179935,1
4,179966,1
5,179983,2
6,179989,4
7,180001,4
8,180016,1
9,180029,2
10,180046,0
11,180047,0
12,180048,0
13,180049,0
14,180050,0
15,180051,0
16,180052,0
17,180064,1
18,180113,1
19,180117,0
20,180118,0
21,180144,1
22,180155,4
23,180187,4
24,180209,4
25,180221,0
26,180241,1
27,180264,0
28,180265,0
29,180299,0
30,180322,1
31,180346,1
32,180347,4
33,180361,1
34,180372,1
35,180396,4
36,180417,0
37,180418,0
38,180419,0
39,180420,1
40,180421,1
41,180596,1
42,180649,4
43,180671,1
44,180703,1
45,180710,1
46,180777,1
47,180782,4
48,180799,4
49,180819,1
50,180840,0
51,180869,0
52,180884,0
53,180896,0
54,180901,4
55,180914,4
56,180925,0
57,180931,4
58,180942,4
59,180951,0
60,180961,1
61,180968,1
62,180975,0
63,180993,1
64,180996,1
65,181001,1
66,181002,1
67,181011,1
68,181062,1
69,181063,1
70,181074,1
71,181079,4
72,181103,4
73,181105,0
74,181134,1
75,181142,2
76,181150,4
77,181151,4
78,181223,1
79,181228,1
80,181229,1
81,181281,4
82,181286,2
83,181299,1
84,181330,0
85,181331,0
86,181332,0
87,181333,2
88,181372,1
89,181427,1
90,181438,1
91,181446,1
92,181450,0
93,181479,1
94,181548,1
95,181557,2
96,181560,0
97,181561,0
98,181590,2
99,181632,0
100,181633,0
101,181635,1
102,181636,0
103,181637,1
104,181638,1
105,181639,1
106,181709,4
107,181722,1
108,181739,4
109,181762,4
110,181771,4
111,181795,1
112,181796,1
113,181797,1
114,181835,1
115,181899,1
116,181907,1
117,181934,1
118,181947,1
119,181985,0
120,182018,0
121,182020,1
122,182078,1
123,182181,1
124,182208,4
125,182235,4
126,182263,4
127,182273,1
128,182289,1
129,182305,0
130,182313,1
131,182314,1
132,182320,0
133,182354,1
134,182356,1
135,182357,5
136,182362,4
137,182373,4
138,182384,5
139,182387,1
140,182392,1
141,182421,1
142,182434,1
143,182474,0
144,182540,1
145,182542,0
146,182548,4
147,182582,4
148,182584,1
149,182603,1
150,182665,1
151,182683,0
152,182686,5
153,182698,2
154,182719,5
155,182724,1
156,182743,1
157,182755,1
158,182808,4
159,182876,4
160,182879,1
161,182900,0
162,182901,1
163,182915,4
164,182951,4
165,182952,4
166,182966,4
167,182982,5
168,182986,1
169,183008,4
170,183022,1
171,183028,4
172,183047,4
173,183061,0
174,183067,4
175,183075,0
176,183084,0
177,183085,0
178,183086,0
179,183194,1
180,183200,4
181,183207,0
182,183208,0
183,183209,0
184,183229,0
185,183341,1
186,183342,1
187,183409,5
188,183433,1
189,183464,1
190,183496,0
191,183509,1
192,183630,0
193,183636,0
194,183647,1
195,183662,1
196,183734,0
197,183758,1
198,183760,1
199,183796,1
0,185486,1
1,185498,1
2,185567,0
3,185575,4
4,185585,4
5,185600,4
6,185627,2
7,185646,5
8,185664,1
9,185675,1
10,185678,2
11,185680,0
12,185695,1
13,185699,2
14,185701,5
15,185733,4
16,183815,1
17,183852,4
18,183856,1
19,183868,4
20,183872,4
21,183892,4
22,183894,1
23,183899,5
24,183902,4
25,183909,4
26,183933,0
27,183934,0
28,183938,1
29,183949,2
30,183967,1
31,183994,4
32,184004,4
33,184018,5
34,184026,0
35,184048,4
36,184049,4
37,184104,1
38,184112,5
39,184113,5
40,184121,1
41,184122,1
42,184130,0
43,184140,4
44,184144,4
45,184183,1
46,184194,4
47,184208,1
48,184210,4
49,184216,2
50,184247,1
51,184248,1
52,184249,1
53,184254,4
54,184278,1
55,184300,2
56,184323,4
57,184330,2
58,184333,2
59,184342,0
60,184361,4
61,184377,1
62,184388,0
63,184424,1
64,184458,0
65,184490,1
66,184511,1
67,184531,4
68,184535,2
69,184555,0
70,184572,0
71,184573,0
72,184605,0
73,184617,4
74,184618,5
75,184619,4
76,184622,4
77,184631,4
78,184641,0
79,184653,4
80,184657,1
81,184676,1
82,184690,4
83,184709,1
84,184718,4
85,184777,1
86,184794,4
87,184809,1
88,184819,4
89,184823,1
90,184835,1
91,184847,1
92,184848,0
93,184861,0
94,184862,0
95,184873,1
96,184890,4
97,184939,2
98,184957,2
99,185098,1
100,185117,1
101,185138,1
102,185185,2
103,185193,4
104,185197,2
105,185211,4
106,185215,4
107,185217,1
108,185273,1
109,185278,1
110,185301,2
111,185311,1
112,185391,4
113,185399,1
114,185413,1
115,185462,1
